v -3.0 1.8 0.0
v -2.9916 1.8 -0.081
v -2.9916 1.8 0.081
v -2.98945 1.666162 0.0
v -2.985 1.92195 0.0
v -2.985 1.92195 0.0
v -2.981175 1.667844 -0.081
v -2.981175 1.667844 0.081
v -2.976687 1.920243 -0.081
v -2.976687 1.920243 0.081
v -2.9688 1.8 -0.144
v -2.9688 1.8 0.144
v -2.958713 1.672406 -0.144
v -2.958713 1.672406 0.144
v -2.9576 1.5348 0.0
v -2.9576 1.5348 0.0
v -2.954122 1.915609 -0.144
v -2.954122 1.915609 0.144
v -2.949693 1.53779 -0.081
v -2.949693 1.53779 0.081
v -2.94 2.0196 0.0
v -2.9352 1.8 -0.189
v -2.9352 1.8 0.189
v -2.931958 2.016526 0.081
v -2.931958 2.016526 -0.081
v -2.92823 1.545907 -0.144
v -2.92823 1.545907 0.144
v -2.925611 1.679131 -0.189
v -2.925611 1.679131 0.189
v -2.92087 1.908779 -0.189
v -2.92087 1.908779 0.189
v -2.910131 2.008181 -0.144
v -2.910131 2.008181 0.144
v -2.90415 1.406137 0.0
v -2.90415 1.406137 0.0
v -2.896846 1.410135 0.081
v -2.896846 1.410135 -0.081
v -2.896602 1.557869 -0.189
v -2.896602 1.557869 0.189
v -2.8944 1.8 -0.216
v -2.8944 1.8 0.216
v -2.885416 1.687296 -0.216
v -2.885416 1.687296 0.216
v -2.880491 1.900487 -0.216
v -2.880491 1.900487 0.216
v -2.877965 1.995883 -0.189
v -2.877965 1.995883 0.189
v -2.877022 1.420985 -0.144
v -2.877022 1.420985 0.144
v -2.865 2.09565 0.0
v -2.858195 1.572394 0.216
v -2.858195 1.572394 -0.216
v -2.857432 2.091511 -0.081
v -2.857432 2.091511 0.081
v -2.85 1.8 -0.225
v -2.85 1.8 0.225
v -2.847806 1.436974 0.189
v -2.847806 1.436974 -0.189
v -2.841675 1.696181 0.225
v -2.841675 1.696181 -0.225
v -2.838906 1.98095 -0.216
v -2.838906 1.98095 0.216
v -2.836889 2.080276 -0.144
v -2.836889 2.080276 0.144
v -2.83655 1.891463 -0.225
v -2.83655 1.891463 0.225
v -2.8288 1.2804 0.0
v -2.822326 1.285171 -0.081
v -2.822326 1.285171 0.081
v -2.8164 1.5882 -0.225
v -2.8164 1.5882 0.225
v -2.812331 1.45639 0.216
v -2.812331 1.45639 -0.216
v -2.806615 2.06372 -0.189
v -2.806615 2.06372 0.189
v -2.8056 1.8 -0.216
v -2.8056 1.8 0.216
v -2.804755 1.298122 -0.144
v -2.804755 1.298122 0.144
v -2.797934 1.705067 -0.216
v -2.797934 1.705067 0.216
v -2.7964 1.9647 0.225
v -2.7964 1.9647 -0.225
v -2.792609 1.882438 -0.216
v -2.792609 1.882438 0.216
v -2.778861 1.317206 -0.189
v -2.778861 1.317206 0.189
v -2.774605 1.604006 0.216
v -2.774605 1.604006 -0.216
v -2.773725 1.477519 0.225
v -2.773725 1.477519 -0.225
v -2.769854 2.043616 -0.216
v -2.769854 2.043616 0.216
v -2.7648 1.8 -0.189
v -2.7648 1.8 0.189
v -2.76 2.1528 0.0
v -2.76 2.1528 0.0
v -2.757739 1.713232 -0.189
v -2.757739 1.713232 0.189
v -2.753894 1.94845 -0.216
v -2.753894 1.94845 0.216
v -2.753123 2.147861 -0.081
v -2.753123 2.147861 0.081
v -2.75223 1.874146 -0.189
v -2.75223 1.874146 0.189
v -2.747418 1.340381 -0.216
v -2.747418 1.340381 0.216
v -2.736198 1.618531 -0.189
v -2.736198 1.618531 0.189
v -2.735119 1.498648 0.216
v -2.735119 1.498648 -0.216
v -2.734458 2.134454 -0.144
v -2.734458 2.134454 0.144
v -2.73125 1.157813 0.0
v -2.73125 1.157813 0.0
v -2.7312 1.8 -0.144
v -2.7312 1.8 0.144
v -2.72985 2.021737 -0.225
v -2.72985 2.021737 0.225
v -2.725825 1.163194 0.081
v -2.725825 1.163194 -0.081
v -2.724637 1.719956 -0.144
v -2.724637 1.719956 0.144
v -2.718978 1.867316 -0.144
v -2.718978 1.867316 0.144
v -2.714835 1.933517 -0.189
v -2.714835 1.933517 0.189
v -2.7132 1.3656 -0.225
v -2.7132 1.3656 0.225
v -2.7111 1.1778 -0.144
v -2.7111 1.1778 0.144
v -2.7084 1.8 -0.081
v -2.7084 1.8 0.081
v -2.70695 2.114698 -0.189
v -2.70695 2.114698 0.189
v -2.70457 1.630493 -0.144
v -2.70457 1.630493 0.144
v -2.702175 1.724519 -0.081
v -2.702175 1.724519 0.081
v -2.7 1.8 0.0
v -2.699644 1.518063 0.189
v -2.699644 1.518063 -0.189
v -2.696413 1.862682 -0.081
v -2.696413 1.862682 0.081
v -2.6939 1.7262 0.0
v -2.689846 1.999859 -0.216
v -2.689846 1.999859 0.216
v -2.6894 1.199325 -0.189
v -2.6894 1.199325 0.189
v -2.6881 1.860975 0.0
v -2.6881 1.860975 0.0
v -2.683107 1.63861 -0.081
v -2.683107 1.63861 0.081
v -2.682669 1.921219 -0.144
v -2.682669 1.921219 0.144
v -2.678982 1.390819 -0.216
v -2.678982 1.390819 0.216
v -2.6752 1.6416 0.0
v -2.6752 1.6416 0.0
v -2.673549 2.090707 -0.216
v -2.673549 2.090707 0.216
v -2.670428 1.534053 -0.144
v -2.670428 1.534053 0.144
v -2.66305 1.225463 -0.216
v -2.66305 1.225463 0.216
v -2.660842 1.912874 0.081
v -2.660842 1.912874 -0.081
v -2.653085 1.979755 -0.189
v -2.653085 1.979755 0.189
v -2.6528 1.9098 0.0
v -2.6528 1.9098 0.0
v -2.650604 1.544903 0.081
v -2.650604 1.544903 -0.081
v -2.647539 1.413994 -0.189
v -2.647539 1.413994 0.189
v -2.6433 1.5489 0.0
v -2.6372 2.0646 -0.225
v -2.6372 2.0646 0.225
v -2.634375 1.253906 0.225
v -2.634375 1.253906 -0.225
v -2.625 2.19375 0.0
v -2.622811 1.963199 -0.144
v -2.622811 1.963199 0.144
v -2.621645 1.433078 -0.144
v -2.621645 1.433078 0.144
v -2.61905 2.188238 -0.081
v -2.61905 2.188238 0.081
v -2.6112 1.0386 0.0
v -2.6112 1.0386 0.0
v -2.607034 1.044497 0.081
v -2.607034 1.044497 -0.081
v -2.6057 1.28235 -0.216
v -2.6057 1.28235 0.216
v -2.604074 1.446029 -0.081
v -2.604074 1.446029 0.081
v -2.6029 2.173275 -0.144
v -2.6029 2.173275 0.144
v -2.602268 1.951964 -0.081
v -2.602268 1.951964 0.081
v -2.600851 2.038493 -0.216
v -2.600851 2.038493 0.216
v -2.5976 1.4508 0.0
v -2.595725 1.060502 -0.144
v -2.595725 1.060502 0.144
v -2.5947 1.947825 0.0
v -2.57935 1.308488 -0.189
v -2.57935 1.308488 0.189
v -2.5791 2.151225 -0.189
v -2.5791 2.151225 0.189
v -2.579059 1.08409 -0.189
v -2.579059 1.08409 0.189
v -2.56745 2.014502 -0.189
v -2.56745 2.014502 0.189
v -2.558822 1.112731 0.216
v -2.558822 1.112731 -0.216
v -2.55765 1.330013 -0.144
v -2.55765 1.330013 0.144
v -2.5502 2.12445 -0.216
v -2.5502 2.12445 0.216
v -2.542925 1.344619 0.081
v -2.542925 1.344619 -0.081
v -2.539942 1.994746 -0.144
v -2.539942 1.994746 0.144
v -2.5375 1.35 0.0
v -2.5375 1.35 0.0
v -2.5368 1.1439 0.225
v -2.5368 1.1439 -0.225
v -2.521277 1.981339 -0.081
v -2.521277 1.981339 0.081
v -2.51875 2.095312 -0.225
v -2.51875 2.095312 0.225
v -2.514778 1.175069 0.216
v -2.514778 1.175069 -0.216
v -2.5144 1.9764 0.0
v -2.5144 1.9764 0.0
v -2.494541 1.20371 -0.189
v -2.494541 1.20371 0.189
v -2.4873 2.066175 -0.216
v -2.4873 2.066175 0.216
v -2.477875 1.227298 -0.144
v -2.477875 1.227298 0.144
v -2.46835 0.922987 0.0
v -2.466566 1.243303 0.081
v -2.466566 1.243303 -0.081
v -2.465644 0.929375 -0.081
v -2.465644 0.929375 0.081
v -2.4624 1.2492 0.0
v -2.4624 1.2492 0.0
v -2.46 2.2212 0.0
v -2.46 2.2212 0.0
v -2.4584 2.0394 -0.189
v -2.4584 2.0394 0.189
v -2.458298 0.946711 -0.144
v -2.458298 0.946711 0.144
v -2.455229 2.215303 -0.081
v -2.455229 2.215303 0.081
v -2.447474 0.97226 0.189
v -2.447474 0.97226 -0.189
v -2.442278 2.199298 -0.144
v -2.442278 2.199298 0.144
v -2.4346 2.01735 -0.144
v -2.4346 2.01735 0.144
v -2.434329 1.003283 -0.216
v -2.434329 1.003283 0.216
v -2.423194 2.17571 -0.189
v -2.423194 2.17571 0.189
v -2.420025 1.037044 -0.225
v -2.420025 1.037044 0.225
v -2.41845 2.002387 -0.081
v -2.41845 2.002388 0.081
v -2.4125 1.996875 0.0
v -2.4125 1.996875 0.0
v -2.405721 1.070804 -0.216
v -2.405721 1.070804 0.216
v -2.400019 2.147069 -0.216
v -2.400019 2.147069 0.216
v -2.392576 1.101828 -0.189
v -2.392576 1.101828 0.189
v -2.381752 1.127376 -0.144
v -2.381752 1.127376 0.144
v -2.3748 2.1159 -0.225
v -2.3748 2.1159 0.225
v -2.374406 1.144713 0.081
v -2.374406 1.144713 -0.081
v -2.3717 1.1511 0.0
v -2.349581 2.084731 -0.216
v -2.349581 2.084731 0.216
v -2.326406 2.05609 -0.189
v -2.326406 2.05609 0.189
v -2.307322 2.032502 -0.144
v -2.307322 2.032502 0.144
v -2.3024 0.8112 0.0
v -2.3024 0.8112 0.0
v -2.301347 0.818122 0.081
v -2.301347 0.818122 -0.081
v -2.29849 0.836909 0.144
v -2.29849 0.836909 -0.144
v -2.294371 2.016497 -0.081
v -2.294371 2.016497 0.081
v -2.294278 0.864595 0.189
v -2.294278 0.864595 -0.189
v -2.2896 2.0106 0.0
v -2.2896 2.0106 0.0
v -2.289165 0.898214 0.216
v -2.289165 0.898214 -0.216
v -2.2836 0.9348 0.225
v -2.2836 0.9348 -0.225
v -2.278035 0.971386 0.216
v -2.278035 0.971386 -0.216
v -2.272922 1.005005 0.189
v -2.272922 1.005005 -0.189
v -2.26871 1.032691 -0.144
v -2.26871 1.032691 0.144
v -2.265853 1.051478 0.081
v -2.265853 1.051478 -0.081
v -2.265 2.23785 0.0
v -2.2648 1.0584 0.0
v -2.2648 1.0584 0.0
v -2.261676 2.23172 -0.081
v -2.261676 2.23172 0.081
v -2.252655 2.215082 -0.144
v -2.252655 2.215082 0.144
v -2.239361 2.190562 -0.189
v -2.239361 2.190562 0.189
v -2.223218 2.160788 -0.216
v -2.223218 2.160788 0.216
v -2.20565 2.128387 0.225
v -2.20565 2.128388 -0.225
v -2.188082 2.095987 -0.216
v -2.188082 2.095987 0.216
v -2.171939 2.066213 -0.189
v -2.171939 2.066213 0.189
v -2.158645 2.041693 -0.144
v -2.158645 2.041693 0.144
v -2.149624 2.025055 -0.081
v -2.149624 2.025055 0.081
v -2.1463 2.018925 0.0
v -2.1411 0.9738 0.0
v -2.1411 0.9738 0.0
v -2.140315 0.966231 0.081
v -2.140315 0.966231 -0.081
v -2.138183 0.945685 0.144
v -2.138183 0.945685 -0.144
v -2.135041 0.915407 0.189
v -2.135041 0.915407 -0.189
v -2.131226 0.878641 0.216
v -2.131226 0.878641 -0.216
v -2.127075 0.838631 0.225
v -2.127075 0.838631 -0.225
v -2.122924 0.798621 0.216
v -2.122924 0.798621 -0.216
v -2.119109 0.761855 0.189
v -2.119109 0.761855 -0.189
v -2.115967 0.731578 0.144
v -2.115967 0.731578 -0.144
v -2.113835 0.711032 0.081
v -2.113835 0.711032 -0.081
v -2.11305 0.703463 0.0
v -2.11305 0.703463 0.0
v -2.04 2.2464 0.0
v -2.04 2.2464 0.0
v -2.03841 2.24015 -0.081
v -2.03841 2.24015 0.081
v -2.034093 2.223187 -0.144
v -2.034093 2.223187 0.144
v -2.027731 2.198189 -0.189
v -2.027731 2.198189 0.189
v -2.020006 2.167834 0.216
v -2.020006 2.167834 -0.216
v -2.0116 2.1348 0.225
v -2.0116 2.1348 -0.225
v -2.003194 2.101766 0.216
v -2.003194 2.101766 -0.216
v -2.0 0.9 0.0
v -2.0 0.9 0.0
v -2.0 0.9 0.0
v -1.9972 0.8916 0.081
v -1.9972 0.8916 -0.081
v -1.995469 2.071411 -0.189
v -1.995469 2.071411 0.189
v -1.99275 1.037175 -0.0
v -1.99275 1.037175 0.0
v -1.9896 0.8688 0.144
v -1.9896 0.8688 -0.144
v -1.989107 2.046413 0.144
v -1.989107 2.046413 -0.144
v -1.986 0.771675 0.0
v -1.986 0.771675 0.0
v -1.98479 2.02945 -0.081
v -1.98479 2.02945 0.081
v -1.9832 2.0232 0.0
v -1.9832 2.0232 0.0
v -1.9784 0.8352 0.189
v -1.9784 0.8352 -0.189
v -1.97424 0.9 -0.32816
v -1.97424 0.9 -0.32816
v -1.97424 0.9 0.32816
v -1.972 1.1784 -0.0
v -1.972 1.1784 0.0
v -1.967083 1.037175 -0.32697
v -1.967083 1.037175 0.32697
v -1.9648 0.7944 0.216
v -1.9648 0.7944 -0.216
v -1.96042 0.771675 -0.325863
v -1.96042 0.771675 0.325863
v -1.95 0.75 -0.225
v -1.95 0.75 0.225
v -1.948 0.6564 0.0
v -1.948 0.6564 0.0
v -1.946601 1.1784 -0.323566
v -1.946601 1.1784 0.323566
v -1.93925 1.323225 0.0
v -1.93925 1.323225 0.0
v -1.9352 0.7056 0.216
v -1.9352 0.7056 -0.216
v -1.92291 0.6564 -0.319628
v -1.92291 0.6564 0.319628
v -1.9216 0.6648 0.189
v -1.9216 0.6648 -0.189
v -1.914272 1.323225 -0.318192
v -1.914272 1.323225 0.318192
v -1.9104 0.6312 0.144
v -1.9104 0.6312 -0.144
v -1.9028 0.6084 0.081
v -1.9028 0.6084 -0.081
v -1.9 0.6 0.0
v -1.9 0.6 0.0
v -1.89952 0.9 -0.63808
v -1.89952 0.9 -0.63808
v -1.89952 0.9 0.63808
v -1.89952 0.9 0.63808
v -1.896 1.4712 0.0
v -1.896 1.4712 0.0
v -1.892634 1.037175 -0.635767
v -1.892634 1.037175 0.635767
v -1.892 0.553725 0.0
v -1.892 0.553725 0.0
v -1.886223 0.771675 -0.633613
v -1.886223 0.771675 0.633613
v -1.872927 1.1784 -0.629147
v -1.872927 1.1784 0.629147
v -1.87158 1.4712 -0.311096
v -1.87158 1.4712 0.311096
v -1.867631 0.553725 -0.310439
v -1.867631 0.553725 0.310439
v -1.850132 0.6564 -0.62149
v -1.850132 0.6564 0.62149
v -1.84375 1.621875 0.0
v -1.84375 1.621875 0.0
v -1.841822 1.323225 -0.618698
v -1.841822 1.323225 0.618698
v -1.824 0.4632 -0.0
v -1.824 0.4632 0.0
v -1.820003 1.621875 -0.302522
v -1.820003 1.621875 0.302523
v -1.8009 2.024775 0.0
v -1.800745 1.4712 -0.6049
v -1.800745 1.4712 0.6049
v -1.800507 0.4632 -0.299282
v -1.800507 0.4632 0.299282
v -1.800455 2.031069 -0.081
v -1.800455 2.031069 0.081
v -1.799246 2.048152 -0.144
v -1.799246 2.048152 0.144
v -1.797466 2.073326 -0.189
v -1.797466 2.073326 0.189
v -1.796946 0.553725 -0.603624
v -1.796946 0.553725 0.603624
v -1.795303 2.103896 -0.216
v -1.795303 2.103896 0.216
v -1.79295 2.137163 -0.225
v -1.79295 2.137163 0.225
v -1.790597 2.170429 -0.216
v -1.790597 2.170429 0.216
v -1.788434 2.200999 -0.189
v -1.788434 2.200999 0.189
v -1.786654 2.226173 -0.144
v -1.786654 2.226173 0.144
v -1.785445 2.243256 -0.081
v -1.785445 2.243256 0.081
v -1.785 2.24955 0.0
v -1.784 1.7748 -0.0
v -1.784 1.7748 0.0
v -1.77968 0.9 -0.92592
v -1.77968 0.9 -0.92592
v -1.77968 0.9 0.92592
v -1.77968 0.9 0.92592
v -1.773229 1.037175 -0.922564
v -1.773229 1.037175 0.922564
v -1.767222 0.771675 -0.919439
v -1.767222 0.771675 0.919439
v -1.761022 1.7748 -0.292719
v -1.761022 1.7748 0.292719
v -1.754764 1.1784 -0.912957
v -1.754764 1.1784 0.912957
v -1.75112 1.621875 -0.58823
v -1.75112 1.621875 0.58823
v -1.75 0.384375 -0.0
v -1.75 0.384375 0.0
v -1.733408 0.6564 -0.901846
v -1.733408 0.6564 0.901846
v -1.732362 0.4632 -0.581929
v -1.732362 0.4632 0.581929
v -1.72746 0.384375 -0.28714
v -1.72746 0.384375 0.28714
v -1.725622 1.323225 -0.897795
v -1.725622 1.323225 0.897795
v -1.71825 1.929525 -0.0
v -1.71825 1.929525 0.0
v -1.696119 1.929525 -0.28193
v -1.696119 1.929525 0.28193
v -1.694372 1.7748 -0.569167
v -1.694372 1.7748 0.569167
v -1.687137 1.4712 -0.877772
v -1.687137 1.4712 0.877772
v -1.683577 0.553725 -0.87592
v -1.683577 0.553725 0.87592
v -1.676 0.3168 0.0
v -1.676 0.3168 0.0
v -1.66208 0.384375 -0.55832
v -1.66208 0.384375 0.55832
v -1.654413 0.3168 -0.274998
v -1.654413 0.3168 0.274998
v -1.648 2.0856 0.0
v -1.648 2.0856 0.0
v -1.640643 1.621875 -0.853583
v -1.640643 1.621875 0.853583
v -1.631925 1.929525 -0.54819
v -1.631925 1.929525 0.54819
v -1.626774 2.0856 -0.270404
v -1.626774 2.0856 0.270404
v -1.623068 0.4632 -0.844439
v -1.623068 0.4632 0.844439
v -1.61856 0.9 -1.18784
v -1.61856 0.9 -1.18784
v -1.61856 0.9 1.18784
v -1.61856 0.9 1.18784
v -1.612693 1.037175 -1.183534
v -1.612693 1.037175 1.183534
v -1.608 0.260025 -0.0
v -1.608 0.260025 0.0
v -1.60723 0.771675 -1.179525
v -1.60723 0.771675 1.179525
v -1.6 2.025 0.0
v -1.5972 2.0313 -0.081
v -1.5972 2.0313 0.081
v -1.5959 1.1784 -1.17121
v -1.5959 1.1784 1.17121
v -1.591798 0.3168 -0.534711
v -1.591798 0.3168 0.534711
v -1.5896 2.0484 -0.144
v -1.5896 2.0484 0.144
v -1.587475 1.7748 -0.825921
v -1.587475 1.7748 0.825921
v -1.587289 0.260025 0.263841
v -1.587289 0.260025 -0.263841
v -1.5784 2.0736 -0.189
v -1.5784 2.0736 0.189
v -1.576477 0.6564 -1.156956
v -1.576477 0.6564 1.156956
v -1.57475 2.242575 0.0
v -1.57475 2.242575 0.0
v -1.569396 1.323225 -1.151759
v -1.569396 1.323225 1.151759
v -1.565204 2.0856 -0.525778
v -1.565204 2.0856 0.525778
v -1.5648 2.1042 -0.216
v -1.5648 2.1042 0.216
v -1.55722 0.384375 -0.81018
v -1.55722 0.384375 0.81018
v -1.554467 2.242575 -0.258385
v -1.554467 2.242575 0.258385
v -1.552 0.2136 0.0
v -1.552 0.2136 0.0
v -1.55 2.1375 -0.225
v -1.55 2.1375 0.225
v -1.5352 2.1708 -0.216
v -1.5352 2.1708 0.216
v -1.534395 1.4712 -1.126072
v -1.534395 1.4712 1.126072
v -1.53201 0.2136 0.254652
v -1.53201 0.2136 -0.254652
v -1.531158 0.553725 -1.123697
v -1.531158 0.553725 1.123697
v -1.528968 1.929525 -0.795481
v -1.528968 1.929525 0.795481
v -1.527214 0.260025 -0.513016
v -1.527214 0.260025 0.513016
v -1.5216 2.2014 -0.189
v -1.5216 2.2014 0.189
v -1.514 0.177075 0.0
v -1.514 0.177075 0.0
v -1.5104 2.2266 -0.144
v -1.5104 2.2266 0.144
v -1.5028 2.2437 -0.081
v -1.5028 2.2437 0.081
v -1.5 2.4 0.0
v -1.5 0.15 0.0
v -1.5 2.25 0.0
v -1.5 2.4 0.0
v -1.5 0.15 0.0
v -1.496475 0.127575 -0.0
v -1.496475 0.127575 0.0
v -1.495635 2.242575 -0.502408
v -1.495635 2.242575 0.502408
v -1.4945 0.177075 0.248417
v -1.4945 0.177075 -0.248417
v -1.49211 1.621875 -1.09504
v -1.49211 1.621875 1.09504
v -1.491372 0.3168 -0.775921
v -1.491372 0.3168 0.775921
v -1.4808 0.1056 0.0
v -1.4808 0.1056 -0.0
v -1.48068 2.4 -0.24612
v -1.48068 0.15 0.24612
v -1.48068 2.4 0.24612
v -1.48068 0.15 -0.24612
v -1.48068 0.15 -0.24612
v -1.48068 0.15 0.24612
v -1.480325 2.435437 0.0
v -1.480325 2.435437 0.0
v -1.4772 0.127575 0.245542
v -1.4772 0.127575 -0.245542
v -1.476127 0.4632 -1.08331
v -1.476127 0.4632 1.08331
v -1.474028 0.2136 0.49515
v -1.474028 0.2136 -0.49515
v -1.466456 2.0856 -0.762958
v -1.466456 2.0856 0.762958
v -1.461727 0.1056 -0.24297
v -1.461727 0.1056 0.24297
v -1.461258 2.435437 -0.242892
v -1.461258 2.435437 0.242892
v -1.4596 2.463 0.0
v -1.4596 2.463 0.0
v -1.445325 0.084525 0.0
v -1.445325 0.084525 0.0
v -1.443756 1.7748 -1.059553
v -1.443756 1.7748 1.059553
v -1.4408 2.463 -0.239491
v -1.4408 2.463 0.239491
v -1.439025 2.482687 0.0
v -1.437937 0.177075 0.483027
v -1.437937 0.177075 -0.483027
v -1.430863 0.260025 0.74444
v -1.430863 0.260025 -0.74444
v -1.426709 0.084525 -0.237149
v -1.426709 0.084525 0.237149
v -1.42464 2.4 -0.47856
v -1.42464 0.15 -0.47856
v -1.42464 0.15 -0.47856
v -1.42464 0.15 0.47856
v -1.42464 0.15 0.47856
v -1.42464 2.4 0.47856
v -1.421292 0.127575 0.477435
v -1.421292 0.127575 -0.477435
v -1.42049 2.482687 -0.236115
v -1.42049 2.482687 0.236115
v -1.42 0.9 -1.42
v -1.42 0.9 -1.42
v -1.42 0.9 1.42
v -1.42 0.9 1.42
v -1.4198 2.4945 0.0
v -1.4198 2.4945 0.0
v -1.41624 0.384375 -1.03936
v -1.41624 0.384375 1.03936
v -1.414853 1.037175 -1.414853
v -1.414853 1.037175 1.414853
v -1.41006 0.771675 -1.41006
v -1.41006 0.771675 1.41006
v -1.406405 0.1056 -0.472434
v -1.406405 0.1056 0.472434
v -1.405953 2.435437 -0.472283
v -1.405953 2.435437 0.472283
v -1.403125 2.498438 0.0
v -1.403125 2.498438 0.0
v -1.401513 2.4945 -0.232961
v -1.401513 2.4945 0.232961
v -1.401276 2.242575 -0.729046
v -1.401276 2.242575 0.729046
v -1.40012 1.1784 -1.40012
v -1.40012 1.1784 1.40012
v -1.4 2.4 0.0
v -1.4 2.4 0.0
v -1.390545 1.929525 -1.020503
v -1.390545 1.929525 1.020503
v -1.3902 2.4945 0.0
v -1.3902 2.4945 0.0
v -1.38627 2.463 -0.465671
v -1.38627 2.463 0.465671
v -1.385925 2.435437 0.0
v -1.385925 2.435437 0.0
v -1.385053 2.498438 -0.230225
v -1.385053 2.498438 0.230225
v -1.38308 0.6564 -1.38308
v -1.38308 0.6564 1.38308
v -1.3824 0.0648 -0.0
v -1.3824 0.0648 0.0
v -1.382225 2.482687 -0.0
v -1.382225 2.482687 0.0
v -1.381968 2.4 -0.229712
v -1.381968 2.4 0.229712
v -1.381032 0.2136 0.718514
v -1.381032 0.2136 -0.718514
v -1.3804 2.463 0.0
v -1.3804 2.463 0.0
v -1.376868 1.323225 -1.376867
v -1.376867 1.323225 1.376868
v -1.372712 0.084525 -0.461116
v -1.372712 0.084525 0.461116
v -1.372294 2.4945 -0.228104
v -1.372294 2.4945 0.228104
v -1.368074 2.435437 -0.227403
v -1.368074 2.435437 0.227403
v -1.366728 2.482687 -0.459107
v -1.366728 2.482687 0.459107
v -1.364595 0.0648 -0.226824
v -1.364595 0.0648 0.226824
v -1.364422 2.482687 -0.226795
v -1.364422 2.482687 0.226795
v -1.36262 2.463 -0.226496
v -1.36262 2.463 0.226496
v -1.356353 0.3168 -0.99541
v -1.356353 0.3168 0.99541
v -1.348469 2.4945 -0.452973
v -1.348469 2.4945 0.452973
v -1.347218 0.177075 0.700921
v -1.347218 0.177075 -0.700921
v -1.34616 1.4712 -1.34616
v -1.34616 1.4712 1.34616
v -1.34332 0.553725 -1.34332
v -1.34332 0.553725 1.34332
v -1.33476 2.4 -0.69444
v -1.33476 0.15 -0.69444
v -1.33476 0.15 0.69444
v -1.33476 0.15 0.69444
v -1.33476 2.4 0.69444
v -1.33476 0.15 -0.69444
v -1.333693 2.0856 -0.97878
v -1.333693 2.0856 0.97878
v -1.332632 2.498438 -0.447653
v -1.332632 2.498438 0.447653
v -1.331623 0.127575 0.692808
v -1.331623 0.127575 -0.692808
v -1.329664 2.4 -0.446656
v -1.329664 2.4 0.446656
v -1.320356 2.4945 -0.443529
v -1.320356 2.4945 0.443529
v -1.317675 0.1056 -0.685551
v -1.317675 0.1056 0.685551
v -1.317252 2.435437 -0.685331
v -1.317252 2.435437 0.685331
v -1.316296 2.435437 -0.442166
v -1.316296 2.435437 0.442166
v -1.312948 0.0648 0.441041
v -1.312948 0.0648 -0.441041
v -1.312782 2.482687 -0.440985
v -1.312782 2.482687 0.440985
v -1.311049 2.463 -0.440403
v -1.311049 2.463 0.440403
v -1.309063 1.621875 -1.309063
v -1.309063 1.621875 1.309063
v -1.301322 0.260025 0.955023
v -1.301322 0.260025 -0.955023
v -1.3 2.4 0.0
v -1.3 2.4 0.0
v -1.29881 2.463 -0.675736
v -1.29881 2.463 0.675736
v -1.29504 0.4632 -1.29504
v -1.29504 0.4632 1.29504
v -1.286108 0.084525 -0.669128
v -1.286108 0.084525 0.669128
v -1.284375 0.046875 0.0
v -1.284375 0.046875 0.0
v -1.283256 2.4 -0.213304
v -1.283256 2.4 0.213304
v -1.280502 2.482687 -0.666211
v -1.280502 2.482687 0.666211
v -1.2746 2.4408 0.0
v -1.2746 2.4408 0.0
v -1.274414 2.242575 -0.935276
v -1.274414 2.242575 0.935276
v -1.267832 0.046875 -0.21074
v -1.267832 0.046875 0.21074
v -1.26664 1.7748 -1.26664
v -1.26664 1.7748 1.26664
v -1.263395 2.4945 -0.657311
v -1.263395 2.4945 0.657311
v -1.258183 2.4408 0.209136
v -1.258183 2.4408 -0.209136
v -1.256003 0.2136 0.921764
v -1.256003 0.2136 -0.921764
v -1.248557 2.498438 -0.649591
v -1.248557 2.498438 0.649591
v -1.245776 2.4 -0.648144
v -1.245776 2.4 0.648144
v -1.2425 0.384375 -1.2425
v -1.2425 0.384375 1.2425
v -1.237056 2.4945 -0.643607
v -1.237056 2.4945 0.643607
v -1.234688 2.4 -0.414752
v -1.234688 2.4 0.414752
v -1.233252 2.435437 -0.641628
v -1.233252 2.435437 0.641628
v -1.230115 0.0648 -0.639996
v -1.230115 0.0648 0.639996
v -1.229959 2.482687 -0.639915
v -1.229959 2.482687 0.639915
v -1.228335 2.463 -0.63907
v -1.228335 2.463 0.63907
v -1.22525 0.177075 0.899195
v -1.22525 0.177075 -0.899195
v -1.219958 1.929525 1.219958
v -1.219958 1.929525 -1.219958
v -1.219848 0.046875 -0.409767
v -1.219848 0.046875 0.409767
v -1.21392 2.4 -0.89088
v -1.21392 0.15 -0.89088
v -1.21392 0.15 -0.89088
v -1.21392 0.15 0.89088
v -1.21392 0.15 0.89088
v -1.21392 2.4 0.89088
v -1.211067 0.127575 0.888786
v -1.211067 0.127575 -0.888786
v -1.210564 2.4408 0.406648
v -1.210564 2.4408 -0.406648
v -1.2048 2.4744 0.0
v -1.2048 2.4744 0.0
v -1.198382 0.1056 -0.879477
v -1.198382 0.1056 0.879477
v -1.197997 2.435437 -0.879195
v -1.197997 2.435437 0.879195
v -1.18996 0.3168 -1.18996
v -1.18996 0.3168 1.18996
v -1.189282 2.4744 -0.197684
v -1.189282 2.4744 0.197684
v -1.18784 0.9 -1.61856
v -1.18784 0.9 -1.61856
v -1.18784 0.9 1.61856
v -1.18784 0.9 1.61856
v -1.183534 1.037175 -1.612693
v -1.183534 1.037175 1.612693
v -1.181225 2.463 -0.866886
v -1.181225 2.463 0.866886
v -1.179525 0.771675 -1.60723
v -1.179525 0.771675 1.60723
v -1.17121 1.1784 -1.5959
v -1.17121 1.1784 1.5959
v -1.17008 2.0856 -1.17008
v -1.17008 2.0856 1.17008
v -1.169673 0.084525 -0.858407
v -1.169673 0.084525 0.858407
v -1.164574 2.482687 -0.854666
v -1.164574 2.482687 0.854666
v -1.156956 0.6564 -1.576477
v -1.156956 0.6564 1.576477
v -1.156792 2.4 -0.601848
v -1.156792 2.4 0.601848
v -1.151759 1.323225 -1.569396
v -1.151759 1.323225 1.569396
v -1.149016 2.4945 -0.843248
v -1.149016 2.4945 0.843248
v -1.144271 2.4744 -0.384379
v -1.144271 2.4744 0.384379
v -1.1436 0.0312 0.0
v -1.1436 0.0312 0.0
v -1.142888 0.046875 -0.594614
v -1.142888 0.046875 0.594614
v -1.14168 0.260025 1.14168
v -1.14168 0.260025 -1.14168
v -1.135521 2.498438 -0.833344
v -1.135521 2.498438 0.833344
v -1.13419 2.4408 0.590089
v -1.13419 2.4408 -0.590089
v -1.132992 2.4 -0.831488
v -1.132992 2.4 0.831488
v -1.12887 0.0312 -0.187642
v -1.12887 0.0312 0.187642
v -1.126072 1.4712 -1.534395
v -1.126072 1.4712 1.534395
v -1.125061 2.4945 -0.825668
v -1.125061 2.4945 0.825668
v -1.123697 0.553725 -1.531158
v -1.123697 0.553725 1.531158
v -1.121601 2.435437 -0.823129
v -1.121601 2.435437 0.823129
v -1.118749 0.0648 -0.821035
v -1.118749 0.0648 0.821035
v -1.118607 2.482687 -0.820931
v -1.118607 2.482687 0.820931
v -1.118073 2.242575 -1.118073
v -1.118073 2.242575 1.118073
v -1.11713 2.463 -0.819847
v -1.11713 2.463 0.819847
v -1.10192 0.2136 1.10192
v -1.10192 0.2136 -1.10192
v -1.1002 2.5026 0.0
v -1.1002 2.5026 0.0
v -1.09504 1.621875 -1.49211
v -1.09504 1.621875 1.49211
v -1.086146 0.0312 0.364854
v -1.086146 0.0312 -0.364854
v -1.086029 2.5026 0.180521
v -1.086029 2.5026 -0.180521
v -1.08331 0.4632 -1.476127
v -1.08331 0.4632 1.476127
v -1.07494 0.177075 -1.07494
v -1.07494 0.177075 1.07494
v -1.072079 2.4744 -0.557774
v -1.072079 2.4744 0.557774
v -1.065 2.4 -1.065
v -1.065 0.15 -1.065
v -1.065 0.15 1.065
v -1.065 2.4 1.065
v -1.062497 0.127575 1.062497
v -1.062497 0.127575 -1.062497
v -1.059553 1.7748 -1.443756
v -1.059553 1.7748 1.443756
v -1.052064 2.4 -0.772096
v -1.052064 2.4 0.772096
v -1.051368 0.1056 -1.051368
v -1.051368 0.1056 1.051368
v -1.051031 2.435437 -1.051031
v -1.051031 2.435437 1.051031
v -1.044926 2.5026 -0.351008
v -1.044926 2.5026 0.351008
v -1.039419 0.046875 -0.762816
v -1.039419 0.046875 0.762816
v -1.03936 0.384375 -1.41624
v -1.03936 0.384375 1.41624
v -1.036316 2.463 -1.036316
v -1.036316 2.463 1.036316
v -1.031508 2.4408 0.75701
v -1.031508 2.4408 -0.75701
v -1.026181 0.084525 -1.026181
v -1.026181 0.084525 1.026181
v -1.021708 2.482687 -1.021708
v -1.021708 2.482687 1.021708
v -1.020503 1.929525 -1.390545
v -1.020503 1.929525 1.390545
v -1.017621 0.0312 0.529441
v -1.017621 0.0312 -0.529441
v -1.008058 2.4945 -1.008058
v -1.008058 2.4945 1.008058
v -0.996219 2.498438 -0.996219
v -0.996219 2.498438 0.996219
v -0.99541 0.3168 -1.356353
v -0.99541 0.3168 1.356353
v -0.994 2.4 -0.994
v -0.994 2.4 0.994
v -0.987042 2.4945 -0.987042
v -0.987042 2.4945 0.987042
v -0.984007 2.435437 -0.984007
v -0.984007 2.435437 0.984007
v -0.981504 0.0648 0.981504
v -0.981504 0.0648 -0.981504
v -0.98138 2.482687 -0.98138
v -0.98138 2.482687 0.98138
v -0.980084 2.463 -0.980084
v -0.980084 2.463 0.980084
v -0.979002 2.5026 0.509349
v -0.979002 2.5026 -0.509349
v -0.97878 2.0856 -1.333693
v -0.97878 2.0856 1.333693
v -0.975021 2.4744 -0.715555
v -0.975021 2.4744 0.715555
v -0.9704 2.5272 0.0
v -0.9704 2.5272 0.0
v -0.957901 2.5272 -0.159223
v -0.957901 2.5272 0.159223
v -0.955023 0.260025 1.301322
v -0.955023 0.260025 -1.301322
v -0.952425 0.018225 -0.0
v -0.952425 0.018225 0.0
v -0.940158 0.018225 0.156274
v -0.940158 0.018225 -0.156274
v -0.935276 2.242575 -1.274414
v -0.935276 2.242575 1.274414
v -0.92592 0.9 -1.77968
v -0.92592 0.9 1.77968
v -0.92592 0.9 1.77968
v -0.92592 0.9 -1.77968
v -0.925493 0.0312 0.679207
v -0.925493 0.0312 -0.679207
v -0.923 2.4 -0.923
v -0.923 2.4 0.923
v -0.922564 1.037175 1.773229
v -0.922564 1.037175 -1.773229
v -0.921764 0.2136 1.256003
v -0.921764 0.2136 -1.256003
v -0.921647 2.5272 -0.309596
v -0.921647 2.5272 0.309596
v -0.919439 0.771675 -1.767222
v -0.919439 0.771675 1.767222
v -0.912957 1.1784 -1.754764
v -0.912957 1.1784 1.754764
v -0.911906 0.046875 -0.911906
v -0.911906 0.046875 0.911906
v -0.904966 2.4408 0.904966
v -0.904966 2.4408 -0.904966
v -0.904575 0.018225 0.303862
v -0.904575 0.018225 -0.303862
v -0.901846 0.6564 -1.733408
v -0.901846 0.6564 1.733408
v -0.899195 0.177075 1.22525
v -0.899195 0.177075 -1.22525
v -0.897795 1.323225 -1.725622
v -0.897795 1.323225 1.725622
v -0.89088 0.15 -1.21392
v -0.89088 0.15 1.21392
v -0.89088 2.4 -1.21392
v -0.89088 0.15 -1.21392
v -0.89088 0.15 1.21392
v -0.89088 2.4 1.21392
v -0.89037 2.5026 -0.653431
v -0.89037 2.5026 0.653431
v -0.888786 0.127575 1.211067
v -0.888786 0.127575 -1.211067
v -0.879477 0.1056 -1.198382
v -0.879477 0.1056 1.198382
v -0.879195 2.435437 -1.197997
v -0.879195 2.435437 1.197997
v -0.877772 1.4712 -1.687137
v -0.877772 1.4712 1.687137
v -0.87592 0.553725 -1.683577
v -0.87592 0.553725 1.683577
v -0.866886 2.463 -1.181225
v -0.866886 2.463 1.181225
v -0.863501 2.5272 -0.449256
v -0.863501 2.5272 0.449256
v -0.858407 0.084525 -1.169673
v -0.858407 0.084525 1.169673
v -0.855408 2.4744 -0.855408
v -0.855408 2.4744 0.855408
v -0.854666 2.482687 -1.164574
v -0.854666 2.482687 1.164574
v -0.853583 1.621875 -1.640643
v -0.853583 1.621875 1.640643
v -0.847506 0.018225 -0.440935
v -0.847506 0.018225 0.440935
v -0.844439 0.4632 1.623068
v -0.844439 0.4632 -1.623068
v -0.843248 2.4945 -1.149016
v -0.843248 2.4945 1.149016
v -0.833344 2.498438 -1.135521
v -0.833344 2.498438 1.135521
v -0.831488 2.4 -1.132992
v -0.831488 2.4 1.132992
v -0.825921 1.7748 1.587475
v -0.825921 1.7748 -1.587475
v -0.825668 2.4945 -1.125061
v -0.825668 2.4945 1.125061
v -0.825 2.55 0.0
v -0.825 2.55 0.0
v -0.823129 2.435437 -1.121601
v -0.823129 2.435437 1.121601
v -0.821035 0.0648 1.118749
v -0.821035 0.0648 -1.118749
v -0.820931 2.482687 1.118607
v -0.820931 2.482687 -1.118607
v -0.819847 2.463 -1.11713
v -0.819847 2.463 1.11713
v -0.814374 2.55 -0.135366
v -0.814374 2.55 0.135366
v -0.811956 0.0312 0.811956
v -0.811956 0.0312 -0.811956
v -0.81018 0.384375 1.55722
v -0.81018 0.384375 -1.55722
v -0.795481 1.929525 1.528968
v -0.795481 1.929525 -1.528968
v -0.785325 2.5272 -0.57634
v -0.785325 2.5272 0.57634
v -0.783552 2.55 -0.263208
v -0.783552 2.55 0.263208
v -0.781142 2.5026 -0.781142
v -0.781142 2.5026 0.781142
v -0.775921 0.3168 -1.491372
v -0.775921 0.3168 1.491372
v -0.772096 2.4 -1.052064
v -0.772096 2.4 1.052064
v -0.770779 0.018225 0.565664
v -0.770779 0.018225 -0.565664
v -0.762958 2.0856 -1.466456
v -0.762958 2.0856 1.466456
v -0.762816 0.046875 -1.039419
v -0.762816 0.046875 1.039419
v -0.75701 2.4408 1.031508
v -0.75701 2.4408 -1.031508
v -0.74444 0.260025 1.430863
v -0.74444 0.260025 -1.430863
v -0.734118 2.55 -0.381942
v -0.734118 2.55 0.381942
v -0.729046 2.242575 -1.401276
v -0.729046 2.242575 1.401276
v -0.718514 0.2136 1.381032
v -0.718514 0.2136 -1.381032
v -0.715555 2.4744 -0.975021
v -0.715555 2.4744 0.975021
v -0.7032 0.0084 0.0
v -0.700921 0.177075 1.347218
v -0.700921 0.177075 -1.347218
v -0.69444 0.15 -1.33476
v -0.69444 0.15 1.33476
v -0.69444 2.4 1.33476
v -0.69444 0.15 1.33476
v -0.69444 2.4 -1.33476
v -0.69444 0.15 -1.33476
v -0.694143 0.0084 -0.115381
v -0.694143 0.0084 0.115381
v -0.692808 0.127575 1.331623
v -0.692808 0.127575 -1.331623
v -0.688984 2.5272 -0.688984
v -0.688984 2.5272 0.688984
v -0.685551 0.1056 -1.317675
v -0.685551 0.1056 1.317675
v -0.685331 2.435437 -1.317252
v -0.685331 2.435437 1.317252
v -0.679207 0.0312 -0.925493
v -0.679207 0.0312 0.925493
v -0.676222 0.018225 0.676222
v -0.676222 0.018225 -0.676222
v -0.675736 2.463 -1.29881
v -0.675736 2.463 1.29881
v -0.6736 2.5728 0.0
v -0.6736 2.5728 0.0
v -0.669128 0.084525 -1.286108
v -0.669128 0.084525 1.286108
v -0.667871 0.0084 -0.224349
v -0.667871 0.0084 0.224349
v -0.667656 2.55 -0.489984
v -0.667656 2.55 0.489984
v -0.666211 2.482687 1.280502
v -0.666211 2.482687 -1.280502
v -0.664924 2.5728 -0.110524
v -0.664924 2.5728 0.110524
v -0.657311 2.4945 -1.263395
v -0.657311 2.4945 1.263395
v -0.653431 2.5026 -0.89037
v -0.653431 2.5026 0.89037
v -0.649591 2.498438 -1.248557
v -0.649591 2.498438 1.248557
v -0.648144 2.4 -1.245776
v -0.648144 2.4 1.245776
v -0.643607 2.4945 -1.237056
v -0.643607 2.4945 1.237056
v -0.641628 2.435437 -1.233252
v -0.641628 2.435437 1.233252
v -0.639996 0.0648 -1.230115
v -0.639996 0.0648 1.230115
v -0.639915 2.482687 1.229959
v -0.639915 2.482687 -1.229959
v -0.639758 2.5728 -0.214905
v -0.639758 2.5728 0.214905
v -0.63907 2.463 -1.228335
v -0.63907 2.463 1.228335
v -0.63808 0.9 -1.89952
v -0.63808 0.9 -1.89952
v -0.63808 0.9 1.89952
v -0.63808 0.9 1.89952
v -0.635767 1.037175 -1.892634
v -0.635767 1.037175 1.892634
v -0.633613 0.771675 -1.886223
v -0.633613 0.771675 1.886223
v -0.629147 1.1784 -1.872927
v -0.629147 1.1784 1.872927
v -0.625735 0.0084 0.325553
v -0.625735 0.0084 -0.325553
v -0.62149 0.6564 -1.850132
v -0.62149 0.6564 1.850132
v -0.618698 1.323225 -1.841822
v -0.618698 1.323225 1.841822
v -0.6049 1.4712 -1.800745
v -0.6049 1.4712 1.800745
v -0.603624 0.553725 -1.796946
v -0.603624 0.553725 1.796946
v -0.601848 2.4 -1.156792
v -0.601848 2.4 1.156792
v -0.599396 2.5728 -0.31185
v -0.599396 2.5728 0.31185
v -0.594614 0.046875 -1.142888
v -0.594614 0.046875 1.142888
v -0.590089 2.4408 1.13419
v -0.590089 2.4408 -1.13419
v -0.58823 1.621875 -1.75112
v -0.58823 1.621875 1.75112
v -0.58575 2.55 -0.58575
v -0.58575 2.55 0.58575
v -0.581929 0.4632 -1.732362
v -0.581929 0.4632 1.732362
v -0.57634 2.5272 -0.785325
v -0.57634 2.5272 0.785325
v -0.569167 1.7748 -1.694372
v -0.569167 1.7748 1.694372
v -0.569086 0.0084 -0.417645
v -0.569086 0.0084 0.417645
v -0.565664 0.018225 0.770779
v -0.565664 0.018225 -0.770779
v -0.55832 0.384375 -1.66208
v -0.55832 0.384375 1.66208
v -0.557774 2.4744 -1.072079
v -0.557774 2.4744 1.072079
v -0.54819 1.929525 -1.631925
v -0.54819 1.929525 1.631925
v -0.545131 2.5728 -0.400065
v -0.545131 2.5728 0.400065
v -0.534711 0.3168 -1.591798
v -0.534711 0.3168 1.591798
v -0.529441 0.0312 -1.017621
v -0.529441 0.0312 1.017621
v -0.5258 2.5974 0.0
v -0.5258 2.5974 0.0
v -0.525778 2.0856 -1.565204
v -0.525778 2.0856 1.565204
v -0.519028 2.5974 0.086273
v -0.519028 2.5974 -0.086273
v -0.513016 0.260025 -1.527214
v -0.513016 0.260025 1.527214
v -0.509349 2.5026 0.979002
v -0.509349 2.5026 -0.979002
v -0.502408 2.242575 -1.495635
v -0.502408 2.242575 1.495635
v -0.499384 2.5974 -0.167751
v -0.499384 2.5974 0.167751
v -0.499272 0.0084 -0.499272
v -0.499272 0.0084 0.499272
v -0.49515 0.2136 -1.474028
v -0.49515 0.2136 1.474028
v -0.489984 2.55 -0.667656
v -0.489984 2.55 0.667656
v -0.483027 0.177075 -1.437937
v -0.483027 0.177075 1.437937
v -0.47856 0.15 1.42464
v -0.47856 2.4 -1.42464
v -0.47856 0.15 -1.42464
v -0.47856 0.15 -1.42464
v -0.47856 0.15 1.42464
v -0.47856 2.4 1.42464
v -0.478256 2.5728 -0.478256
v -0.478256 2.5728 0.478256
v -0.477435 0.127575 1.421292
v -0.477435 0.127575 -1.421292
v -0.472434 0.1056 1.406405
v -0.472434 0.1056 -1.406405
v -0.472283 2.435437 -1.405953
v -0.472283 2.435437 1.405953
v -0.467878 2.5974 -0.243424
v -0.467878 2.5974 0.243424
v -0.465671 2.463 -1.38627
v -0.465671 2.463 1.38627
v -0.461116 0.084525 1.372712
v -0.461116 0.084525 -1.372712
v -0.459107 2.482687 -1.366728
v -0.459107 2.482687 1.366728
v -0.452973 2.4945 -1.348469
v -0.452973 2.4945 1.348469
v -0.449256 2.5272 -0.863501
v -0.449256 2.5272 0.863501
v -0.447653 2.498438 -1.332632
v -0.447653 2.498438 1.332632
v -0.446656 2.4 -1.329664
v -0.446656 2.4 1.329664
v -0.443529 2.4945 -1.320356
v -0.443529 2.4945 1.320356
v -0.442166 2.435437 -1.316296
v -0.442166 2.435437 1.316296
v -0.441041 0.0648 1.312948
v -0.441041 0.0648 -1.312948
v -0.440985 2.482687 -1.312782
v -0.440985 2.482687 1.312782
v -0.440935 0.018225 0.847506
v -0.440935 0.018225 -0.847506
v -0.440403 2.463 -1.311049
v -0.440403 2.463 1.311049
v -0.425519 2.5974 0.312283
v -0.425519 2.5974 -0.312283
v -0.417645 0.0084 -0.569086
v -0.417645 0.0084 0.569086
v -0.414752 2.4 -1.234688
v -0.414752 2.4 1.234688
v -0.409767 0.046875 1.219848
v -0.409767 0.046875 -1.219848
v -0.406648 2.4408 -1.210564
v -0.406648 2.4408 1.210564
v -0.400065 2.5728 -0.545131
v -0.400065 2.5728 0.545131
v -0.3912 2.6256 0.0
v -0.3912 2.6256 0.0
v -0.388275 0.002175 -0.0
v -0.388275 0.002175 0.0
v -0.386161 2.6256 -0.064188
v -0.386161 2.6256 0.064188
v -0.384379 2.4744 -1.144271
v -0.384379 2.4744 1.144271
v -0.383274 0.002175 -0.063708
v -0.383274 0.002175 0.063708
v -0.381942 2.55 -0.734118
v -0.381942 2.55 0.734118
v -0.373318 2.5974 -0.373318
v -0.373318 2.5974 0.373318
v -0.371546 2.6256 -0.124808
v -0.371546 2.6256 0.124808
v -0.368768 0.002175 -0.123875
v -0.368768 0.002175 0.123875
v -0.364854 0.0312 1.086146
v -0.364854 0.0312 -1.086146
v -0.3584 3.0348 0.0
v -0.3584 3.0348 0.0
v -0.3582 3.08115 0.0
v -0.3582 3.08115 0.0
v -0.353807 3.0348 -0.059016
v -0.353807 3.0348 0.059016
v -0.35361 3.08115 -0.058988
v -0.35361 3.08115 0.058988
v -0.351008 2.5026 -1.044926
v -0.351008 2.5026 1.044926
v -0.348105 2.6256 -0.18111
v -0.348105 2.6256 0.18111
v -0.345503 0.002175 -0.179756
v -0.345503 0.002175 0.179756
v -0.340477 3.0348 -0.114676
v -0.340477 3.0348 0.114676
v -0.340289 3.08115 -0.114619
v -0.340289 3.08115 0.114619
v -0.32816 0.9 -1.97424
v -0.32816 0.9 1.97424
v -0.32816 0.9 1.97424
v -0.32697 1.037175 -1.967083
v -0.32697 1.037175 1.967083
v -0.325863 0.771675 -1.96042
v -0.325863 0.771675 1.96042
v -0.325553 0.0084 -0.625735
v -0.325553 0.0084 0.625735
v -0.325 2.98125 0.0
v -0.325 2.98125 0.0
v -0.323566 1.1784 -1.946601
v -0.323566 1.1784 1.946601
v -0.320834 2.98125 -0.053508
v -0.320834 2.98125 0.053508
v -0.319628 0.6564 -1.92291
v -0.319628 0.6564 1.92291
v -0.319082 3.0348 -0.166306
v -0.319082 3.0348 0.166306
v -0.318907 3.08115 -0.166221
v -0.318907 3.08115 0.166221
v -0.318192 1.323225 -1.914272
v -0.318192 1.323225 1.914272
v -0.31659 2.6256 -0.232342
v -0.31659 2.6256 0.232342
v -0.314223 0.002175 -0.230604
v -0.314223 0.002175 0.230604
v -0.312283 2.5974 -0.425519
v -0.312283 2.5974 0.425519
v -0.31185 2.5728 -0.599396
v -0.31185 2.5728 0.599396
v -0.311096 1.4712 -1.87158
v -0.311096 1.4712 1.87158
v -0.310439 0.553725 -1.867631
v -0.310439 0.553725 1.867631
v -0.309596 2.5272 -0.921647
v -0.309596 2.5272 0.921647
v -0.3088 3.1176 0.0
v -0.3088 3.1176 0.0
v -0.308744 2.98125 -0.103976
v -0.308744 2.98125 0.103976
v -0.304843 3.1176 -0.050855
v -0.304843 3.1176 0.050855
v -0.303862 0.018225 0.904575
v -0.303862 0.018225 -0.904575
v -0.302523 1.621875 -1.820003
v -0.302522 1.621875 1.820003
v -0.299282 0.4632 -1.800507
v -0.299282 0.4632 1.800507
v -0.29336 3.1176 -0.098814
v -0.29336 3.1176 0.098814
v -0.292719 1.7748 -1.761022
v -0.292719 1.7748 1.761022
v -0.290295 3.0348 -0.213234
v -0.290295 3.0348 0.213234
v -0.290138 3.08115 -0.213123
v -0.290138 3.08115 0.213123
v -0.28934 2.98125 -0.150793
v -0.28934 2.98125 0.150793
v -0.28714 0.384375 -1.72746
v -0.28714 0.384375 1.72746
v -0.28193 1.929525 1.696119
v -0.28193 1.929525 -1.696119
v -0.2794 2.6592 0.0
v -0.277752 2.6256 -0.277752
v -0.277752 2.6256 0.277752
v -0.275801 2.6592 -0.045844
v -0.275801 2.6592 0.045844
v -0.275675 0.002175 -0.275675
v -0.275675 0.002175 0.275675
v -0.274998 0.3168 -1.654413
v -0.274998 0.3168 1.654413
v -0.274928 3.1176 -0.143301
v -0.274928 3.1176 0.143301
v -0.2736 2.9232 0.0
v -0.2736 2.9232 0.0
v -0.270404 2.0856 -1.626774
v -0.270404 2.0856 1.626774
v -0.270092 2.9232 -0.045032
v -0.270092 2.9232 0.045032
v -0.265363 2.6592 -0.08914
v -0.265363 2.6592 0.08914
v -0.263841 0.260025 1.587289
v -0.263841 0.260025 -1.587289
v -0.263232 2.98125 -0.193348
v -0.263232 2.98125 0.193348
v -0.263208 2.55 -0.783552
v -0.263208 2.55 0.783552
v -0.25991 2.9232 -0.087511
v -0.25991 2.9232 0.087511
v -0.258385 2.242575 -1.554467
v -0.258385 2.242575 1.554467
v -0.254788 3.0348 -0.254788
v -0.254788 3.0348 0.254788
v -0.254653 3.08115 -0.254653
v -0.254653 3.08115 0.254653
v -0.254652 0.2136 -1.53201
v -0.254652 0.2136 1.53201
v -0.250127 3.1176 -0.183734
v -0.250127 3.1176 0.183734
v -0.248621 2.6592 0.129351
v -0.248621 2.6592 -0.129351
v -0.248417 0.177075 -1.4945
v -0.248417 0.177075 1.4945
v -0.24612 0.15 1.48068
v -0.24612 2.4 -1.48068
v -0.24612 0.15 -1.48068
v -0.24612 0.15 -1.48068
v -0.24612 0.15 1.48068
v -0.24612 2.4 1.48068
v -0.245542 0.127575 1.4772
v -0.245542 0.127575 -1.4772
v -0.243569 2.9232 -0.12692
v -0.243569 2.9232 0.12692
v -0.243424 2.5974 0.467878
v -0.243424 2.5974 -0.467878
v -0.24297 0.1056 1.461727
v -0.24297 0.1056 -1.461727
v -0.242892 2.435437 -1.461258
v -0.242892 2.435437 1.461258
v -0.239491 2.463 -1.4408
v -0.239491 2.463 1.4408
v -0.237149 0.084525 1.426709
v -0.237149 0.084525 -1.426709
v -0.236115 2.482687 -1.42049
v -0.236115 2.482687 1.42049
v -0.232961 2.4945 -1.401513
v -0.232961 2.4945 1.401513
v -0.232342 2.6256 -0.31659
v -0.232342 2.6256 0.31659
v -0.231031 2.98125 -0.231031
v -0.231031 2.98125 0.231031
v -0.230604 0.002175 -0.314223
v -0.230604 0.002175 0.314223
v -0.230225 2.498438 -1.385053
v -0.230225 2.498438 1.385053
v -0.229712 2.4 -1.381968
v -0.229712 2.4 1.381968
v -0.228104 2.4945 -1.372294
v -0.228104 2.4945 1.372294
v -0.227403 2.435437 -1.368074
v -0.227403 2.435437 1.368074
v -0.226824 0.0648 1.364595
v -0.226824 0.0648 -1.364595
v -0.226795 2.482687 1.364422
v -0.226795 2.482687 -1.364422
v -0.226496 2.463 -1.36262
v -0.226496 2.463 1.36262
v -0.226113 2.6592 -0.165941
v -0.226113 2.6592 0.165941
v -0.224349 0.0084 0.667871
v -0.224349 0.0084 -0.667871
v -0.221585 2.9232 -0.162745
v -0.221585 2.9232 0.162745
v -0.2198 2.86335 0.0
v -0.2198 2.86335 0.0
v -0.219536 3.1176 -0.219536
v -0.219536 3.1176 0.219536
v -0.216979 2.86335 0.036157
v -0.216979 2.86335 -0.036157
v -0.214905 2.5728 -0.639758
v -0.214905 2.5728 0.639758
v -0.213304 2.4 -1.283256
v -0.213304 2.4 1.283256
v -0.213234 3.0348 -0.290295
v -0.213234 3.0348 0.290295
v -0.213123 3.08115 -0.290138
v -0.213123 3.08115 0.290138
v -0.21074 0.046875 -1.267832
v -0.21074 0.046875 1.267832
v -0.209136 2.4408 -1.258183
v -0.209136 2.4408 1.258183
v -0.208794 2.86335 0.07027
v -0.208794 2.86335 -0.07027
v -0.2 2.7 0.0
v -0.2 2.7 0.0
v -0.2 2.7 0.0
v -0.2 2.7 0.0
v -0.198374 2.6592 -0.198374
v -0.198374 2.6592 0.198374
v -0.197684 2.4744 -1.189282
v -0.197684 2.4744 1.189282
v -0.197424 2.7 -0.032816
v -0.197424 2.7 0.032816
v -0.197424 2.7 0.032816
v -0.197424 2.7 -0.032816
v -0.195658 2.86335 -0.101925
v -0.195658 2.86335 0.101925
v -0.1946 3.14145 0.0
v -0.1946 3.14145 0.0
v -0.194472 2.9232 -0.194472
v -0.194472 2.9232 0.194472
v -0.193348 2.98125 -0.263232
v -0.193348 2.98125 0.263232
v -0.192107 3.14145 -0.032048
v -0.192107 3.14145 0.032048
v -0.189952 2.7 -0.063808
v -0.189952 2.7 0.063808
v -0.189952 2.7 0.063808
v -0.189952 2.7 -0.063808
v -0.187642 0.0312 1.12887
v -0.187642 0.0312 -1.12887
v -0.18487 3.14145 -0.062272
v -0.18487 3.14145 0.062272
v -0.183734 3.1176 -0.250127
v -0.183734 3.1176 0.250127
v -0.18111 2.6256 0.348105
v -0.18111 2.6256 -0.348105
v -0.180521 2.5026 -1.086029
v -0.180521 2.5026 1.086029
v -0.179756 0.002175 -0.345503
v -0.179756 0.002175 0.345503
v -0.1792 2.8044 0.0
v -0.1792 2.8044 0.0
v -0.177989 2.86335 -0.130707
v -0.177989 2.86335 0.130707
v -0.177968 2.7 -0.092592
v -0.177968 2.7 0.092592
v -0.177968 2.7 0.092592
v -0.177968 2.7 -0.092592
v -0.176897 2.8044 0.02945
v -0.176897 2.8044 -0.02945
v -0.173255 3.14145 -0.090306
v -0.173255 3.14145 0.090306
v -0.170215 2.8044 0.057246
v -0.170215 2.8044 -0.057246
v -0.167751 2.5974 -0.499384
v -0.167751 2.5974 0.499384
v -0.1674 2.74905 0.0
v -0.1674 2.74905 0.0
v -0.166306 3.0348 -0.319082
v -0.166306 3.0348 0.319082
v -0.166221 3.08115 0.318907
v -0.166221 3.08115 -0.318907
v -0.165941 2.6592 -0.226113
v -0.165941 2.6592 0.226113
v -0.165245 2.74905 0.02748
v -0.165245 2.74905 -0.02748
v -0.162745 2.9232 -0.221585
v -0.162745 2.9232 0.221585
v -0.161856 2.7 -0.118784
v -0.161856 2.7 0.118784
v -0.161856 2.7 0.118784
v -0.161856 2.7 -0.118784
v -0.159496 2.8044 0.083047
v -0.159496 2.8044 -0.083047
v -0.159223 2.5272 -0.957901
v -0.159223 2.5272 0.957901
v -0.158995 2.74905 0.053428
v -0.158995 2.74905 -0.053428
v -0.157626 3.14145 -0.115787
v -0.157626 3.14145 0.115787
v -0.156274 0.018225 0.940158
v -0.156274 0.018225 -0.940158
v -0.1562 2.86335 -0.1562
v -0.1562 2.86335 0.1562
v -0.150793 2.98125 -0.28934
v -0.150793 2.98125 0.28934
v -0.148969 2.74905 0.077523
v -0.148969 2.74905 -0.077523
v -0.145078 2.8044 0.106513
v -0.145078 2.8044 -0.106513
v -0.143301 3.1176 -0.274928
v -0.143301 3.1176 0.274928
v -0.142 2.7 -0.142
v -0.142 2.7 0.142
v -0.142 2.7 0.142
v -0.142 2.7 -0.142
v -0.138348 3.14145 -0.138348
v -0.138348 3.14145 0.138348
v -0.135489 2.74905 0.099446
v -0.135489 2.74905 -0.099446
v -0.135366 2.55 -0.814374
v -0.135366 2.55 0.814374
v -0.130707 2.86335 -0.177989
v -0.130707 2.86335 0.177989
v -0.129351 2.6592 0.248621
v -0.129351 2.6592 -0.248621
v -0.127304 2.8044 0.127304
v -0.127304 2.8044 -0.127304
v -0.12692 2.9232 -0.243569
v -0.12692 2.9232 0.243569
v -0.124808 2.6256 -0.371546
v -0.124808 2.6256 0.371546
v -0.123875 0.002175 0.368768
v -0.123875 0.002175 -0.368768
v -0.118874 2.74905 0.118874
v -0.118874 2.74905 -0.118874
v -0.118784 2.7 -0.161856
v -0.118784 2.7 0.161856
v -0.118784 2.7 0.161856
v -0.118784 2.7 -0.161856
v -0.115787 3.14145 -0.157626
v -0.115787 3.14145 0.157626
v -0.115381 0.0084 0.694143
v -0.115381 0.0084 -0.694143
v -0.114676 3.0348 -0.340477
v -0.114676 3.0348 0.340477
v -0.114619 3.08115 -0.340289
v -0.114619 3.08115 0.340289
v -0.110524 2.5728 -0.664924
v -0.110524 2.5728 0.664924
v -0.106513 2.8044 -0.145078
v -0.106513 2.8044 0.145078
v -0.103976 2.98125 -0.308744
v -0.103976 2.98125 0.308744
v -0.101925 2.86335 -0.195658
v -0.101925 2.86335 0.195658
v -0.099446 2.74905 0.135489
v -0.099446 2.74905 -0.135489
v -0.098814 3.1176 -0.29336
v -0.098814 3.1176 0.29336
v -0.092592 2.7 -0.177968
v -0.092592 2.7 0.177968
v -0.092592 2.7 -0.177968
v -0.092592 2.7 0.177968
v -0.090306 3.14145 -0.173255
v -0.090306 3.14145 0.173255
v -0.08914 2.6592 -0.265363
v -0.08914 2.6592 0.265363
v -0.087511 2.9232 -0.25991
v -0.087511 2.9232 0.25991
v -0.086273 2.5974 -0.519028
v -0.086273 2.5974 0.519028
v -0.083047 2.8044 -0.159496
v -0.083047 2.8044 0.159496
v -0.077523 2.74905 -0.148969
v -0.077523 2.74905 0.148969
v -0.07027 2.86335 -0.208794
v -0.07027 2.86335 0.208794
v -0.064188 2.6256 -0.386161
v -0.064188 2.6256 0.386161
v -0.063808 2.7 -0.189952
v -0.063808 2.7 0.189952
v -0.063808 2.7 -0.189952
v -0.063808 2.7 0.189952
v -0.063708 0.002175 0.383274
v -0.063708 0.002175 -0.383274
v -0.062272 3.14145 -0.18487
v -0.062272 3.14145 0.18487
v -0.059016 3.0348 -0.353807
v -0.059016 3.0348 0.353807
v -0.058988 3.08115 -0.35361
v -0.058988 3.08115 0.35361
v -0.057246 2.8044 -0.170215
v -0.057246 2.8044 0.170215
v -0.053508 2.98125 -0.320834
v -0.053508 2.98125 0.320834
v -0.053428 2.74905 -0.158995
v -0.053428 2.74905 0.158995
v -0.050855 3.1176 -0.304843
v -0.050855 3.1176 0.304843
v -0.045844 2.6592 -0.275801
v -0.045844 2.6592 0.275801
v -0.045032 2.9232 -0.270092
v -0.045032 2.9232 0.270092
v -0.036157 2.86335 -0.216979
v -0.036157 2.86335 0.216979
v -0.032816 2.7 -0.197424
v -0.032816 2.7 0.197424
v -0.032816 2.7 -0.197424
v -0.032816 2.7 0.197424
v -0.032048 3.14145 -0.192107
v -0.032048 3.14145 0.192107
v -0.02945 2.8044 -0.176897
v -0.02945 2.8044 0.176897
v -0.02748 2.74905 -0.165245
v -0.02748 2.74905 0.165245
v -0.0 0.260025 1.608
v -0.0 1.929525 1.71825
v -0.0 2.0856 -1.648
v -0.0 0.6564 -1.948
v -0.0 0.771675 -1.986
v -0.0 2.482687 1.382225
v -0.0 2.7 -0.2
v -0.0 0.127575 1.496475
v -0.0 2.4744 -1.2048
v -0.0 2.74905 -0.1674
v -0.0 0.018225 0.952425
v -0.0 0.046875 -1.284375
v -0.0 0.0648 1.3824
v -0.0 0.384375 1.75
v -0.0 0.4632 1.824
v -0.0 0.553725 -1.892
v -0.0 1.037175 1.99275
v -0.0 1.1784 1.972
v -0.0 1.323225 -1.93925
v -0.0 1.621875 -1.84375
v -0.0 1.7748 1.784
v -0.0 2.4 -1.3
v -0.0 2.435437 -1.480325
v -0.0 2.435437 -1.385925
v -0.0 2.463 -1.4596
v -0.0 2.463 -1.3804
v -0.0 2.4945 -1.3902
v -0.0 2.5026 -1.1002
v -0.0 2.8044 -0.1792
v -0.0 2.86335 -0.2198
v -0.0 2.5728 -0.6736
v -0.0 0.1056 1.4808
v -0.0 0.177075 -1.514
v -0.0 2.4945 -1.4198
v -0.0 2.5272 -0.9704
v -0.0 2.9232 -0.2736
v -0.0 3.1176 -0.3088
v -0.0 2.5974 -0.5258
v -0.0 2.7 -0.2
v -0.0 2.98125 -0.325
v -0.0 3.14145 -0.1946
v -0.0 0.002175 0.388275
v -0.0 3.08115 -0.3582
v 0.0 0.0 0.0
v 0.0 0.002175 -0.388275
v 0.0 0.002175 0.388275
v 0.0 0.0084 -0.7032
v 0.0 0.0084 0.7032
v 0.0 0.018225 -0.952425
v 0.0 0.018225 0.952425
v 0.0 0.0312 -1.1436
v 0.0 0.0312 -1.1436
v 0.0 0.0312 1.1436
v 0.0 0.0312 1.1436
v 0.0 0.046875 -1.284375
v 0.0 0.046875 1.284375
v 0.0 0.0648 -1.3824
v 0.0 0.0648 1.3824
v 0.0 0.084525 -1.445325
v 0.0 0.084525 -1.445325
v 0.0 0.084525 1.445325
v 0.0 0.084525 1.445325
v 0.0 0.1056 -1.4808
v 0.0 0.1056 1.4808
v 0.0 0.127575 -1.496475
v 0.0 0.127575 1.496475
v 0.0 0.15 -1.5
v 0.0 0.15 -1.5
v 0.0 0.15 1.5
v 0.0 0.15 1.5
v 0.0 0.177075 -1.514
v 0.0 0.177075 1.514
v 0.0 0.2136 -1.552
v 0.0 0.2136 -1.552
v 0.0 0.2136 1.552
v 0.0 0.2136 1.552
v 0.0 0.260025 -1.608
v 0.0 0.260025 1.608
v 0.0 0.3168 -1.676
v 0.0 0.3168 -1.676
v 0.0 0.3168 1.676
v 0.0 0.3168 1.676
v 0.0 0.384375 -1.75
v 0.0 0.384375 1.75
v 0.0 0.4632 -1.824
v 0.0 0.4632 1.824
v 0.0 0.553725 -1.892
v 0.0 0.553725 1.892
v 0.0 0.6564 -1.948
v 0.0 0.6564 1.948
v 0.0 0.771675 -1.986
v 0.0 0.771675 1.986
v 0.0 0.9 -2.0
v 0.0 0.9 -2.0
v 0.0 0.9 2.0
v 0.0 0.9 2.0
v 0.0 1.037175 -1.99275
v 0.0 1.037175 1.99275
v 0.0 1.1784 -1.972
v 0.0 1.1784 1.972
v 0.0 1.323225 -1.93925
v 0.0 1.323225 1.93925
v 0.0 1.4712 -1.896
v 0.0 1.4712 -1.896
v 0.0 1.4712 1.896
v 0.0 1.4712 1.896
v 0.0 1.621875 -1.84375
v 0.0 1.621875 1.84375
v 0.0 1.7748 -1.784
v 0.0 1.7748 1.784
v 0.0 1.929525 -1.71825
v 0.0 1.929525 1.71825
v 0.0 2.0856 -1.648
v 0.0 2.0856 1.648
v 0.0 2.242575 -1.57475
v 0.0 2.242575 -1.57475
v 0.0 2.242575 1.57475
v 0.0 2.242575 1.57475
v 0.0 2.4 -1.5
v 0.0 2.4 -1.5
v 0.0 2.4 -1.4
v 0.0 2.4 -1.4
v 0.0 2.4 -1.3
v 0.0 2.4 1.3
v 0.0 2.4 1.4
v 0.0 2.4 1.4
v 0.0 2.4 1.5
v 0.0 2.4 1.5
v 0.0 2.435437 -1.480325
v 0.0 2.435437 -1.385925
v 0.0 2.435437 1.385925
v 0.0 2.435437 1.480325
v 0.0 2.4408 -1.2746
v 0.0 2.4408 -1.2746
v 0.0 2.4408 1.2746
v 0.0 2.4408 1.2746
v 0.0 2.463 -1.4596
v 0.0 2.463 -1.3804
v 0.0 2.463 1.3804
v 0.0 2.463 1.4596
v 0.0 2.4744 -1.2048
v 0.0 2.4744 1.2048
v 0.0 2.482687 -1.439025
v 0.0 2.482687 -1.382225
v 0.0 2.482687 1.382225
v 0.0 2.482687 1.439025
v 0.0 2.4945 -1.4198
v 0.0 2.4945 -1.3902
v 0.0 2.4945 1.3902
v 0.0 2.4945 1.4198
v 0.0 2.498438 -1.403125
v 0.0 2.498438 -1.403125
v 0.0 2.498438 1.403125
v 0.0 2.498438 1.403125
v 0.0 2.5026 -1.1002
v 0.0 2.5026 1.1002
v 0.0 2.5272 -0.9704
v 0.0 2.5272 0.9704
v 0.0 2.55 -0.825
v 0.0 2.55 -0.825
v 0.0 2.55 0.825
v 0.0 2.55 0.825
v 0.0 2.5728 -0.6736
v 0.0 2.5728 0.6736
v 0.0 2.5974 -0.5258
v 0.0 2.5974 0.5258
v 0.0 2.6256 -0.3912
v 0.0 2.6256 -0.3912
v 0.0 2.6256 0.3912
v 0.0 2.6256 0.3912
v 0.0 2.6592 -0.2794
v 0.0 2.6592 0.2794
v 0.0 2.7 -0.2
v 0.0 2.7 -0.2
v 0.0 2.7 0.2
v 0.0 2.7 0.2
v 0.0 2.74905 -0.1674
v 0.0 2.74905 0.1674
v 0.0 2.8044 -0.1792
v 0.0 2.8044 0.1792
v 0.0 2.86335 -0.2198
v 0.0 2.86335 0.2198
v 0.0 2.9232 -0.2736
v 0.0 2.9232 0.2736
v 0.0 2.98125 -0.325
v 0.0 2.98125 0.325
v 0.0 3.0348 -0.3584
v 0.0 3.0348 -0.3584
v 0.0 3.0348 0.3584
v 0.0 3.0348 0.3584
v 0.0 3.08115 -0.3582
v 0.0 3.08115 0.3582
v 0.0 3.1176 -0.3088
v 0.0 3.1176 0.3088
v 0.0 3.14145 -0.1946
v 0.0 3.14145 0.1946
v 0.0 3.15 0.0
v 0.0 0.002175 -0.388275
v 0.0 3.08115 0.3582
v 0.0 2.5974 0.5258
v 0.0 2.7 0.2
v 0.0 2.98125 0.325
v 0.0 3.14145 0.1946
v 0.0 3.1176 0.3088
v 0.0 0.1056 -1.4808
v 0.0 0.177075 1.514
v 0.0 2.4945 1.4198
v 0.0 2.5272 0.9704
v 0.0 2.9232 0.2736
v 0.0 2.5728 0.6736
v 0.0 2.86335 0.2198
v 0.0 0.018225 -0.952425
v 0.0 0.046875 1.284375
v 0.0 0.0648 -1.3824
v 0.0 0.384375 -1.75
v 0.0 0.4632 -1.824
v 0.0 0.553725 1.892
v 0.0 1.037175 -1.99275
v 0.0 1.1784 -1.972
v 0.0 1.323225 1.93925
v 0.0 1.621875 1.84375
v 0.0 1.7748 -1.784
v 0.0 2.4 1.3
v 0.0 2.435437 1.385925
v 0.0 2.435437 1.480325
v 0.0 2.463 1.3804
v 0.0 2.463 1.4596
v 0.0 2.4945 1.3902
v 0.0 2.5026 1.1002
v 0.0 2.8044 0.1792
v 0.0 2.74905 0.1674
v 0.0 0.127575 -1.496475
v 0.0 2.4744 1.2048
v 0.0 0.6564 1.948
v 0.0 0.771675 1.986
v 0.0 2.482687 -1.382225
v 0.0 2.7 0.2
v 0.0 0.260025 -1.608
v 0.0 1.929525 -1.71825
v 0.0 2.0856 1.648
v 0.02748 2.74905 -0.165245
v 0.02748 2.74905 0.165245
v 0.02945 2.8044 -0.176897
v 0.02945 2.8044 0.176897
v 0.032048 3.14145 -0.192107
v 0.032048 3.14145 0.192107
v 0.032816 2.7 -0.197424
v 0.032816 2.7 0.197424
v 0.032816 2.7 -0.197424
v 0.032816 2.7 0.197424
v 0.036157 2.86335 -0.216979
v 0.036157 2.86335 0.216979
v 0.045032 2.9232 -0.270092
v 0.045032 2.9232 0.270092
v 0.045844 2.6592 -0.275801
v 0.045844 2.6592 0.275801
v 0.050855 3.1176 -0.304843
v 0.050855 3.1176 0.304843
v 0.053428 2.74905 -0.158995
v 0.053428 2.74905 0.158995
v 0.053508 2.98125 -0.320834
v 0.053508 2.98125 0.320834
v 0.057246 2.8044 -0.170215
v 0.057246 2.8044 0.170215
v 0.058988 3.08115 -0.35361
v 0.058988 3.08115 0.35361
v 0.059016 3.0348 -0.353807
v 0.059016 3.0348 0.353807
v 0.062272 3.14145 -0.18487
v 0.062272 3.14145 0.18487
v 0.063708 0.002175 0.383274
v 0.063708 0.002175 -0.383274
v 0.063808 2.7 -0.189952
v 0.063808 2.7 0.189952
v 0.063808 2.7 -0.189952
v 0.063808 2.7 0.189952
v 0.064188 2.6256 -0.386161
v 0.064188 2.6256 0.386161
v 0.07027 2.86335 -0.208794
v 0.07027 2.86335 0.208794
v 0.077523 2.74905 -0.148969
v 0.077523 2.74905 0.148969
v 0.083047 2.8044 -0.159496
v 0.083047 2.8044 0.159496
v 0.086273 2.5974 -0.519028
v 0.086273 2.5974 0.519028
v 0.087511 2.9232 -0.25991
v 0.087511 2.9232 0.25991
v 0.08914 2.6592 -0.265363
v 0.08914 2.6592 0.265363
v 0.090306 3.14145 -0.173255
v 0.090306 3.14145 0.173255
v 0.092592 2.7 -0.177968
v 0.092592 2.7 0.177968
v 0.092592 2.7 -0.177968
v 0.092592 2.7 0.177968
v 0.098814 3.1176 -0.29336
v 0.098814 3.1176 0.29336
v 0.099446 2.74905 0.135489
v 0.099446 2.74905 -0.135489
v 0.101925 2.86335 -0.195658
v 0.101925 2.86335 0.195658
v 0.103976 2.98125 -0.308744
v 0.103976 2.98125 0.308744
v 0.106513 2.8044 -0.145078
v 0.106513 2.8044 0.145078
v 0.110524 2.5728 -0.664924
v 0.110524 2.5728 0.664924
v 0.114619 3.08115 -0.340289
v 0.114619 3.08115 0.340289
v 0.114676 3.0348 -0.340477
v 0.114676 3.0348 0.340477
v 0.115381 0.0084 0.694143
v 0.115381 0.0084 -0.694143
v 0.115787 3.14145 -0.157626
v 0.115787 3.14145 0.157626
v 0.118784 2.7 0.161856
v 0.118784 2.7 -0.161856
v 0.118784 2.7 -0.161856
v 0.118784 2.7 0.161856
v 0.118874 2.74905 0.118874
v 0.118874 2.74905 -0.118874
v 0.123875 0.002175 0.368768
v 0.123875 0.002175 -0.368768
v 0.124808 2.6256 -0.371546
v 0.124808 2.6256 0.371546
v 0.12692 2.9232 -0.243569
v 0.12692 2.9232 0.243569
v 0.127304 2.8044 0.127304
v 0.127304 2.8044 -0.127304
v 0.129351 2.6592 0.248621
v 0.129351 2.6592 -0.248621
v 0.130707 2.86335 -0.177989
v 0.130707 2.86335 0.177989
v 0.135366 2.55 -0.814374
v 0.135366 2.55 0.814374
v 0.135489 2.74905 0.099446
v 0.135489 2.74905 -0.099446
v 0.138348 3.14145 -0.138348
v 0.138348 3.14145 0.138348
v 0.142 2.7 0.142
v 0.142 2.7 -0.142
v 0.142 2.7 -0.142
v 0.142 2.7 0.142
v 0.143301 3.1176 -0.274928
v 0.143301 3.1176 0.274928
v 0.145078 2.8044 0.106513
v 0.145078 2.8044 -0.106513
v 0.148969 2.74905 0.077523
v 0.148969 2.74905 -0.077523
v 0.150793 2.98125 -0.28934
v 0.150793 2.98125 0.28934
v 0.1562 2.86335 -0.1562
v 0.1562 2.86335 0.1562
v 0.156274 0.018225 0.940158
v 0.156274 0.018225 -0.940158
v 0.157626 3.14145 -0.115787
v 0.157626 3.14145 0.115787
v 0.158995 2.74905 0.053428
v 0.158995 2.74905 -0.053428
v 0.159223 2.5272 -0.957901
v 0.159223 2.5272 0.957901
v 0.159496 2.8044 0.083047
v 0.159496 2.8044 -0.083047
v 0.161856 2.7 0.118784
v 0.161856 2.7 -0.118784
v 0.161856 2.7 -0.118784
v 0.161856 2.7 0.118784
v 0.162745 2.9232 -0.221585
v 0.162745 2.9232 0.221585
v 0.165245 2.74905 0.02748
v 0.165245 2.74905 -0.02748
v 0.165941 2.6592 -0.226113
v 0.165941 2.6592 0.226113
v 0.166221 3.08115 0.318907
v 0.166221 3.08115 -0.318907
v 0.166306 3.0348 -0.319082
v 0.166306 3.0348 0.319082
v 0.1674 2.74905 -0.0
v 0.1674 2.74905 0.0
v 0.167751 2.5974 -0.499384
v 0.167751 2.5974 0.499384
v 0.170215 2.8044 0.057246
v 0.170215 2.8044 -0.057246
v 0.173255 3.14145 -0.090306
v 0.173255 3.14145 0.090306
v 0.176897 2.8044 0.02945
v 0.176897 2.8044 -0.02945
v 0.177968 2.7 0.092592
v 0.177968 2.7 -0.092592
v 0.177968 2.7 -0.092592
v 0.177968 2.7 0.092592
v 0.177989 2.86335 -0.130707
v 0.177989 2.86335 0.130707
v 0.1792 2.8044 -0.0
v 0.1792 2.8044 0.0
v 0.179756 0.002175 -0.345503
v 0.179756 0.002175 0.345503
v 0.180521 2.5026 -1.086029
v 0.180521 2.5026 1.086029
v 0.18111 2.6256 0.348105
v 0.18111 2.6256 -0.348105
v 0.183734 3.1176 -0.250127
v 0.183734 3.1176 0.250127
v 0.18487 3.14145 -0.062272
v 0.18487 3.14145 0.062272
v 0.187642 0.0312 1.12887
v 0.187642 0.0312 -1.12887
v 0.189952 2.7 0.063808
v 0.189952 2.7 -0.063808
v 0.189952 2.7 -0.063808
v 0.189952 2.7 0.063808
v 0.192107 3.14145 -0.032048
v 0.192107 3.14145 0.032048
v 0.193348 2.98125 -0.263232
v 0.193348 2.98125 0.263232
v 0.194472 2.9232 -0.194472
v 0.194472 2.9232 0.194472
v 0.1946 3.14145 0.0
v 0.1946 3.14145 -0.0
v 0.195658 2.86335 -0.101925
v 0.195658 2.86335 0.101925
v 0.197424 2.7 0.032816
v 0.197424 2.7 -0.032816
v 0.197424 2.7 -0.032816
v 0.197424 2.7 0.032816
v 0.197684 2.4744 -1.189282
v 0.197684 2.4744 1.189282
v 0.198374 2.6592 -0.198374
v 0.198374 2.6592 0.198374
v 0.2 2.7 -0.0
v 0.2 2.7 0.0
v 0.2 2.7 0.0
v 0.2 2.7 -0.0
v 0.208794 2.86335 0.07027
v 0.208794 2.86335 -0.07027
v 0.209136 2.4408 -1.258183
v 0.209136 2.4408 1.258183
v 0.21074 0.046875 -1.267832
v 0.21074 0.046875 1.267832
v 0.213123 3.08115 -0.290138
v 0.213123 3.08115 0.290138
v 0.213234 3.0348 -0.290295
v 0.213234 3.0348 0.290295
v 0.213304 2.4 -1.283256
v 0.213304 2.4 1.283256
v 0.214905 2.5728 -0.639758
v 0.214905 2.5728 0.639758
v 0.216979 2.86335 0.036157
v 0.216979 2.86335 -0.036157
v 0.219536 3.1176 -0.219536
v 0.219536 3.1176 0.219536
v 0.2198 2.86335 -0.0
v 0.2198 2.86335 0.0
v 0.221585 2.9232 -0.162745
v 0.221585 2.9232 0.162745
v 0.224349 0.0084 0.667871
v 0.224349 0.0084 -0.667871
v 0.226113 2.6592 -0.165941
v 0.226113 2.6592 0.165941
v 0.226496 2.463 -1.36262
v 0.226496 2.463 1.36262
v 0.226795 2.482687 1.364422
v 0.226795 2.482687 -1.364422
v 0.226824 0.0648 1.364595
v 0.226824 0.0648 -1.364595
v 0.227403 2.435437 -1.368074
v 0.227403 2.435437 1.368074
v 0.228104 2.4945 -1.372294
v 0.228104 2.4945 1.372294
v 0.229712 2.4 -1.381968
v 0.229712 2.4 1.381968
v 0.230225 2.498438 -1.385053
v 0.230225 2.498438 1.385053
v 0.230604 0.002175 -0.314223
v 0.230604 0.002175 0.314223
v 0.231031 2.98125 -0.231031
v 0.231031 2.98125 0.231031
v 0.232342 2.6256 -0.31659
v 0.232342 2.6256 0.31659
v 0.232961 2.4945 -1.401513
v 0.232961 2.4945 1.401513
v 0.236115 2.482687 -1.42049
v 0.236115 2.482687 1.42049
v 0.237149 0.084525 1.426709
v 0.237149 0.084525 -1.426709
v 0.239491 2.463 -1.4408
v 0.239491 2.463 1.4408
v 0.242892 2.435437 -1.461258
v 0.242892 2.435437 1.461258
v 0.24297 0.1056 1.461727
v 0.24297 0.1056 -1.461727
v 0.243424 2.5974 0.467878
v 0.243424 2.5974 -0.467878
v 0.243569 2.9232 -0.12692
v 0.243569 2.9232 0.12692
v 0.245542 0.127575 1.4772
v 0.245542 0.127575 -1.4772
v 0.24612 0.15 -1.48068
v 0.24612 2.4 -1.48068
v 0.24612 0.15 1.48068
v 0.24612 0.15 1.48068
v 0.24612 2.4 1.48068
v 0.24612 0.15 -1.48068
v 0.248417 0.177075 -1.4945
v 0.248417 0.177075 1.4945
v 0.248621 2.6592 0.129351
v 0.248621 2.6592 -0.129351
v 0.250127 3.1176 -0.183734
v 0.250127 3.1176 0.183734
v 0.254652 0.2136 -1.53201
v 0.254652 0.2136 1.53201
v 0.254653 3.08115 -0.254653
v 0.254653 3.08115 0.254653
v 0.254788 3.0348 -0.254788
v 0.254788 3.0348 0.254788
v 0.258385 2.242575 -1.554467
v 0.258385 2.242575 1.554467
v 0.25991 2.9232 -0.087511
v 0.25991 2.9232 0.087511
v 0.263208 2.55 -0.783552
v 0.263208 2.55 0.783552
v 0.263232 2.98125 -0.193348
v 0.263232 2.98125 0.193348
v 0.263841 0.260025 1.587289
v 0.263841 0.260025 -1.587289
v 0.265363 2.6592 -0.08914
v 0.265363 2.6592 0.08914
v 0.270092 2.9232 -0.045032
v 0.270092 2.9232 0.045032
v 0.270404 2.0856 -1.626774
v 0.270404 2.0856 1.626774
v 0.2736 2.9232 -0.0
v 0.2736 2.9232 0.0
v 0.274928 3.1176 -0.143301
v 0.274928 3.1176 0.143301
v 0.274998 0.3168 -1.654413
v 0.274998 0.3168 1.654413
v 0.275675 0.002175 -0.275675
v 0.275675 0.002175 0.275675
v 0.275801 2.6592 -0.045844
v 0.275801 2.6592 0.045844
v 0.277752 2.6256 -0.277752
v 0.277752 2.6256 0.277752
v 0.2794 2.6592 0.0
v 0.28193 1.929525 1.696119
v 0.28193 1.929525 -1.696119
v 0.28714 0.384375 -1.72746
v 0.28714 0.384375 1.72746
v 0.28934 2.98125 -0.150793
v 0.28934 2.98125 0.150793
v 0.290138 3.08115 -0.213123
v 0.290138 3.08115 0.213123
v 0.290295 3.0348 -0.213234
v 0.290295 3.0348 0.213234
v 0.292719 1.7748 -1.761022
v 0.292719 1.7748 1.761022
v 0.29336 3.1176 -0.098814
v 0.29336 3.1176 0.098814
v 0.299282 0.4632 -1.800507
v 0.299282 0.4632 1.800507
v 0.302522 1.621875 -1.820003
v 0.302523 1.621875 1.820003
v 0.303862 0.018225 0.904575
v 0.303862 0.018225 -0.904575
v 0.304843 3.1176 -0.050855
v 0.304843 3.1176 0.050855
v 0.308744 2.98125 -0.103976
v 0.308744 2.98125 0.103976
v 0.3088 3.1176 0.0
v 0.3088 3.1176 -0.0
v 0.309596 2.5272 -0.921647
v 0.309596 2.5272 0.921647
v 0.310439 0.553725 -1.867631
v 0.310439 0.553725 1.867631
v 0.311096 1.4712 -1.87158
v 0.311096 1.4712 1.87158
v 0.31185 2.5728 -0.599396
v 0.31185 2.5728 0.599396
v 0.312283 2.5974 -0.425519
v 0.312283 2.5974 0.425519
v 0.314223 0.002175 -0.230604
v 0.314223 0.002175 0.230604
v 0.31659 2.6256 -0.232342
v 0.31659 2.6256 0.232342
v 0.318192 1.323225 -1.914272
v 0.318192 1.323225 1.914272
v 0.318907 3.08115 -0.166221
v 0.318907 3.08115 0.166221
v 0.319082 3.0348 -0.166306
v 0.319082 3.0348 0.166306
v 0.319628 0.6564 -1.92291
v 0.319628 0.6564 1.92291
v 0.320834 2.98125 -0.053508
v 0.320834 2.98125 0.053508
v 0.323566 1.1784 -1.946601
v 0.323566 1.1784 1.946601
v 0.325 2.98125 0.0
v 0.325 2.98125 -0.0
v 0.325553 0.0084 -0.625735
v 0.325553 0.0084 0.625735
v 0.325863 0.771675 -1.96042
v 0.325863 0.771675 1.96042
v 0.32697 1.037175 -1.967083
v 0.32697 1.037175 1.967083
v 0.32816 0.9 -1.97424
v 0.32816 0.9 -1.97424
v 0.32816 0.9 1.97424
v 0.340289 3.08115 -0.114619
v 0.340289 3.08115 0.114619
v 0.340477 3.0348 -0.114676
v 0.340477 3.0348 0.114676
v 0.345503 0.002175 -0.179756
v 0.345503 0.002175 0.179756
v 0.348105 2.6256 -0.18111
v 0.348105 2.6256 0.18111
v 0.351008 2.5026 -1.044926
v 0.351008 2.5026 1.044926
v 0.35361 3.08115 -0.058988
v 0.35361 3.08115 0.058988
v 0.353807 3.0348 -0.059016
v 0.353807 3.0348 0.059016
v 0.3582 3.08115 -0.0
v 0.3582 3.08115 0.0
v 0.3584 3.0348 0.0
v 0.3584 3.0348 0.0
v 0.364854 0.0312 1.086146
v 0.364854 0.0312 -1.086146
v 0.368768 0.002175 -0.123875
v 0.368768 0.002175 0.123875
v 0.371546 2.6256 -0.124808
v 0.371546 2.6256 0.124808
v 0.373318 2.5974 -0.373318
v 0.373318 2.5974 0.373318
v 0.381942 2.55 -0.734118
v 0.381942 2.55 0.734118
v 0.383274 0.002175 -0.063708
v 0.383274 0.002175 0.063708
v 0.384379 2.4744 -1.144271
v 0.384379 2.4744 1.144271
v 0.386161 2.6256 -0.064188
v 0.386161 2.6256 0.064188
v 0.388275 0.002175 0.0
v 0.388275 0.002175 0.0
v 0.3912 2.6256 0.0
v 0.3912 2.6256 0.0
v 0.400065 2.5728 -0.545131
v 0.400065 2.5728 0.545131
v 0.406648 2.4408 -1.210564
v 0.406648 2.4408 1.210564
v 0.409767 0.046875 1.219848
v 0.409767 0.046875 -1.219848
v 0.414752 2.4 -1.234688
v 0.414752 2.4 1.234688
v 0.417645 0.0084 -0.569086
v 0.417645 0.0084 0.569086
v 0.425519 2.5974 0.312283
v 0.425519 2.5974 -0.312283
v 0.440403 2.463 -1.311049
v 0.440403 2.463 1.311049
v 0.440935 0.018225 0.847506
v 0.440935 0.018225 -0.847506
v 0.440985 2.482687 -1.312782
v 0.440985 2.482687 1.312782
v 0.441041 0.0648 1.312948
v 0.441041 0.0648 -1.312948
v 0.442166 2.435437 -1.316296
v 0.442166 2.435437 1.316296
v 0.443529 2.4945 -1.320356
v 0.443529 2.4945 1.320356
v 0.446656 2.4 -1.329664
v 0.446656 2.4 1.329664
v 0.447653 2.498438 -1.332632
v 0.447653 2.498438 1.332632
v 0.449256 2.5272 -0.863501
v 0.449256 2.5272 0.863501
v 0.452973 2.4945 -1.348469
v 0.452973 2.4945 1.348469
v 0.459107 2.482687 -1.366728
v 0.459107 2.482687 1.366728
v 0.461116 0.084525 1.372712
v 0.461116 0.084525 -1.372712
v 0.465671 2.463 -1.38627
v 0.465671 2.463 1.38627
v 0.467878 2.5974 -0.243424
v 0.467878 2.5974 0.243424
v 0.472283 2.435437 -1.405953
v 0.472283 2.435437 1.405953
v 0.472434 0.1056 1.406405
v 0.472434 0.1056 -1.406405
v 0.477435 0.127575 1.421292
v 0.477435 0.127575 -1.421292
v 0.478256 2.5728 -0.478256
v 0.478256 2.5728 0.478256
v 0.47856 0.15 -1.42464
v 0.47856 2.4 -1.42464
v 0.47856 0.15 1.42464
v 0.47856 0.15 1.42464
v 0.47856 0.15 -1.42464
v 0.47856 2.4 1.42464
v 0.483027 0.177075 -1.437937
v 0.483027 0.177075 1.437937
v 0.489984 2.55 -0.667656
v 0.489984 2.55 0.667656
v 0.49515 0.2136 -1.474028
v 0.49515 0.2136 1.474028
v 0.499272 0.0084 -0.499272
v 0.499272 0.0084 0.499272
v 0.499384 2.5974 -0.167751
v 0.499384 2.5974 0.167751
v 0.502408 2.242575 -1.495635
v 0.502408 2.242575 1.495635
v 0.509349 2.5026 0.979002
v 0.509349 2.5026 -0.979002
v 0.513016 0.260025 -1.527214
v 0.513016 0.260025 1.527214
v 0.519028 2.5974 0.086273
v 0.519028 2.5974 -0.086273
v 0.525778 2.0856 -1.565204
v 0.525778 2.0856 1.565204
v 0.5258 2.5974 -0.0
v 0.5258 2.5974 0.0
v 0.529441 0.0312 -1.017621
v 0.529441 0.0312 1.017621
v 0.534711 0.3168 -1.591798
v 0.534711 0.3168 1.591798
v 0.545131 2.5728 -0.400065
v 0.545131 2.5728 0.400065
v 0.54819 1.929525 -1.631925
v 0.54819 1.929525 1.631925
v 0.557774 2.4744 -1.072079
v 0.557774 2.4744 1.072079
v 0.55832 0.384375 -1.66208
v 0.55832 0.384375 1.66208
v 0.565664 0.018225 0.770779
v 0.565664 0.018225 -0.770779
v 0.569086 0.0084 -0.417645
v 0.569086 0.0084 0.417645
v 0.569167 1.7748 -1.694372
v 0.569167 1.7748 1.694372
v 0.57634 2.5272 -0.785325
v 0.57634 2.5272 0.785325
v 0.581929 0.4632 -1.732362
v 0.581929 0.4632 1.732362
v 0.58575 2.55 -0.58575
v 0.58575 2.55 0.58575
v 0.58823 1.621875 -1.75112
v 0.58823 1.621875 1.75112
v 0.590089 2.4408 1.13419
v 0.590089 2.4408 -1.13419
v 0.594614 0.046875 -1.142888
v 0.594614 0.046875 1.142888
v 0.599396 2.5728 -0.31185
v 0.599396 2.5728 0.31185
v 0.601848 2.4 -1.156792
v 0.601848 2.4 1.156792
v 0.603624 0.553725 -1.796946
v 0.603624 0.553725 1.796946
v 0.6049 1.4712 -1.800745
v 0.6049 1.4712 1.800745
v 0.618698 1.323225 -1.841822
v 0.618698 1.323225 1.841822
v 0.62149 0.6564 -1.850132
v 0.62149 0.6564 1.850132
v 0.625735 0.0084 0.325553
v 0.625735 0.0084 -0.325553
v 0.629147 1.1784 -1.872927
v 0.629147 1.1784 1.872927
v 0.633613 0.771675 -1.886223
v 0.633613 0.771675 1.886223
v 0.635767 1.037175 -1.892634
v 0.635767 1.037175 1.892634
v 0.63808 0.9 -1.89952
v 0.63808 0.9 -1.89952
v 0.63808 0.9 1.89952
v 0.63808 0.9 1.89952
v 0.63907 2.463 -1.228335
v 0.63907 2.463 1.228335
v 0.639758 2.5728 -0.214905
v 0.639758 2.5728 0.214905
v 0.639915 2.482687 1.229959
v 0.639915 2.482687 -1.229959
v 0.639996 0.0648 -1.230115
v 0.639996 0.0648 1.230115
v 0.641628 2.435437 -1.233252
v 0.641628 2.435437 1.233252
v 0.643607 2.4945 -1.237056
v 0.643607 2.4945 1.237056
v 0.648144 2.4 -1.245776
v 0.648144 2.4 1.245776
v 0.649591 2.498438 -1.248557
v 0.649591 2.498438 1.248557
v 0.653431 2.5026 -0.89037
v 0.653431 2.5026 0.89037
v 0.657311 2.4945 -1.263395
v 0.657311 2.4945 1.263395
v 0.664924 2.5728 -0.110524
v 0.664924 2.5728 0.110524
v 0.666211 2.482687 1.280502
v 0.666211 2.482687 -1.280502
v 0.667656 2.55 -0.489984
v 0.667656 2.55 0.489984
v 0.667871 0.0084 -0.224349
v 0.667871 0.0084 0.224349
v 0.669128 0.084525 -1.286108
v 0.669128 0.084525 1.286108
v 0.6736 2.5728 0.0
v 0.6736 2.5728 -0.0
v 0.675736 2.463 -1.29881
v 0.675736 2.463 1.29881
v 0.676222 0.018225 0.676222
v 0.676222 0.018225 -0.676222
v 0.679207 0.0312 -0.925493
v 0.679207 0.0312 0.925493
v 0.685331 2.435437 -1.317252
v 0.685331 2.435437 1.317252
v 0.685551 0.1056 -1.317675
v 0.685551 0.1056 1.317675
v 0.688984 2.5272 -0.688984
v 0.688984 2.5272 0.688984
v 0.692808 0.127575 1.331623
v 0.692808 0.127575 -1.331623
v 0.694143 0.0084 -0.115381
v 0.694143 0.0084 0.115381
v 0.69444 0.15 1.33476
v 0.69444 0.15 -1.33476
v 0.69444 2.4 1.33476
v 0.69444 0.15 -1.33476
v 0.69444 0.15 1.33476
v 0.69444 2.4 -1.33476
v 0.700921 0.177075 1.347218
v 0.700921 0.177075 -1.347218
v 0.7032 0.0084 0.0
v 0.715555 2.4744 -0.975021
v 0.715555 2.4744 0.975021
v 0.718514 0.2136 1.381032
v 0.718514 0.2136 -1.381032
v 0.729046 2.242575 -1.401276
v 0.729046 2.242575 1.401276
v 0.734118 2.55 -0.381942
v 0.734118 2.55 0.381942
v 0.74444 0.260025 1.430863
v 0.74444 0.260025 -1.430863
v 0.75701 2.4408 1.031508
v 0.75701 2.4408 -1.031508
v 0.762816 0.046875 -1.039419
v 0.762816 0.046875 1.039419
v 0.762958 2.0856 -1.466456
v 0.762958 2.0856 1.466456
v 0.770779 0.018225 0.565664
v 0.770779 0.018225 -0.565664
v 0.772096 2.4 -1.052064
v 0.772096 2.4 1.052064
v 0.775921 0.3168 -1.491372
v 0.775921 0.3168 1.491372
v 0.781142 2.5026 -0.781142
v 0.781142 2.5026 0.781142
v 0.783552 2.55 -0.263208
v 0.783552 2.55 0.263208
v 0.785325 2.5272 -0.57634
v 0.785325 2.5272 0.57634
v 0.795481 1.929525 1.528968
v 0.795481 1.929525 -1.528968
v 0.81018 0.384375 1.55722
v 0.81018 0.384375 -1.55722
v 0.811956 0.0312 0.811956
v 0.811956 0.0312 -0.811956
v 0.814374 2.55 -0.135366
v 0.814374 2.55 0.135366
v 0.819847 2.463 -1.11713
v 0.819847 2.463 1.11713
v 0.820931 2.482687 1.118607
v 0.820931 2.482687 -1.118607
v 0.821035 0.0648 1.118749
v 0.821035 0.0648 -1.118749
v 0.823129 2.435437 -1.121601
v 0.823129 2.435437 1.121601
v 0.825 2.55 0.0
v 0.825 2.55 0.0
v 0.825668 2.4945 -1.125061
v 0.825668 2.4945 1.125061
v 0.825921 1.7748 1.587475
v 0.825921 1.7748 -1.587475
v 0.831488 2.4 -1.132992
v 0.831488 2.4 1.132992
v 0.833344 2.498438 -1.135521
v 0.833344 2.498438 1.135521
v 0.843248 2.4945 -1.149016
v 0.843248 2.4945 1.149016
v 0.844439 0.4632 1.623068
v 0.844439 0.4632 -1.623068
v 0.847506 0.018225 -0.440935
v 0.847506 0.018225 0.440935
v 0.853583 1.621875 -1.640643
v 0.853583 1.621875 1.640643
v 0.854666 2.482687 -1.164574
v 0.854666 2.482687 1.164574
v 0.855408 2.4744 -0.855408
v 0.855408 2.4744 0.855408
v 0.858407 0.084525 -1.169673
v 0.858407 0.084525 1.169673
v 0.863501 2.5272 -0.449256
v 0.863501 2.5272 0.449256
v 0.866886 2.463 -1.181225
v 0.866886 2.463 1.181225
v 0.87592 0.553725 -1.683577
v 0.87592 0.553725 1.683577
v 0.877772 1.4712 -1.687137
v 0.877772 1.4712 1.687137
v 0.879195 2.435437 -1.197997
v 0.879195 2.435437 1.197997
v 0.879477 0.1056 -1.198382
v 0.879477 0.1056 1.198382
v 0.888786 0.127575 1.211067
v 0.888786 0.127575 -1.211067
v 0.89037 2.5026 -0.653431
v 0.89037 2.5026 0.653431
v 0.89088 0.15 -1.21392
v 0.89088 0.15 1.21392
v 0.89088 2.4 -1.21392
v 0.89088 0.15 -1.21392
v 0.89088 0.15 1.21392
v 0.89088 2.4 1.21392
v 0.897795 1.323225 -1.725622
v 0.897795 1.323225 1.725622
v 0.899195 0.177075 1.22525
v 0.899195 0.177075 -1.22525
v 0.901846 0.6564 -1.733408
v 0.901846 0.6564 1.733408
v 0.904575 0.018225 0.303862
v 0.904575 0.018225 -0.303862
v 0.904966 2.4408 0.904966
v 0.904966 2.4408 -0.904966
v 0.911906 0.046875 -0.911906
v 0.911906 0.046875 0.911906
v 0.912957 1.1784 -1.754764
v 0.912957 1.1784 1.754764
v 0.919439 0.771675 -1.767222
v 0.919439 0.771675 1.767222
v 0.921647 2.5272 -0.309596
v 0.921647 2.5272 0.309596
v 0.921764 0.2136 1.256003
v 0.921764 0.2136 -1.256003
v 0.922564 1.037175 1.773229
v 0.922564 1.037175 -1.773229
v 0.923 2.4 -0.923
v 0.923 2.4 0.923
v 0.925493 0.0312 0.679207
v 0.925493 0.0312 -0.679207
v 0.92592 0.9 1.77968
v 0.92592 0.9 -1.77968
v 0.92592 0.9 -1.77968
v 0.92592 0.9 1.77968
v 0.935276 2.242575 -1.274414
v 0.935276 2.242575 1.274414
v 0.940158 0.018225 0.156274
v 0.940158 0.018225 -0.156274
v 0.952425 0.018225 0.0
v 0.952425 0.018225 0.0
v 0.955023 0.260025 1.301322
v 0.955023 0.260025 -1.301322
v 0.957901 2.5272 -0.159223
v 0.957901 2.5272 0.159223
v 0.9704 2.5272 0.0
v 0.9704 2.5272 -0.0
v 0.975021 2.4744 -0.715555
v 0.975021 2.4744 0.715555
v 0.97878 2.0856 -1.333693
v 0.97878 2.0856 1.333693
v 0.979002 2.5026 0.509349
v 0.979002 2.5026 -0.509349
v 0.980084 2.463 -0.980084
v 0.980084 2.463 0.980084
v 0.98138 2.482687 -0.98138
v 0.98138 2.482687 0.98138
v 0.981504 0.0648 0.981504
v 0.981504 0.0648 -0.981504
v 0.984007 2.435437 -0.984007
v 0.984007 2.435437 0.984007
v 0.987042 2.4945 -0.987042
v 0.987042 2.4945 0.987042
v 0.994 2.4 -0.994
v 0.994 2.4 0.994
v 0.99541 0.3168 -1.356353
v 0.99541 0.3168 1.356353
v 0.996219 2.498438 -0.996219
v 0.996219 2.498438 0.996219
v 1.008058 2.4945 -1.008058
v 1.008058 2.4945 1.008058
v 1.017621 0.0312 0.529441
v 1.017621 0.0312 -0.529441
v 1.020503 1.929525 -1.390545
v 1.020503 1.929525 1.390545
v 1.021708 2.482687 -1.021708
v 1.021708 2.482687 1.021708
v 1.026181 0.084525 -1.026181
v 1.026181 0.084525 1.026181
v 1.031508 2.4408 0.75701
v 1.031508 2.4408 -0.75701
v 1.036316 2.463 -1.036316
v 1.036316 2.463 1.036316
v 1.03936 0.384375 -1.41624
v 1.03936 0.384375 1.41624
v 1.039419 0.046875 -0.762816
v 1.039419 0.046875 0.762816
v 1.044926 2.5026 -0.351008
v 1.044926 2.5026 0.351008
v 1.051031 2.435437 -1.051031
v 1.051031 2.435437 1.051031
v 1.051368 0.1056 -1.051368
v 1.051368 0.1056 1.051368
v 1.052064 2.4 -0.772096
v 1.052064 2.4 0.772096
v 1.059553 1.7748 -1.443756
v 1.059553 1.7748 1.443756
v 1.062497 0.127575 1.062497
v 1.062497 0.127575 -1.062497
v 1.065 0.15 -1.065
v 1.065 0.15 1.065
v 1.065 2.4 -1.065
v 1.065 2.4 1.065
v 1.072079 2.4744 -0.557774
v 1.072079 2.4744 0.557774
v 1.07494 0.177075 -1.07494
v 1.07494 0.177075 1.07494
v 1.08331 0.4632 -1.476127
v 1.08331 0.4632 1.476127
v 1.086029 2.5026 0.180521
v 1.086029 2.5026 -0.180521
v 1.086146 0.0312 0.364854
v 1.086146 0.0312 -0.364854
v 1.09504 1.621875 -1.49211
v 1.09504 1.621875 1.49211
v 1.1002 2.5026 -0.0
v 1.1002 2.5026 0.0
v 1.10192 0.2136 1.10192
v 1.10192 0.2136 -1.10192
v 1.11713 2.463 -0.819847
v 1.11713 2.463 0.819847
v 1.118073 2.242575 -1.118073
v 1.118073 2.242575 1.118073
v 1.118607 2.482687 -0.820931
v 1.118607 2.482687 0.820931
v 1.118749 0.0648 -0.821035
v 1.118749 0.0648 0.821035
v 1.121601 2.435437 -0.823129
v 1.121601 2.435437 0.823129
v 1.123697 0.553725 -1.531158
v 1.123697 0.553725 1.531158
v 1.125061 2.4945 -0.825668
v 1.125061 2.4945 0.825668
v 1.126072 1.4712 -1.534395
v 1.126072 1.4712 1.534395
v 1.12887 0.0312 -0.187642
v 1.12887 0.0312 0.187642
v 1.132992 2.4 -0.831488
v 1.132992 2.4 0.831488
v 1.13419 2.4408 0.590089
v 1.13419 2.4408 -0.590089
v 1.135521 2.498438 -0.833344
v 1.135521 2.498438 0.833344
v 1.14168 0.260025 1.14168
v 1.14168 0.260025 -1.14168
v 1.142888 0.046875 -0.594614
v 1.142888 0.046875 0.594614
v 1.1436 0.0312 0.0
v 1.1436 0.0312 0.0
v 1.144271 2.4744 -0.384379
v 1.144271 2.4744 0.384379
v 1.149016 2.4945 -0.843248
v 1.149016 2.4945 0.843248
v 1.151759 1.323225 -1.569396
v 1.151759 1.323225 1.569396
v 1.156792 2.4 -0.601848
v 1.156792 2.4 0.601848
v 1.156956 0.6564 -1.576477
v 1.156956 0.6564 1.576477
v 1.164574 2.482687 -0.854666
v 1.164574 2.482687 0.854666
v 1.169673 0.084525 -0.858407
v 1.169673 0.084525 0.858407
v 1.17008 2.0856 -1.17008
v 1.17008 2.0856 1.17008
v 1.17121 1.1784 -1.5959
v 1.17121 1.1784 1.5959
v 1.179525 0.771675 -1.60723
v 1.179525 0.771675 1.60723
v 1.181225 2.463 -0.866886
v 1.181225 2.463 0.866886
v 1.183534 1.037175 -1.612693
v 1.183534 1.037175 1.612693
v 1.18784 0.9 -1.61856
v 1.18784 0.9 -1.61856
v 1.18784 0.9 1.61856
v 1.18784 0.9 1.61856
v 1.189282 2.4744 -0.197684
v 1.189282 2.4744 0.197684
v 1.18996 0.3168 -1.18996
v 1.18996 0.3168 1.18996
v 1.197997 2.435437 -0.879195
v 1.197997 2.435437 0.879195
v 1.198382 0.1056 -0.879477
v 1.198382 0.1056 0.879477
v 1.2048 2.4744 0.0
v 1.2048 2.4744 -0.0
v 1.210564 2.4408 0.406648
v 1.210564 2.4408 -0.406648
v 1.211067 0.127575 0.888786
v 1.211067 0.127575 -0.888786
v 1.21392 0.15 -0.89088
v 1.21392 0.15 -0.89088
v 1.21392 0.15 0.89088
v 1.21392 0.15 0.89088
v 1.21392 2.4 -0.89088
v 1.21392 2.4 0.89088
v 1.219848 0.046875 -0.409767
v 1.219848 0.046875 0.409767
v 1.219958 1.929525 1.219958
v 1.219958 1.929525 -1.219958
v 1.22525 0.177075 0.899195
v 1.22525 0.177075 -0.899195
v 1.228335 2.463 -0.63907
v 1.228335 2.463 0.63907
v 1.229959 2.482687 -0.639915
v 1.229959 2.482687 0.639915
v 1.230115 0.0648 -0.639996
v 1.230115 0.0648 0.639996
v 1.233252 2.435437 -0.641628
v 1.233252 2.435437 0.641628
v 1.234688 2.4 -0.414752
v 1.234688 2.4 0.414752
v 1.237056 2.4945 -0.643607
v 1.237056 2.4945 0.643607
v 1.2425 0.384375 -1.2425
v 1.2425 0.384375 1.2425
v 1.245776 2.4 -0.648144
v 1.245776 2.4 0.648144
v 1.248557 2.498438 -0.649591
v 1.248557 2.498438 0.649591
v 1.256003 0.2136 0.921764
v 1.256003 0.2136 -0.921764
v 1.258183 2.4408 0.209136
v 1.258183 2.4408 -0.209136
v 1.263395 2.4945 -0.657311
v 1.263395 2.4945 0.657311
v 1.26664 1.7748 -1.26664
v 1.26664 1.7748 1.26664
v 1.267832 0.046875 -0.21074
v 1.267832 0.046875 0.21074
v 1.274414 2.242575 -0.935276
v 1.274414 2.242575 0.935276
v 1.2746 2.4408 0.0
v 1.2746 2.4408 0.0
v 1.280502 2.482687 -0.666211
v 1.280502 2.482687 0.666211
v 1.283256 2.4 -0.213304
v 1.283256 2.4 0.213304
v 1.284375 0.046875 0.0
v 1.284375 0.046875 -0.0
v 1.286108 0.084525 -0.669128
v 1.286108 0.084525 0.669128
v 1.29504 0.4632 -1.29504
v 1.29504 0.4632 1.29504
v 1.29881 2.463 -0.675736
v 1.29881 2.463 0.675736
v 1.3 2.4 0.0
v 1.3 2.4 -0.0
v 1.301322 0.260025 0.955023
v 1.301322 0.260025 -0.955023
v 1.309063 1.621875 -1.309063
v 1.309063 1.621875 1.309063
v 1.311049 2.463 -0.440403
v 1.311049 2.463 0.440403
v 1.312782 2.482687 -0.440985
v 1.312782 2.482687 0.440985
v 1.312948 0.0648 0.441041
v 1.312948 0.0648 -0.441041
v 1.316296 2.435437 -0.442166
v 1.316296 2.435437 0.442166
v 1.317252 2.435437 -0.685331
v 1.317252 2.435437 0.685331
v 1.317675 0.1056 -0.685551
v 1.317675 0.1056 0.685551
v 1.320356 2.4945 -0.443529
v 1.320356 2.4945 0.443529
v 1.329664 2.4 -0.446656
v 1.329664 2.4 0.446656
v 1.331623 0.127575 0.692808
v 1.331623 0.127575 -0.692808
v 1.332632 2.498438 -0.447653
v 1.332632 2.498438 0.447653
v 1.333693 2.0856 -0.97878
v 1.333693 2.0856 0.97878
v 1.33476 0.15 0.69444
v 1.33476 0.15 -0.69444
v 1.33476 0.15 -0.69444
v 1.33476 0.15 0.69444
v 1.33476 2.4 -0.69444
v 1.33476 2.4 0.69444
v 1.34332 0.553725 -1.34332
v 1.34332 0.553725 1.34332
v 1.34616 1.4712 -1.34616
v 1.34616 1.4712 1.34616
v 1.347218 0.177075 0.700921
v 1.347218 0.177075 -0.700921
v 1.348469 2.4945 -0.452973
v 1.348469 2.4945 0.452973
v 1.356353 0.3168 -0.99541
v 1.356353 0.3168 0.99541
v 1.36262 2.463 -0.226496
v 1.36262 2.463 0.226496
v 1.364422 2.482687 -0.226795
v 1.364422 2.482687 0.226795
v 1.364595 0.0648 -0.226824
v 1.364595 0.0648 0.226824
v 1.366728 2.482687 -0.459107
v 1.366728 2.482687 0.459107
v 1.368074 2.435437 -0.227403
v 1.368074 2.435437 0.227403
v 1.372294 2.4945 -0.228104
v 1.372294 2.4945 0.228104
v 1.372712 0.084525 -0.461116
v 1.372712 0.084525 0.461116
v 1.376867 1.323225 -1.376868
v 1.376868 1.323225 1.376867
v 1.3804 2.463 0.0
v 1.3804 2.463 -0.0
v 1.381032 0.2136 0.718514
v 1.381032 0.2136 -0.718514
v 1.381968 2.4 -0.229712
v 1.381968 2.4 0.229712
v 1.382225 2.482687 0.0
v 1.382225 2.482687 0.0
v 1.3824 0.0648 0.0
v 1.3824 0.0648 0.0
v 1.38308 0.6564 -1.38308
v 1.38308 0.6564 1.38308
v 1.385053 2.498438 -0.230225
v 1.385053 2.498438 0.230225
v 1.385925 2.435437 0.0
v 1.385925 2.435437 -0.0
v 1.38627 2.463 -0.465671
v 1.38627 2.463 0.465671
v 1.3902 2.4945 0.0
v 1.3902 2.4945 -0.0
v 1.390545 1.929525 -1.020503
v 1.390545 1.929525 1.020503
v 1.4 2.4 0.0
v 1.4 2.4 0.0
v 1.40012 1.1784 -1.40012
v 1.40012 1.1784 1.40012
v 1.401276 2.242575 -0.729046
v 1.401276 2.242575 0.729046
v 1.401513 2.4945 -0.232961
v 1.401513 2.4945 0.232961
v 1.403125 2.498438 0.0
v 1.403125 2.498438 0.0
v 1.405953 2.435437 -0.472283
v 1.405953 2.435437 0.472283
v 1.406405 0.1056 -0.472434
v 1.406405 0.1056 0.472434
v 1.41006 0.771675 -1.41006
v 1.41006 0.771675 1.41006
v 1.414853 1.037175 -1.414853
v 1.414853 1.037175 1.414853
v 1.41624 0.384375 -1.03936
v 1.41624 0.384375 1.03936
v 1.4198 2.4945 0.0
v 1.4198 2.4945 -0.0
v 1.42 0.9 -1.42
v 1.42 0.9 -1.42
v 1.42 0.9 1.42
v 1.42 0.9 1.42
v 1.42049 2.482687 -0.236115
v 1.42049 2.482687 0.236115
v 1.421292 0.127575 0.477435
v 1.421292 0.127575 -0.477435
v 1.42464 0.15 -0.47856
v 1.42464 0.15 -0.47856
v 1.42464 0.15 0.47856
v 1.42464 0.15 0.47856
v 1.42464 2.4 -0.47856
v 1.42464 2.4 0.47856
v 1.426709 0.084525 -0.237149
v 1.426709 0.084525 0.237149
v 1.430863 0.260025 0.74444
v 1.430863 0.260025 -0.74444
v 1.437937 0.177075 0.483027
v 1.437937 0.177075 -0.483027
v 1.439025 2.482687 0.0
v 1.4408 2.463 -0.239491
v 1.4408 2.463 0.239491
v 1.443756 1.7748 -1.059553
v 1.443756 1.7748 1.059553
v 1.445325 0.084525 0.0
v 1.445325 0.084525 0.0
v 1.4596 2.463 0.0
v 1.4596 2.463 -0.0
v 1.461258 2.435437 -0.242892
v 1.461258 2.435437 0.242892
v 1.461727 0.1056 -0.24297
v 1.461727 0.1056 0.24297
v 1.466456 2.0856 -0.762958
v 1.466456 2.0856 0.762958
v 1.474028 0.2136 0.49515
v 1.474028 0.2136 -0.49515
v 1.476127 0.4632 -1.08331
v 1.476127 0.4632 1.08331
v 1.4772 0.127575 0.245542
v 1.4772 0.127575 -0.245542
v 1.480325 2.435437 0.0
v 1.480325 2.435437 -0.0
v 1.48068 0.15 -0.24612
v 1.48068 0.15 0.24612
v 1.48068 0.15 0.24612
v 1.48068 0.15 -0.24612
v 1.48068 2.4 -0.24612
v 1.48068 2.4 0.24612
v 1.4808 0.1056 0.0
v 1.4808 0.1056 0.0
v 1.491372 0.3168 -0.775921
v 1.491372 0.3168 0.775921
v 1.49211 1.621875 -1.09504
v 1.49211 1.621875 1.09504
v 1.4945 0.177075 0.248417
v 1.4945 0.177075 -0.248417
v 1.495635 2.242575 -0.502408
v 1.495635 2.242575 0.502408
v 1.496475 0.127575 0.0
v 1.496475 0.127575 0.0
v 1.5 0.15 0.0
v 1.5 0.15 0.0
v 1.5 2.4 0.0
v 1.5 2.4 0.0
v 1.514 0.177075 -0.0
v 1.514 0.177075 0.0
v 1.527214 0.260025 -0.513016
v 1.527214 0.260025 0.513016
v 1.528968 1.929525 -0.795481
v 1.528968 1.929525 0.795481
v 1.531158 0.553725 -1.123697
v 1.531158 0.553725 1.123697
v 1.53201 0.2136 0.254652
v 1.53201 0.2136 -0.254652
v 1.534395 1.4712 -1.126072
v 1.534395 1.4712 1.126072
v 1.552 0.2136 0.0
v 1.552 0.2136 0.0
v 1.554467 2.242575 -0.258385
v 1.554467 2.242575 0.258385
v 1.55722 0.384375 -0.81018
v 1.55722 0.384375 0.81018
v 1.565204 2.0856 -0.525778
v 1.565204 2.0856 0.525778
v 1.569396 1.323225 -1.151759
v 1.569396 1.323225 1.151759
v 1.57475 2.242575 0.0
v 1.57475 2.242575 0.0
v 1.576477 0.6564 -1.156956
v 1.576477 0.6564 1.156956
v 1.587289 0.260025 0.263841
v 1.587289 0.260025 -0.263841
v 1.587475 1.7748 -0.825921
v 1.587475 1.7748 0.825921
v 1.591798 0.3168 -0.534711
v 1.591798 0.3168 0.534711
v 1.5959 1.1784 -1.17121
v 1.5959 1.1784 1.17121
v 1.60723 0.771675 -1.179525
v 1.60723 0.771675 1.179525
v 1.608 0.260025 0.0
v 1.608 0.260025 0.0
v 1.612693 1.037175 -1.183534
v 1.612693 1.037175 1.183534
v 1.61856 0.9 -1.18784
v 1.61856 0.9 -1.18784
v 1.61856 0.9 1.18784
v 1.61856 0.9 1.18784
v 1.623068 0.4632 -0.844439
v 1.623068 0.4632 0.844439
v 1.626774 2.0856 -0.270404
v 1.626774 2.0856 0.270404
v 1.631925 1.929525 -0.54819
v 1.631925 1.929525 0.54819
v 1.640643 1.621875 -0.853583
v 1.640643 1.621875 0.853583
v 1.648 2.0856 0.0
v 1.648 2.0856 -0.0
v 1.654413 0.3168 -0.274998
v 1.654413 0.3168 0.274998
v 1.66208 0.384375 -0.55832
v 1.66208 0.384375 0.55832
v 1.676 0.3168 0.0
v 1.676 0.3168 0.0
v 1.683577 0.553725 -0.87592
v 1.683577 0.553725 0.87592
v 1.687137 1.4712 -0.877772
v 1.687137 1.4712 0.877772
v 1.694372 1.7748 -0.569167
v 1.694372 1.7748 0.569167
v 1.696119 1.929525 -0.28193
v 1.696119 1.929525 0.28193
v 1.7 0.6 0.0
v 1.7 0.6 0.0
v 1.7 0.6231 0.1782
v 1.7 0.6231 -0.1782
v 1.7 0.6858 -0.3168
v 1.7 0.6858 0.3168
v 1.7 0.7782 0.4158
v 1.7 0.7782 -0.4158
v 1.7 0.8904 -0.4752
v 1.7 0.8904 0.4752
v 1.7 1.0125 -0.495
v 1.7 1.0125 0.495
v 1.7 1.1346 -0.4752
v 1.7 1.1346 0.4752
v 1.7 1.2468 0.4158
v 1.7 1.2468 -0.4158
v 1.7 1.3392 -0.3168
v 1.7 1.3392 0.3168
v 1.7 1.4019 0.1782
v 1.7 1.4019 -0.1782
v 1.7 1.425 0.0
v 1.7 1.425 0.0
v 1.71825 1.929525 0.0
v 1.71825 1.929525 0.0
v 1.725622 1.323225 -0.897795
v 1.725622 1.323225 0.897795
v 1.72746 0.384375 -0.28714
v 1.72746 0.384375 0.28714
v 1.732362 0.4632 -0.581929
v 1.732362 0.4632 0.581929
v 1.733408 0.6564 -0.901846
v 1.733408 0.6564 0.901846
v 1.75 0.384375 0.0
v 1.75 0.384375 0.0
v 1.75112 1.621875 -0.58823
v 1.75112 1.621875 0.58823
v 1.754764 1.1784 -0.912957
v 1.754764 1.1784 0.912957
v 1.761022 1.7748 -0.292719
v 1.761022 1.7748 0.292719
v 1.767222 0.771675 -0.919439
v 1.767222 0.771675 0.919439
v 1.773229 1.037175 -0.922564
v 1.773229 1.037175 0.922564
v 1.77968 0.9 -0.92592
v 1.77968 0.9 -0.92592
v 1.77968 0.9 0.92592
v 1.77968 0.9 0.92592
v 1.784 1.7748 0.0
v 1.784 1.7748 0.0
v 1.796946 0.553725 -0.603624
v 1.796946 0.553725 0.603624
v 1.800507 0.4632 -0.299282
v 1.800507 0.4632 0.299282
v 1.800745 1.4712 -0.6049
v 1.800745 1.4712 0.6049
v 1.820003 1.621875 -0.302523
v 1.820003 1.621875 0.302522
v 1.824 0.4632 0.0
v 1.824 0.4632 0.0
v 1.841822 1.323225 -0.618698
v 1.841822 1.323225 0.618698
v 1.84375 1.621875 0.0
v 1.84375 1.621875 -0.0
v 1.850132 0.6564 -0.62149
v 1.850132 0.6564 0.62149
v 1.867631 0.553725 -0.310439
v 1.867631 0.553725 0.310439
v 1.87158 1.4712 -0.311096
v 1.87158 1.4712 0.311096
v 1.872927 1.1784 -0.629147
v 1.872927 1.1784 0.629147
v 1.886223 0.771675 -0.633613
v 1.886223 0.771675 0.633613
v 1.892 0.553725 0.0
v 1.892 0.553725 -0.0
v 1.892634 1.037175 -0.635767
v 1.892634 1.037175 0.635767
v 1.896 1.4712 0.0
v 1.896 1.4712 0.0
v 1.89952 0.9 -0.63808
v 1.89952 0.9 -0.63808
v 1.89952 0.9 0.63808
v 1.89952 0.9 0.63808
v 1.914272 1.323225 -0.318192
v 1.914272 1.323225 0.318192
v 1.92291 0.6564 -0.319628
v 1.92291 0.6564 0.319628
v 1.9359 1.4442 0.0
v 1.9359 1.4442 0.0
v 1.93925 1.323225 0.0
v 1.93925 1.323225 -0.0
v 1.939394 1.423221 -0.1751
v 1.939394 1.423221 0.1751
v 1.946601 1.1784 -0.323566
v 1.946601 1.1784 0.323566
v 1.948 0.6564 0.0
v 1.948 0.6564 -0.0
v 1.948879 1.366278 -0.31129
v 1.948879 1.366278 0.31129
v 1.96042 0.771675 -0.325863
v 1.96042 0.771675 0.325863
v 1.962857 1.282362 -0.408568
v 1.962857 1.282362 0.408568
v 1.967083 1.037175 -0.32697
v 1.967083 1.037175 0.32697
v 1.972 1.1784 0.0
v 1.972 1.1784 0.0
v 1.97424 0.9 -0.32816
v 1.97424 0.9 0.32816
v 1.97424 0.9 0.32816
v 1.97983 1.180464 -0.466934
v 1.97983 1.180464 0.466934
v 1.986 0.771675 0.0
v 1.986 0.771675 -0.0
v 1.99275 1.037175 0.0
v 1.99275 1.037175 0.0
v 1.9983 1.069575 -0.48639
v 1.9983 1.069575 0.48639
v 2.0 0.9 0.0
v 2.0 0.9 0.0
v 2.01677 0.958686 -0.466934
v 2.01677 0.958686 0.466934
v 2.033743 0.856788 -0.408568
v 2.033743 0.856788 0.408568
v 2.047721 0.772872 0.31129
v 2.047721 0.772872 -0.31129
v 2.057206 0.715929 0.1751
v 2.057206 0.715929 -0.1751
v 2.0607 0.69495 0.0
v 2.0607 0.69495 0.0
v 2.1112 1.4976 0.0
v 2.1112 1.4976 0.0
v 2.116979 1.47912 -0.166687
v 2.116979 1.47912 0.166687
v 2.132666 1.42896 -0.296333
v 2.132666 1.42896 0.296333
v 2.155782 1.35504 -0.388937
v 2.155782 1.35504 0.388937
v 2.183853 1.26528 -0.444499
v 2.183853 1.26528 0.444499
v 2.2144 1.1676 -0.46302
v 2.2144 1.1676 0.46302
v 2.2373 1.5789 0.0
v 2.2373 1.5789 0.0
v 2.244457 1.563171 -0.154289
v 2.244457 1.563171 0.154289
v 2.244947 1.06992 -0.444499
v 2.244947 1.06992 0.444499
v 2.263882 1.520478 -0.274291
v 2.263882 1.520478 0.274291
v 2.273018 0.98016 -0.388937
v 2.273018 0.98016 0.388937
v 2.29251 1.457562 -0.360007
v 2.29251 1.457562 0.360007
v 2.296134 0.90624 -0.296333
v 2.296134 0.90624 0.296333
v 2.311821 0.85608 -0.166687
v 2.311821 0.85608 0.166687
v 2.3176 0.8376 0.0
v 2.3176 0.8376 0.0
v 2.3256 1.6818 0.0
v 2.3256 1.6818 0.0
v 2.327271 1.381164 -0.411437
v 2.327271 1.381164 0.411437
v 2.33353 1.668948 -0.139234
v 2.33353 1.668948 0.139234
v 2.355053 1.634064 -0.247526
v 2.355053 1.634064 0.247526
v 2.3651 1.298025 -0.42858
v 2.3651 1.298025 0.42858
v 2.386771 1.582656 -0.324878
v 2.386771 1.582656 0.324878
v 2.3875 1.8 0.0
v 2.3875 1.8 0.0
v 2.3959 1.790025 0.12285
v 2.3959 1.790025 -0.12285
v 2.402929 1.214886 -0.411437
v 2.402929 1.214886 0.411437
v 2.4187 1.76295 -0.2184
v 2.4187 1.76295 0.2184
v 2.425286 1.520232 -0.37129
v 2.425286 1.520232 0.37129
v 2.4344 1.9272 0.0
v 2.4344 1.9272 0.0
v 2.43769 1.138488 -0.360007
v 2.43769 1.138488 0.360007
v 2.44327 1.919976 0.106466
v 2.44327 1.919976 -0.106466
v 2.4523 1.72305 -0.28665
v 2.4523 1.72305 0.28665
v 2.466318 1.075572 -0.274291
v 2.466318 1.075572 0.274291
v 2.4672 1.4523 -0.38676
v 2.4672 1.4523 0.38676
v 2.467347 1.900368 0.189274
v 2.467347 1.900368 -0.189274
v 2.4777 2.0571 0.0
v 2.4777 2.0571 0.0
v 2.485743 1.032879 -0.154289
v 2.485743 1.032879 0.154289
v 2.487343 2.052375 -0.091411
v 2.487343 2.052375 0.091411
v 2.4929 1.01715 0.0
v 2.4929 1.01715 0.0
v 2.4931 1.6746 -0.3276
v 2.4931 1.6746 0.3276
v 2.502829 1.871472 0.248422
v 2.502829 1.871472 -0.248422
v 2.509114 1.384368 -0.37129
v 2.509114 1.384368 0.37129
v 2.513518 2.03955 0.162509
v 2.513518 2.03955 -0.162509
v 2.5288 2.1834 0.0
v 2.5375 1.621875 -0.34125
v 2.5375 1.621875 0.34125
v 2.539821 2.180796 -0.079013
v 2.539821 2.180796 0.079013
v 2.545914 1.836384 -0.28391
v 2.545914 1.836384 0.28391
v 2.547629 1.321944 -0.324878
v 2.547629 1.321944 0.324878
v 2.55209 2.02065 -0.213293
v 2.55209 2.02065 0.213293
v 2.569734 2.173728 -0.140467
v 2.569734 2.173728 0.140467
v 2.579347 1.270536 -0.247526
v 2.579347 1.270536 0.247526
v 2.5819 1.56915 -0.3276
v 2.5819 1.56915 0.3276
v 2.5928 1.7982 -0.29574
v 2.5928 1.7982 0.29574
v 2.598929 1.9977 -0.243763
v 2.598929 1.9977 0.243763
v 2.5991 2.2998 0.0
v 2.5991 2.2998 0.0
v 2.60087 1.235652 -0.139234
v 2.60087 1.235652 0.139234
v 2.6088 1.2228 0.0
v 2.6088 1.2228 0.0
v 2.612406 2.298813 0.0706
v 2.612406 2.298813 -0.0706
v 2.613818 2.163312 -0.184363
v 2.613818 2.163312 0.184363
v 2.6227 1.5207 -0.28665
v 2.6227 1.5207 0.28665
v 2.639686 1.760016 -0.28391
v 2.639686 1.760016 0.28391
v 2.648521 2.296134 0.12551
v 2.648521 2.296134 -0.12551
v 2.6499 1.972725 0.25392
v 2.6499 1.972725 -0.25392
v 2.6563 1.4808 -0.2184
v 2.6563 1.4808 0.2184
v 2.667347 2.150664 -0.210701
v 2.667347 2.150664 0.210701
v 2.6791 1.453725 0.12285
v 2.6791 1.453725 -0.12285
v 2.682771 1.724928 0.248422
v 2.682771 1.724928 -0.248422
v 2.6875 1.44375 0.0
v 2.6875 1.44375 0.0
v 2.7 2.4 0.0
v 2.7 2.4 0.0
v 2.7 2.4 0.0
v 2.700871 1.94775 -0.243763
v 2.700871 1.94775 0.243763
v 2.701743 2.292186 0.164732
v 2.701743 2.292186 -0.164732
v 2.7168 2.4 0.0675
v 2.7168 2.4 -0.0675
v 2.7168 2.4 -0.0675
v 2.7168 2.4 0.0675
v 2.718253 1.696032 0.189274
v 2.718253 1.696032 -0.189274
v 2.7256 2.1369 -0.21948
v 2.7256 2.1369 0.21948
v 2.7298 2.42025 0.0
v 2.74233 1.676424 0.106466
v 2.74233 1.676424 -0.106466
v 2.747407 2.420406 -0.066744
v 2.747407 2.420406 0.066744
v 2.74771 1.9248 -0.213293
v 2.74771 1.9248 0.213293
v 2.7512 1.6692 0.0
v 2.7512 1.6692 0.0
v 2.7584 2.436 0.0
v 2.7624 2.4 0.12
v 2.7624 2.4 -0.12
v 2.7624 2.4 -0.12
v 2.7624 2.4 0.12
v 2.76637 2.287392 0.188266
v 2.76637 2.287392 -0.188266
v 2.776365 2.436302 -0.064692
v 2.776365 2.436302 0.064692
v 2.783853 2.123136 -0.210701
v 2.783853 2.123136 0.210701
v 2.7846 2.44725 0.0
v 2.7846 2.44725 0.0
v 2.786282 1.9059 0.162509
v 2.786282 1.9059 -0.162509
v 2.795198 2.420829 -0.118656
v 2.795198 2.420829 0.118656
v 2.8 2.4 0.0
v 2.802528 2.44768 -0.061668
v 2.802528 2.44768 0.061668
v 2.8072 2.454 0.0
v 2.8112 2.4 -0.0405
v 2.8112 2.4 0.0405
v 2.812457 1.893075 0.091411
v 2.812457 1.893075 -0.091411
v 2.8221 1.88835 0.0
v 2.8221 1.88835 0.0
v 2.8242 2.42025 0.0
v 2.8242 2.42025 0.0
v 2.82475 2.454529 -0.057996
v 2.82475 2.454529 0.057996
v 2.825 2.45625 0.0
v 2.825 2.45625 0.0
v 2.825126 2.437123 -0.115008
v 2.825126 2.437123 0.115008
v 2.8296 2.4 0.1575
v 2.8296 2.4 -0.1575
v 2.8296 2.4 -0.1575
v 2.8296 2.4 0.1575
v 2.836672 2.420519 -0.041256
v 2.836672 2.420519 0.041256
v 2.8367 2.282175 0.19611
v 2.8367 2.282175 -0.19611
v 2.8368 2.454 0.0
v 2.8368 2.454 0.0
v 2.837382 2.110488 -0.184363
v 2.837382 2.110488 0.184363
v 2.8376 2.436 0.0
v 2.8376 2.436 0.0
v 2.8414 2.44725 0.0
v 2.8414 2.44725 0.0
v 2.8416 2.4 -0.072
v 2.8416 2.4 0.072
v 2.841887 2.456841 -0.054
v 2.841887 2.456841 0.054
v 2.851189 2.448847 -0.109632
v 2.851189 2.448847 0.109632
v 2.851331 2.436454 -0.043308
v 2.851331 2.436454 0.043308
v 2.852794 2.454605 -0.050004
v 2.852794 2.454605 0.050004
v 2.856323 2.447812 -0.046332
v 2.856323 2.447812 0.046332
v 2.865626 2.421453 -0.155736
v 2.865626 2.421453 0.155736
v 2.870524 2.42125 -0.073344
v 2.870524 2.42125 0.073344
v 2.872387 2.455966 -0.103104
v 2.872387 2.455966 0.103104
v 2.881466 2.100072 -0.140467
v 2.881466 2.100072 0.140467
v 2.8864 2.4 -0.0945
v 2.8864 2.4 0.0945
v 2.887725 2.458444 -0.096
v 2.887725 2.458444 0.096
v 2.888602 2.437685 -0.076992
v 2.888602 2.437685 0.076992
v 2.896205 2.456246 0.088896
v 2.896205 2.456246 -0.088896
v 2.896829 2.449338 -0.082368
v 2.896829 2.449338 0.082368
v 2.896986 2.438333 -0.150948
v 2.896986 2.438333 0.150948
v 2.90703 2.276958 0.188266
v 2.90703 2.276958 -0.188266
v 2.9112 2.4 -0.18
v 2.9112 2.4 -0.18
v 2.9112 2.4 0.18
v 2.911379 2.093004 -0.079013
v 2.911379 2.093004 0.079013
v 2.920412 2.422328 -0.096264
v 2.920412 2.422328 0.096264
v 2.9224 2.0904 0.0
v 2.922899 2.450567 -0.143892
v 2.922899 2.450567 0.143892
v 2.9408 2.4 -0.108
v 2.9408 2.4 0.108
v 2.942589 2.458082 -0.135324
v 2.942589 2.458082 0.135324
v 2.943526 2.439499 -0.101052
v 2.943526 2.439499 0.101052
v 2.951146 2.42221 -0.177984
v 2.951146 2.42221 0.177984
v 2.955275 2.460806 -0.126
v 2.955275 2.460806 0.126
v 2.956523 2.451588 -0.108108
v 2.956523 2.451588 0.108108
v 2.960179 2.458666 -0.116676
v 2.960179 2.458666 0.116676
v 2.971657 2.272164 0.164732
v 2.971657 2.272164 -0.164732
v 2.98099 2.423636 0.110016
v 2.98099 2.423636 -0.110016
v 2.984243 2.439802 -0.172512
v 2.984243 2.439802 0.172512
v 3.0 2.4 -0.1875
v 3.0 2.4 -0.1875
v 3.0 2.4 -0.1125
v 3.0 2.4 0.1125
v 3.0 2.4 0.1875
v 3.009977 2.452655 -0.164448
v 3.009977 2.452655 0.164448
v 3.010221 2.441702 -0.115488
v 3.010221 2.441702 0.115488
v 3.024879 2.268216 0.12551
v 3.024879 2.268216 -0.12551
v 3.027834 2.460653 -0.154656
v 3.027834 2.460653 0.154656
v 3.029007 2.454319 -0.123552
v 3.029007 2.454319 0.123552
v 3.0373 2.463675 -0.144
v 3.0373 2.463675 0.144
v 3.037862 2.461603 0.133344
v 3.037862 2.461603 -0.133344
v 3.044212 2.423034 -0.1854
v 3.044212 2.423034 0.1854
v 3.046912 2.425059 0.1146
v 3.046912 2.425059 -0.1146
v 3.0592 2.4 -0.108
v 3.0592 2.4 0.108
v 3.060994 2.265537 0.0706
v 3.060994 2.265537 -0.0706
v 3.0743 2.26455 0.0
v 3.0743 2.26455 0.0
v 3.0792 2.4414 -0.1797
v 3.0792 2.4414 0.1797
v 3.0828 2.4441 -0.1203
v 3.0828 2.4441 0.1203
v 3.0888 2.4 -0.18
v 3.0888 2.4 -0.18
v 3.0888 2.4 0.18
v 3.104737 2.454928 -0.1713
v 3.104738 2.454928 0.1713
v 3.107887 2.457291 -0.1287
v 3.107887 2.457291 0.1287
v 3.112835 2.426483 0.110016
v 3.112835 2.426483 -0.110016
v 3.1136 2.4 -0.0945
v 3.1136 2.4 0.0945
v 3.1206 2.46345 0.1611
v 3.1206 2.46345 -0.1611
v 3.1224 2.4648 0.1389
v 3.1224 2.4648 -0.1389
v 3.126562 2.466797 -0.15
v 3.126562 2.466797 0.15
v 3.137279 2.423859 -0.177984
v 3.137279 2.423859 0.177984
v 3.155379 2.446498 -0.115488
v 3.155379 2.446498 0.115488
v 3.1584 2.4 -0.072
v 3.1584 2.4 0.072
v 3.1704 2.4 -0.1575
v 3.1704 2.4 0.1575
v 3.1704 2.4 -0.1575
v 3.173413 2.427791 -0.096264
v 3.173413 2.427791 0.096264
v 3.174157 2.442998 -0.172512
v 3.174157 2.442998 0.172512
v 3.186768 2.460263 -0.123552
v 3.186768 2.460263 0.123552
v 3.1888 2.4 -0.0405
v 3.1888 2.4 0.0405
v 3.199498 2.457201 -0.164448
v 3.199498 2.457201 0.164448
v 3.2 2.4 0.0
v 3.206938 2.467997 0.133344
v 3.206938 2.467997 -0.133344
v 3.213366 2.466247 -0.154656
v 3.213366 2.466247 0.154656
v 3.215825 2.469919 -0.144
v 3.215825 2.469919 0.144
v 3.222074 2.448701 -0.101052
v 3.222074 2.448701 0.101052
v 3.222799 2.424616 -0.155736
v 3.222799 2.424616 0.155736
v 3.223301 2.428868 -0.073344
v 3.223301 2.428868 0.073344
v 3.2376 2.4 -0.12
v 3.2376 2.4 0.12
v 3.2376 2.4 -0.12
v 3.257153 2.429599 -0.041256
v 3.257153 2.429599 0.041256
v 3.259252 2.462994 -0.108108
v 3.259252 2.462994 0.108108
v 3.261414 2.444467 -0.150948
v 3.261414 2.444467 0.150948
v 3.269625 2.429869 0.0
v 3.269625 2.429869 0.0
v 3.276998 2.450515 -0.076992
v 3.276998 2.450515 0.076992
v 3.2832 2.4 -0.0675
v 3.2832 2.4 0.0675
v 3.2832 2.4 -0.0675
v 3.284621 2.470934 -0.116676
v 3.284621 2.470934 0.116676
v 3.286576 2.459289 -0.143892
v 3.286576 2.459289 0.143892
v 3.293227 2.42524 -0.118656
v 3.293227 2.42524 0.118656
v 3.29785 2.472787 -0.126
v 3.29785 2.472788 0.126
v 3.298611 2.468818 -0.135324
v 3.298611 2.468818 0.135324
v 3.3 2.4 0.0
v 3.3 2.4 0.0
v 3.314269 2.451746 -0.043308
v 3.314269 2.451746 0.043308
v 3.318946 2.465243 -0.082368
v 3.318946 2.465243 0.082368
v 3.328 2.4522 0.0
v 3.328 2.4522 0.0
v 3.333274 2.445677 -0.115008
v 3.333274 2.445677 0.115008
v 3.341018 2.425663 -0.066744
v 3.341018 2.425663 0.066744
v 3.348595 2.473354 0.088896
v 3.348595 2.473354 -0.088896
v 3.358286 2.461009 -0.109632
v 3.358286 2.461009 0.109632
v 3.358625 2.425819 0.0
v 3.359452 2.466769 -0.046332
v 3.359452 2.466769 0.046332
v 3.3654 2.47515 -0.096
v 3.3654 2.47515 0.096
v 3.368813 2.470934 -0.103104
v 3.368813 2.470934 0.103104
v 3.374375 2.467331 0.0
v 3.374375 2.467331 0.0
v 3.382035 2.446498 -0.064692
v 3.382035 2.446498 0.064692
v 3.392006 2.474995 -0.050004
v 3.392006 2.474995 0.050004
v 3.4 2.4468 0.0
v 3.406947 2.462176 -0.061668
v 3.406947 2.462176 0.061668
v 3.408 2.4756 0.0
v 3.408 2.4756 0.0
v 3.411237 2.476753 -0.054
v 3.411237 2.476753 0.054
v 3.41645 2.472371 -0.057996
v 3.41645 2.472371 0.057996
v 3.424875 2.462606 0.0
v 3.428125 2.477344 0.0
v 3.428125 2.477344 0.0
v 3.434 2.4729 0.0
vt 0 0
vn -0.9998455204771307 0.017521426523313233 0.0013909688723011732
vn -0.9777040543143308 0.012859670036682015 -0.20959344232076446
vn -0.9768253987816409 0.02206677929092133 0.21289715250987795
vn -0.9874621009568201 -0.1578561466874457 0.00019007086725647988
vn -0.9439680237226514 0.3129665957219916 -0.1047677438496191
vn -0.9712938461703896 0.21410632526832224 0.10366651277836533
vn -0.9645488094178064 -0.15808813684369422 -0.2113143043903594
vn -0.9656702232804621 -0.15038665642597107 0.2118132985401987
vn -0.9441371307637287 0.2531985589815803 -0.2109397260899069
vn -0.9394764478708598 0.2665742351694211 0.21522588375887786
vn -0.887949507930043 0.010881645374260647 -0.45981220205725665
vn -0.885705436567932 0.02263494567829895 0.46369552388194285
vn -0.8750117555732223 -0.14478446814774062 -0.46194359546577024
vn -0.8761837142733728 -0.1348290417901921 0.46273451171493063
vn -0.9528203207280241 -0.2852557115232049 -0.10374302603614137
vn -0.936962394369676 -0.33387985940721127 0.10308108953277843
vn -0.8557652394624103 0.23186987874285825 -0.46249563701684326
vn -0.8484126689527312 0.24858010287139107 0.4673370043308706
vn -0.9278009962849306 -0.30747568061227915 -0.21129130868236357
vn -0.9300416811703242 -0.3001343721926888 0.21199488181174972
vn -0.82206076493146 0.5693997703838506 1.5720081311072616e-05
vn -0.6992010523961215 0.00735811581764677 -0.7148872263929256
vn -0.6948753276765516 0.021291896606617445 0.7188149512393979
vn -0.7972550450120353 0.5659277922504187 0.21002411090497325
vn -0.8064962058769947 0.5526393985517379 -0.21012749718774398
vn -0.8419920458374043 -0.2787285479353881 -0.46190885606618587
vn -0.8444598410942962 -0.26919044675418147 0.4630594779888221
vn -0.6875508047507356 -0.11542931086730533 -0.716903037432061
vn -0.6881885449502219 -0.10391733673276785 0.7180513308431821
vn -0.6717660018217961 0.1846619152185099 -0.7173774570365243
vn -0.6612336566933396 0.20408410128639098 0.7218862312429022
vn -0.7296211784663529 0.506885553729287 -0.4590424504922442
vn -0.7178690519855916 0.5239019131848253 0.4584657125266706
vn -0.8768907859311169 -0.4699693028213392 0.10095248364816253
vn -0.8983385101184818 -0.4271125763240668 -0.10277532964639213
vn -0.8750058328859254 -0.43675712918947507 0.20882529185368423
vn -0.8718476870461165 -0.4432011445080142 -0.2084570845500896
vn -0.6619844854707665 -0.21867676762638583 -0.7169079524572735
vn -0.6638770812640206 -0.2076085861559391 0.7184468636765681
vn -0.39639060563370954 0.001329457317832762 -0.9180809987733004
vn -0.3895990901960127 0.016509645604173655 0.9208365655861326
vn -0.3876788889091289 -0.06756723850302394 -0.9193148249513106
vn -0.3869361722651804 -0.055717764283727336 0.9204216041228027
vn -0.38045272104861144 0.1033335402416899 -0.9190091982716097
vn -0.36721337570277046 0.12420634497529874 0.9218064442022811
vn -0.571793735931264 0.4056641028541 -0.7130838374310177
vn -0.5582552749781442 0.42595571861975406 0.7119780711048659
vn -0.7942743755313914 -0.4008829563967309 -0.4565315669752039
vn -0.7978834241323942 -0.39240825647260025 0.4576000456150543
vn -0.5938744623411295 0.8045566669153651 -0.0013010384592817327
vn -0.37347654845022044 -0.1127414377612245 0.9207630726572619
vn -0.373143297374973 -0.12417761686010836 -0.9194259073438581
vn -0.5850914808792005 0.7862782357302779 -0.1985812051012525
vn -0.5743708366809771 0.7950129903137669 0.1950704672746661
vn -0.010439562194242288 -0.00757977199558818 -0.9999167778358794
vn -0.0019149222129791036 0.0074386832454129215 0.9999704990970947
vn -0.6316717707399487 -0.3035719832846569 0.7133265907106486
vn -0.6286420884862475 -0.3136765384517111 -0.7116292249539792
vn -0.00364820217044901 0.004494843265059774 0.9999832433620806
vn -0.006289556712933292 -0.0061591607752723605 -0.9999612523567596
vn -0.3235407377209113 0.2316383386349082 -0.9174230600488894
vn -0.3094733347303816 0.2538962290014932 0.9163858139395646
vn -0.532293278028083 0.725495990744436 -0.4362561559220305
vn -0.5193137966291775 0.7377801379327427 0.43126980963491107
vn -0.013292921797068208 -0.009564734390082034 -0.9998658980514058
vn 0.0007661905524091097 0.011092887420549563 0.9999381784894066
vn -0.8211423200011916 -0.5707233363663742 -0.0004045119222141671
vn -0.8036172037814734 -0.5598266327571545 -0.20197408507586256
vn -0.8073043300122945 -0.5545683632327723 0.2017762355797244
vn -0.004409079613563798 -0.0066491741344884316 -0.99996817374369
vn -0.002807439636162633 0.003607842323714876 0.9999895508236356
vn -0.35813120928079706 -0.16596571560518966 0.9188021648770378
vn -0.3568451964172498 -0.17678888774197105 -0.9172825055373569
vn -0.42235438291576627 0.5884081956377257 -0.6894871793863888
vn -0.4084544177618812 0.6049493217883694 0.6835212554694949
vn 0.3780137271560212 -0.01849847187752839 -0.9256151622676724
vn 0.38641050383170517 -0.0049398599440515206 0.9223136778299784
vn -0.737735291180233 -0.5082568440473851 -0.44432152842981715
vn -0.7420837420677913 -0.5012294834954357 0.4450626075436606
vn 0.37699366610488994 0.05576344809343141 -0.9245356745813142
vn 0.38092579899648504 0.06401150590305614 0.9223871544914924
vn 0.0013806131026340717 0.012517531289483474 0.9999206995146553
vn -0.01193248549076467 -0.009225560046088105 -0.9998862459459319
vn 0.3533830339188786 -0.13607671521288184 -0.9255287996141238
vn 0.3658381309803215 -0.11708958934203022 0.9232835371588404
vn -0.5918115071626422 -0.4007084477668687 -0.6994225331501328
vn -0.5956917231441132 -0.3918891917373542 0.70112355000887
vn 0.37012121588288915 0.11573493391040929 0.9217460119936105
vn 0.3674077302046222 0.10794043305533059 -0.9237750931356156
vn -0.002282998140929365 0.0028688978473110625 0.9999932786497268
vn -0.0029785079664676846 -0.007110555071202063 -0.9999702838069104
vn -0.24275409157798256 0.3428893308907902 -0.907467551917651
vn -0.2296254063748142 0.3633581753761746 0.9029080845437695
vn 0.6866506990608168 -0.029565655756544174 -0.7263860471395202
vn 0.6931540890062384 -0.01799478092353792 0.7205647762369776
vn -0.3458304730841143 0.9342045434114947 -0.08753944799767953
vn -0.4076778788690087 0.9088194418615082 0.0885774755533409
vn 0.6810978513047967 0.10480188536508729 -0.724653214835836
vn 0.6848744395312493 0.1104361938903262 0.7202436040367006
vn 0.29144536922193964 -0.2721265605962747 -0.9170641917429386
vn 0.3030719827169798 -0.2536028560919303 0.9186038126820585
vn -0.37359845652121665 0.9092940773383412 -0.18332614162300825
vn -0.36501985632408596 0.9137516759400273 0.1783770702919384
vn 0.6412590902735832 -0.2509413492620387 -0.7251311732176767
vn 0.6508515808524696 -0.234300185469964 0.72214655215585
vn -0.3411292859386026 -0.22738318319426432 -0.9121007062136629
vn -0.3432186812554765 -0.2172414546961396 0.9137872220592478
vn 0.6630241624209164 0.19495167646430445 -0.7227674618366541
vn 0.6654656041327841 0.20004703074471575 0.7191221837813179
vn 0.35833332737646295 0.16334156441925496 0.919193537740765
vn 0.35680404750514805 0.15575596010894951 -0.9211031172319869
vn -0.34311749459136043 0.8465660907262107 -0.40693517780832006
vn -0.3326403587584711 0.8539131205687734 0.400228402597236
vn -0.7280488169821806 -0.6793650698714623 0.09169526666840727
vn -0.7534395747450512 -0.6505527393622885 -0.09544600838284908
vn 0.8813119364008885 -0.0388814776643188 -0.47093258695056933
vn 0.8852884867904641 -0.028935148176626988 0.4641411987275497
vn -0.009623858076573897 -0.007986376565459035 -0.9999217965146459
vn 0.0017339242400081817 0.01295303247103846 0.9999146025819077
vn -0.7337400866269734 -0.6518040090362575 0.1917733534172671
vn -0.7299389789909593 -0.6558497209970094 -0.19248436408649122
vn 0.8726345838208049 0.13533505342178467 -0.469247596088902
vn 0.8750641563684043 0.13922767899681657 0.4635497553018577
vn 0.8175931533756585 -0.33587846752491857 -0.46768268153349324
vn 0.8247698963530531 -0.32130469743167955 0.46531484983622723
vn 0.5121012863112118 -0.4940286573276201 -0.7026293178465237
vn 0.5216651436718314 -0.4798184879154196 0.705435820278789
vn -0.0019115453521828822 -0.007612475220408238 -0.9999691976332997
vn -0.002033146303600164 0.0022566845377758344 0.9999953868348619
vn -0.6768820699903342 -0.6001064509859567 -0.426266244043133
vn -0.6814858868882523 -0.5945969751058694 0.42665140708438126
vn 0.975013633759788 -0.04504013046717224 -0.21753114864320955
vn 0.976811657239926 -0.03586272791115799 0.21107546287278256
vn -0.27752990961546903 0.6994999626099239 -0.6585415336769158
vn -0.26618307705799 0.7112895392787958 0.6505488150788522
vn 0.8493685655424125 0.24625006881382688 -0.46683395707425807
vn 0.850685829018564 0.24954689773257316 0.46266614976573206
vn 0.9647697504760139 0.14948735570045285 -0.21650140658234973
vn 0.9654880692232799 0.15306775735647546 0.21072031189556067
vn 0.9990905382851166 -0.04254514799799495 -0.0028296096876857524
vn 0.6426733653668852 0.2802804354586516 0.7130314319489083
vn 0.641618211521686 0.27545975612109297 -0.7158547292582629
vn 0.8978940150083364 -0.38478390993091593 -0.21384031535350423
vn 0.9038981627890941 -0.37127257737637864 0.2124259508506468
vn 0.9879532070034721 0.15473092187647536 -0.0026081769132071516
vn 0.21088160964071534 -0.3783805307955006 -0.9013085601669698
vn 0.22034634360869945 -0.36202025430315943 0.9057531806913806
vn -0.5531130349505979 -0.4803627704264465 -0.6806743563231744
vn -0.5574892916433066 -0.47294184878273393 0.6822988328972971
vn 0.9408933561938303 -0.32286647344676195 -0.10235688835814281
vn 0.8834846278262232 -0.45706601661210877 0.10269162016980495
vn 0.9390860884810217 0.2685075752857017 -0.21452505782683792
vn 0.939107732971211 0.27141605917309836 0.21073677585228873
vn 0.6291948120130065 -0.6401315384054203 -0.4408463474665832
vn 0.6372958966464043 -0.6294345423484556 0.4445965553355603
vn 0.34702538492752444 0.20265897199007318 -0.9156979432584909
vn 0.34739173220682407 0.21020488210767668 0.9138560564620885
vn 0.9510174301743527 0.29162494511130554 -0.10257065317817829
vn 0.9615124652307244 0.25449984775480383 0.10355484874556442
vn -0.1635065823168029 0.41799216655443017 -0.8936152115078458
vn -0.15281416037116863 0.4351487441620615 0.8872955555192618
vn 0.819585191304048 0.3428689850606286 -0.45904354181123314
vn 0.8197201502693024 0.34587800420322035 0.45653836799426756
vn -0.3260715982461803 -0.2775023877717359 -0.903697813208689
vn -0.3287997824602522 -0.2680505540706841 0.9055603809335355
vn 0.6798340518978778 -0.7053786521548004 0.20066544038371534
vn 0.6718344861764267 -0.7141592287307824 -0.1965070461909973
vn 0.3530785081447072 -0.6568227257292729 -0.6662728225373419
vn 0.3605699419796637 -0.6463327360307753 0.6724903800618667
vn 0.7248922287606506 -0.6822001695501374 -0.09557293208947953
vn 0.6351951932360819 -0.766501145758777 0.09488445626264913
vn 0.9041738905485553 0.3731901394631333 0.2078429586437225
vn 0.9048616396539628 0.37058539535530627 -0.20950388500477357
vn 0.6188150173503033 0.35203098543868216 -0.7022408131067392
vn 0.6184804958504858 0.3567022649129223 0.7001752426775233
vn 0.9259189454314668 0.3777219593564548 -0.00047740025237054374
vn -0.007117558775384422 -0.0063243556412118295 -0.9999546704140154
vn 0.0017951531771130047 0.012609014975780104 0.9999188917939351
vn -0.002021207303714166 0.001734580682014248 0.9999964529691557
vn -0.0011270661417603545 -0.008181606573519878 -0.9999658949363164
vn -0.22180151821947713 0.975089611344184 -0.002082393858798977
vn 0.4151482631959989 -0.8146028061390206 -0.40506072112188185
vn 0.4212623062876774 -0.8081627948854552 0.411595634408477
vn 0.7846490489873621 0.432096158343718 -0.4445433385709756
vn 0.7836149480763445 0.43495492204079905 0.44357843606716324
vn -0.22023292592070065 0.9601890877078894 -0.17185567836733942
vn -0.21441145242038542 0.9624092858450906 0.1667216110470493
vn -0.676754240854703 -0.7306766545488481 -0.09008509300921026
vn -0.6520333036208948 -0.7532849003877479 0.0861070834312881
vn -0.6596313483210633 -0.7295590728825687 0.18063787943524726
vn -0.6560435210197799 -0.7325602518464444 -0.18155543490252096
vn 0.33751836847301186 0.25099644488519984 -0.9072387423375984
vn 0.3367253159829657 0.2586297273175 0.9053876107633942
vn 0.8630606556043695 0.46341874670169947 -0.20092130288543836
vn 0.8616736949174627 0.4658792029989079 0.2011840244661338
vn -0.20387608392934467 0.9001832682605709 -0.3848436383069775
vn -0.1966173397335704 0.9046370607940322 0.37811824863926946
vn 0.43155226347002684 -0.8845438132594913 -0.1770448709176704
vn 0.43762012911091547 -0.8802629469729679 0.1833732989925508
vn 0.13779342471668354 -0.4427231204837908 -0.8860074552135229
vn 0.1447556942222366 -0.42880117779239 0.8917260447660467
vn 0.8821684841173243 0.4709336338047753 0.000527429210419415
vn -0.6146746015930699 -0.6768007023878835 -0.4051122602485247
vn -0.6191015325754468 -0.6726361347262738 0.4053071953755955
vn 0.435906002643133 -0.8999876170406766 0.0028715906966250548
vn 0.5932876921990524 0.4278095857056819 -0.6819007791925856
vn 0.5916151641615106 0.4323928573147482 0.6804615451863072
vn -0.16753792958915964 0.7546175870444088 -0.6344157465513066
vn -0.15942670458214758 0.7630084876442418 0.6264193273270897
vn -0.5124696157912173 -0.5522747251595388 -0.6575465921444336
vn -0.516941011617199 -0.5461645497311853 0.6591481435346067
vn 0.2219009568283247 -0.7389056542594699 -0.6362219734197011
vn 0.226973856498219 -0.7310796426548802 0.6434325330304169
vn -0.3133985822053742 -0.3183990579131323 0.8946526524812247
vn -0.31021440592261823 -0.3271869435053929 -0.8925893380259905
vn 0.7433423652011388 0.5173575502330794 -0.4240086005189088
vn 0.7412420065886745 0.5201547620791747 0.42426325689924255
vn -0.10087765995330317 0.4600039675647549 -0.8821678114435085
vn -0.09297894004594814 0.47398145476366776 0.8756120700675893
vn 0.8108428424380296 0.5531785757327777 0.19112129189933807
vn 0.8128936338263971 0.5507603541915429 -0.18938577648630744
vn 0.25355132697127253 -0.8896247860167813 -0.37984136780464434
vn 0.2574280166094012 -0.8854919873803071 0.3868265199670568
vn 0.8354740876755872 0.5413831280849278 0.0942727821145848
vn 0.8165441077340139 0.5702810511432217 -0.08963951601746432
vn -0.002222695364333134 0.0012676740184675017 0.9999967263085917
vn -0.0005678394605730854 -0.008796925948731408 -0.9999611450712471
vn 0.25980152963946107 -0.9514780395573621 -0.1649021086495716
vn 0.26361246964737894 -0.9492871846841706 0.17135433125780838
vn -0.004929760662508024 -0.0046645592098663105 -0.99997696940839
vn 0.001642513637839141 0.011883325015613158 0.9999280417787687
vn 0.3240727285520891 0.30906122865521674 0.8941241656229473
vn 0.32603574347734593 0.30127360023931543 -0.8960663545597588
vn 0.2846442301029673 -0.955254058846415 -0.08041980680490808
vn 0.2380390357825695 -0.9678818849341432 0.0808830900747162
vn 0.5618739035608282 0.5030926912645275 -0.6566547498446439
vn 0.5589835143805314 0.5076734558301005 0.6555952203122848
vn 0.08308597221491568 -0.4750996553404174 -0.8760005928745248
vn 0.08793542047689419 -0.4632147027112367 0.8818727238199924
vn 0.6934152917402813 0.5993547579228052 -0.3999363791105234
vn 0.6903824878678262 0.6021881278288131 0.40092577760410913
vn -0.5936836180628337 -0.8046983031825596 -0.0006344280358903232
vn 0.7503500436726126 0.6363420030831743 0.17900744976844282
vn 0.753010583768617 0.6338983709211988 -0.17648772216756914
vn -0.5852387718942119 -0.79258543089152 -0.17118386200298885
vn -0.5884087030722902 -0.7903725457378723 0.17054746287359523
vn 0.7529015857491921 0.6528572155698054 -0.0831664490933228
vn 0.7753160357454907 0.6253822444509697 0.08821617222122406
vn -0.10833751178748956 0.990970382908939 -0.07899799831012347
vn -0.13419906106365997 0.9877929651574187 0.07909279357278128
vn 0.1310061677993023 -0.7743986183256726 -0.6189864004433621
vn 0.1342798508202827 -0.7681495106421661 0.6260313498251372
vn -0.5529264506884195 -0.7390835641141658 -0.3847438438564139
vn -0.5568421742937223 -0.735930488812854 0.3851403751406927
vn -0.1208540232347732 0.9788051391698377 -0.1653324063899253
vn -0.1171557081048725 0.9800570982715451 0.16050739604767433
vn -0.473258994094121 -0.6096289040960392 0.6359076377900199
vn -0.46907643177332314 -0.6146906412380506 -0.6341314664398551
vn -0.11248320260812071 0.9212718459735642 -0.3722978846938053
vn -0.10778548466436015 0.9242861855955615 0.36616572260777797
vn 0.14770659446861836 -0.9183982458954959 -0.3670523448863384
vn 0.1500746503529105 -0.9153725245149391 0.37359167641236196
vn -0.29116615092546017 -0.3741519142789871 -0.8804729510874378
vn -0.29457130021511607 -0.365953467934681 0.8827829905453302
vn -0.09340180099696932 0.7786734756283261 -0.6204383304756608
vn -0.08800035178983137 0.7850071578780714 0.6132044521732197
vn -0.00020870604006885984 -0.009372822125329564 -0.9999560523579003
vn -0.0026094311166922997 0.0008306992577864972 0.9999962503969654
vn 0.15048429688422701 -0.9756817176997752 -0.15937271453318527
vn 0.1527962573120325 -0.9743475393400046 0.1652276500272069
vn 0.16578148097397222 -0.9831032664903564 -0.07761744637687937
vn 0.1367389872027505 -0.9875046288746987 0.0783393727943333
vn 0.3090350680847118 0.3511632768014526 -0.8838448278515544
vn 0.30593893705465675 0.35911023920334934 0.8817262630165782
vn -0.057120155980091604 0.4802829757212988 -0.8752517072323277
vn -0.05166787857207678 0.4917444491586118 0.8692052847547318
vn 0.5207558002189488 0.5750933869649162 -0.630936599673488
vn 0.516804434883678 0.5797714995167302 0.6299033135590608
vn 0.632622438316765 0.6765768515675455 -0.37687214604040226
vn 0.6288073354003447 0.679570380291025 0.3778695981126692
vn -0.003225634531475244 -0.003212860303373797 -0.9999896363515676
vn 0.0013709414234086153 0.011076934610223963 0.9999377090795478
vn 0.6789792415601329 0.7148852558466884 0.16711152115710526
vn 0.6822002913687336 0.7123725606988909 -0.16470609345048517
vn 0.6933790761959227 0.7205713134815201 0.0015616917768372575
vn 0.046108755404407176 -0.48876635235161014 -0.8711954060278088
vn 0.04937139616040486 -0.4784939771745412 0.8767017617461836
vn 0.07223528552874339 -0.7879234567714243 -0.6115216184191287
vn 0.07431485788609048 -0.7826542630068227 0.6180045359822349
vn 0.08112168474595018 -0.9285647204965275 -0.36219722819644085
vn 0.08256370824728526 -0.9261376494607536 0.3680384332264326
vn -0.5139916745516488 -0.8542219526619482 0.0782138995447755
vn -0.5352662300325141 -0.8408164029730134 -0.08073313742387861
vn -0.5218994771659322 -0.8371453624008753 0.16373325240962414
vn -0.5192520755081055 -0.8388400270991618 -0.163476882209082
vn -0.4959106249859311 -0.7851862652242992 0.37088432284093614
vn -0.49271332491029945 -0.7877370584435418 -0.3697349134319799
vn 0.08253821590604248 -0.9840425937260098 -0.15763126798968138
vn 0.0839365734602771 -0.9830957619028107 0.16271869764867108
vn -0.42580733671608084 -0.6602685372964431 0.6186546457072586
vn -0.422247347758832 -0.6647036864331608 -0.6163409661484448
vn 0.0919846335043878 -0.9928006299629147 -0.07671855280375935
vn 0.07405316530782999 -0.994247455689919 0.07738297979538933
vn -0.26967426334566225 -0.40560398131647646 0.8733620108690313
vn -0.2663450898422128 -0.41336111665876896 -0.8707427176563461
vn -0.003121151652965655 0.00041660941813774065 0.9999950424121872
vn -4.422118809241465e-05 -0.009742559468028357 -0.9999525391634838
vn 0.2784640887415433 0.4026728185053155 0.8719589167606047
vn 0.28257352231505395 0.3946394873400647 -0.8743065134827914
vn 0.4620024391809493 0.6429531799303261 0.6108722899332847
vn 0.4667935462757895 0.6380438715063877 -0.6123755409782566
vn 0.5596652738897513 0.745799825059953 -0.3613272784366734
vn 0.5552079621412694 0.7490762498524236 0.3614261898119284
vn 0.596184774848556 0.7870436874289753 0.15851166618573523
vn 0.5999261755073092 0.7844358350557076 -0.15731816367358253
vn -0.05976387178767184 0.9982108200501059 -0.0018542825680214125
vn 0.6217164219332941 0.7794074321176286 0.07741282489527565
vn 0.5917534925182686 0.8026978229363552 -0.074189009601606
vn -0.05977728601110944 0.9849179515432076 -0.1623678071696409
vn -0.05754255237923084 0.9857615936667818 0.15799663008181553
vn -0.05585285258502649 0.9286632594835008 -0.36669470863866455
vn -0.05297148822365785 0.930953300363847 0.3612754821144546
vn -0.04669958581283033 0.7877737430201727 -0.6141918906114742
vn -0.04331474676465076 0.7928604114441381 0.6078619914728558
vn -0.028899282719979574 0.48851168285484337 -0.872078647355042
vn -0.025381592852528823 0.4981014362804328 0.8667472145439167
vn 0.0010440456530063712 0.01034448368737634 0.9999459493522218
vn -0.001973335637944337 -0.0020098696856493794 -0.9999960331772854
vn 0.022759103013800425 -0.4929478566636068 -0.8697611360832143
vn 0.024854848981739355 -0.4839636264543688 0.8747350711794006
vn 0.035803943672575195 -0.7918834806081485 -0.6096217111926174
vn 0.037087211815466974 -0.7873090667301131 0.6154420948913983
vn 0.040264863108667184 -0.9315365070480212 -0.3614117829230423
vn 0.04112639815220683 -0.9294966464909715 0.3665304946891376
vn 0.040996998084432246 -0.986637860095324 -0.1576863316035503
vn 0.041827483574058265 -0.9858992110546398 0.16202841497620304
vn 0.04132818588511172 -0.9991438006158191 0.0019096445799714186
vn 0.527978632522279 0.8458553705216204 0.07594245031361838
vn 0.4946294783050853 0.8658366639752608 -0.07528977691446954
vn 0.5025249287296991 0.8502058527149523 0.15690348630432532
vn 0.5067212406103322 0.8474809087014327 -0.15814453421133387
vn 0.4698494417198363 0.8063365267810467 0.3592532639994195
vn 0.4747991384732395 0.8026284247223432 -0.3610448586156564
vn 0.3936153640539464 0.6893318817205965 0.6081845953526124
vn 0.3989661844279294 0.6840062902001864 -0.610705639935966
vn 0.23927316597109066 0.4304321644055581 0.870331261010035
vn 0.2441283026456946 0.4224724937548923 -0.8728793524123794
vn -0.0036417894967329667 4.388555607697411e-05 0.999993367699666
vn -6.535507291712988e-05 -0.009688415972478341 -0.9999530640608382
vn -0.2370390872758414 -0.4301812274978288 0.8710663479964642
vn -0.23409135673043607 -0.4377194372744641 -0.8681030646969461
vn -0.3745726559036642 -0.694465554858464 0.614339416417668
vn -0.37188581991935094 -0.698805467650318 -0.6110416150516528
vn -0.4370320527958887 -0.8210057401105496 0.3673588974484498
vn -0.43466592249122266 -0.823395033570021 -0.36480975112663616
vn -0.4608143945533151 -0.8725220857842401 0.16234316613636984
vn -0.45872030021405297 -0.8739602719741231 -0.16052765862132878
vn -0.45406786884701045 -0.8875485072464434 0.07797446867625507
vn -0.4733698697072257 -0.8773337729075024 -0.07878081853631125
vn -0.0285263855756657 0.996603928378348 0.07724542230341755
vn -0.02013545692171865 0.9967975943959861 -0.0773893996677104
vn -0.024491822554812966 0.9865799693907615 -0.16143145488060093
vn -0.02326156453064633 0.9872395313907912 0.15753414637746763
vn -0.022974163800239377 0.9306991424803386 -0.3650634109083544
vn -0.021370720051300026 0.9325905185922638 0.3603029516341789
vn -0.0193311624218729 0.7902907314206483 -0.6124270291145189
vn -0.01741804278008174 0.7945728444944223 0.6069189456408111
vn -0.010087360579922197 0.49909363529877754 0.8664893469401579
vn -0.012121564314460093 0.4908853608655386 -0.8711398453557732
vn 0.0006966655923552638 0.009741284182552778 0.9999523098825901
vn -0.0010782649857289913 -0.0010262819097286735 -0.9999988920444175
vn 0.010371464147230221 -0.4850130206907479 0.8744454256795439
vn 0.009150396043563195 -0.4929414652130067 -0.8700143574251519
vn -0.995552055750523 0.052618613769259075 -0.07814976504065187
vn 0.4615503012511807 0.8837744060883795 0.07690330654839625
vn -0.9993752558016584 0.00034868808248921017 0.03534086173243004
vn 0.45299859978432716 0.8707829980023147 0.1911262383440318
vn 0.4589067614182684 0.8790788738129268 -0.12893765136837632
vn 0.01459861303998937 -0.7920583681698079 -0.6102707775319817
vn 0.015328676942159681 -0.7880343086535143 0.6154404601975569
vn -0.9903256380633553 0.11494228575679066 -0.07773931784761698
vn -0.9933908098488811 0.08422451039354074 0.07798032288181689
vn 0.4196467798904591 0.813579056628561 0.40247446967844985
vn 0.4355232151970295 0.8393179449411358 -0.325368892680647
vn 0.016977447050222073 -0.9301581757839976 0.3667663211281029
vn 0.016500290423808742 -0.9319117053641921 -0.3623096932475493
vn -0.9817169780813817 -0.1740487235925024 -0.0770637188473312
vn -0.9672748072252884 -0.2421035138119491 0.07592980908173504
vn 0.016829631397861224 -0.987230666826629 -0.15840572585630092
vn 0.0172845722214239 -0.9866242408169402 0.16209210651823439
vn 0.014055907469948543 -0.996908039040467 0.07730972229730881
vn 0.020015351508704055 -0.9968289762510327 -0.07701543877886441
vn 0.3424122732850848 0.6709072129135669 0.6577517364205816
vn 0.37643369787132847 0.7322792719095098 -0.5675074792798733
vn -0.9819876704527958 0.052807650845803564 -0.18141545438809584
vn -0.9857073774717063 -0.10846264857966283 -0.12890624446059898
vn -0.9876620307700239 -0.02497161940657345 0.15459667266615273
vn -0.9776829181348335 0.19556620080608986 -0.07674615749096853
vn -0.9823168772820153 0.17060956753331188 0.0771098442029701
vn -0.9828663519892348 0.0997841196135804 -0.15497375132684996
vn -0.9828802896883033 0.10026036211461734 0.1545774754965384
vn 0.18811567168425916 0.372513628370606 0.9087607445004137
vn 0.25106082285643994 0.49362682389257057 -0.8326469972085292
vn -0.9657499777264725 -0.20896632734275605 -0.15381825170700017
vn -0.9665074450163853 -0.20790590716940596 0.15046093344109385
vn 0.038915849805516226 0.07688191284211765 -0.9962804465167685
vn -0.04121405415570791 -0.08317333830345945 0.9956824782708132
vn -0.9273877538353223 -0.3669501023530013 -0.07279818967115452
vn -0.9037441369718279 -0.4221537342403189 0.07094194496910974
vn -0.9710409425116578 0.18359093783778763 -0.1528851055855764
vn -0.9709615342080276 0.18397621987788748 0.15292628815163298
vn -0.9625769663594039 0.26026161091826105 -0.07556108599377519
vn -0.9677075146911825 0.24035732238868343 0.07596396240558603
vn -0.24541216010161387 -0.49708682615456645 0.8322725268431246
vn -0.18737127610333043 -0.3774027554060177 -0.9068953440741412
vn -0.9067623186772421 -0.39599895779185135 -0.14479959549266444
vn -0.9077483113663962 -0.3951323065805453 0.1409378001381963
vn -0.36123395169229466 -0.7369494193643245 0.571327914111812
vn -0.3323342418177557 -0.6748188965549634 -0.6589183625971878
vn -0.9562304691271891 0.2510339975618371 -0.15035033083076152
vn -0.9560804996047962 0.25134371869349603 0.15078598525316655
vn -0.41363459435016575 -0.8483770375942173 0.3303979788673557
vn -0.4015512225951445 -0.8208598856442016 -0.4061350314520198
vn -0.4333469648338547 -0.8915252350406135 0.13188314280098384
vn -0.4294714528970765 -0.8820237466288655 -0.19387723313801686
vn -0.4355119201732801 -0.896801896261633 0.07794694508780912
vn -0.43573705015517217 -0.8966231442541359 -0.07874109670239536
vn -0.941079436261566 0.05287148901167274 -0.3340270951514291
vn -0.9529965469027883 -0.10859484769796432 -0.28285109270571596
vn -0.9368387858751787 -0.10864672661847267 0.3324589870570685
vn -0.9573432610500777 0.05284798917172992 0.28407916249261816
vn -0.9473764590810241 0.3113640208131007 -0.07436592850358123
vn -0.9523435668328523 0.2957247920838668 0.07475679272838258
vn -0.9460735783722344 0.09998623448228004 -0.3081355825282276
vn -0.9461647201636214 0.10030485992716634 0.30775194133049405
vn -0.8526500634715851 -0.518177623225779 -0.06693145785043418
vn -0.8267763042971238 -0.5587744283902717 0.06490054568272148
vn -0.9293581403334499 -0.20904456370064692 -0.30429232225469927
vn -0.9305652706801391 -0.20832534731938604 0.3010794358109779
vn -0.934694623463475 0.1838716878664668 -0.30419921641846726
vn -0.9346312153146598 0.18413676645924307 0.30423369734034444
vn -0.9410025775514833 0.30443082372913666 -0.14777016818378555
vn -0.940799189468366 0.3046741512729563 0.14856159208143044
vn -0.8310653815982106 -0.5400331209009672 -0.13302090000816358
vn -0.8321330039865967 -0.5393908531223792 0.12888821220016433
vn -0.8724357489228338 -0.3962754000902436 -0.28604487634770076
vn -0.8739043688550516 -0.39568237003162016 0.2823590199413044
vn -0.9334882836376548 0.3510415958358378 -0.07327634205017058
vn -0.9379066436927662 0.338985047817467 0.0736224495188784
vn -0.9204354064226803 0.2513769512937935 -0.2993464397011484
vn -0.9202435431831598 0.2515850318221843 0.2997612266333561
vn -0.7766239331799756 -0.6270077492705919 -0.06096350356312683
vn -0.7533239626519225 -0.6549855929558828 0.059134425799489916
vn -0.9268949110075514 0.34601963971952965 -0.14538305567249005
vn -0.9266483386867957 0.34620937506608285 0.146498890867316
vn 0.004722687660883853 -0.9999879511530401 0.0013393169911486043
vn -0.905774043401055 0.304812468060761 -0.29438536243436253
vn -0.905471415611376 0.30497931442586224 0.29514256433639274
vn -0.7566703779718917 -0.6424328653592332 -0.1213670161378274
vn -0.757722512877934 -0.6419827588070124 0.11710990936930349
vn 0.004630168959104786 -0.9872401261684304 -0.15917127510437307
vn 0.004823694208807963 -0.9867276631004683 0.16231220177937508
vn 0.004528788131869409 -0.9315689783924777 -0.36353641987406443
vn 0.004734192776278306 -0.9300452347174276 0.3674145462528152
vn 0.003971457591333055 -0.7911409844324027 -0.6116209367540725
vn 0.004291166452493639 -0.7875919466419185 0.616182206392939
vn -0.7994316783310255 -0.5404067197240174 -0.2624301220476931
vn -0.8010133545766014 -0.5399647259406508 0.2584873314686384
vn 0.002415834925760607 -0.4916225008770793 -0.8708050759917386
vn 0.002958971154887788 -0.4845946605593179 0.874733822055089
vn -0.00044852878784420487 -0.00021418179567944768 -0.9999998764740348
vn 0.000343513552112902 0.009277404665533185 0.9999569049519641
vn -0.003493149151823808 0.4910261061017229 -0.8711378542088402
vn -0.0025985137314300435 0.4982100232490713 0.8670524900261503
vn -0.005449763356518811 0.7904036095695827 -0.6125621879113441
vn -0.004621578563952757 0.7941287467586654 0.607731992397215
vn -0.0064152432928224435 0.9309346606794124 -0.3651294321185313
vn -0.005729339160270008 0.9325744155998428 0.3609323122711491
vn -0.006796232525974702 0.986871194823184 -0.16136621719465982
vn -0.0062738519781863 0.9874327927150282 0.15791490953154536
vn -0.006653678977622594 0.9999767714452633 -0.001478217159456954
vn -0.9216958625320403 0.3811062525631615 -0.07235164993683323
vn -0.9253557612899899 0.37207576715920887 0.07263840953868243
vn -0.8769924438056692 0.052927638212569635 -0.4775802745308892
vn -0.8966471408899922 -0.10872511876247101 -0.4291884822358227
vn -0.8730417152284439 -0.10876464218802112 0.47536135316271605
vn -0.9007564047324116 0.052908704098413646 0.4310899771093806
vn -0.8858864961332192 0.10016570810529588 -0.45295910067971085
vn -0.8860463047471591 0.10036112880917637 0.4526031260034031
vn -0.8699852158166907 -0.20913942372535246 -0.4465270716364391
vn -0.8716196843926737 -0.2086983450855478 0.4435359360162034
vn -0.9147741843891755 0.3776853664264944 -0.14332465092370994
vn -0.9144927395431763 0.3778292331171555 0.14473458441201376
vn -0.875239571352747 0.18413324997887817 -0.4472702080291906
vn -0.875188440247184 0.18429502708746906 0.4473036295946304
vn -0.892192753467323 0.34642687343177975 -0.2897939130221311
vn -0.8917949900080778 0.3465565732732757 0.29086119940201227
vn -0.7113191697371763 -0.7006477304367931 -0.05583723308138747
vn -0.6932149277940906 -0.7186737310157282 0.054416286453291544
vn -0.8165487579819648 -0.3965538643757789 -0.41951538528014326
vn -0.8184804167124289 -0.396188918389874 0.4160819010763512
vn -0.7277178822023137 -0.6428320107605126 -0.2391520224973557
vn -0.7293162200334579 -0.6425197114088002 0.23508779561529963
vn -0.6943585158049694 -0.7109258821684347 -0.11158244302825117
vn -0.695342475406437 -0.7106295358961796 0.10725905373267534
vn -0.8618896057567257 0.2516912309301114 -0.44022475141841033
vn -0.8616553459349476 0.2518194075979423 0.44060986232578486
vn -0.9124081610911422 0.40296602160702416 -0.07162215442506242
vn -0.9152039753640685 0.3965355168477011 0.07184196097081309
vn -0.905097362728715 0.4009112738868924 -0.1416647960924446
vn -0.9047866623824036 0.4010160834417437 0.14334293284272862
vn -0.8805271982619401 0.37810931577250567 -0.28584121194646783
vn -0.8800451930127263 0.3782082544121842 0.2871915293835839
vn -0.8481609299656576 0.3051678409436746 -0.43300765089495474
vn -0.847764506658368 0.30526996774579396 0.43371141101287164
vn -0.7480624399703749 -0.5407698052566563 -0.3846694732211633
vn -0.7501356939272072 -0.5404964212913637 0.3809987654410129
vn -0.6634702443421451 -0.7463878044912977 -0.05208147635421307
vn -0.6524292047431851 -0.7561171758406224 0.05121473613108136
vn -0.6676736165494943 -0.711316955191922 -0.21963636087909535
vn -0.6692397368342606 -0.7111085321811969 0.21550598623034384
vn -0.6503394012198015 -0.7523956939875052 -0.10468707126541629
vn -0.6512283803955645 -0.7522275571033138 0.10027611331593722
vn -0.9058246350984956 0.41764309839569197 -0.07110536415154388
vn -0.9077061575315489 0.41351247869660435 0.07125280023620964
vn -0.8354455640649868 0.3468077191130262 -0.4263274744228387
vn -0.8349047565737676 0.34688775039452546 0.4273206478474018
vn -0.8712171981652299 0.40134613218651205 -0.2826691985343529
vn -0.8706597910884706 0.4014185815681171 0.28427917713688
vn -0.8980890483388174 0.416790001991712 -0.14043559197591463
vn -0.8977528659748099 0.41686094436863724 0.14236131740786584
vn -0.6808206618060395 -0.6432133965027832 -0.35037087923704496
vn -0.6829356003541784 -0.6430200692029204 0.34658931947068006
vn -0.7917641750782819 0.05296455749842674 -0.6085262908959673
vn -0.8185486876251286 -0.10881795583927212 -0.564036079053585
vn -0.7882023031152823 -0.10883934841945277 0.6057153833273459
vn -0.8223163160597062 0.05295448066382372 0.5665612935240265
vn -0.8042738819017478 0.10029386766317071 -0.5857342938567419
vn -0.8044946185199973 0.1003870286847911 0.5854151119028302
vn -0.639330618377458 -0.7672924404900241 -0.05018636440269553
vn -0.6384455470912631 -0.7680335757449759 0.050116962475034776
vn -0.7895807176929398 -0.2091790239180527 -0.57689377375752
vn -0.79161086800065 -0.2089695512914054 0.5741811215081234
vn 0.0011251336192288595 -0.9996589162743136 -0.02609186056232939
vn 0.0011294061234037175 -0.9812863399908487 -0.19255088519446822
vn 0.0011208474460074084 -0.9913808476386193 0.13100671218046578
vn -0.7946287488425848 0.18431504295469087 -0.578440244496766
vn -0.7945866939655185 0.1843902203852295 0.5784740550787337
vn -0.6252555710827459 -0.7527774107101584 -0.2058680178038802
vn -0.626775987438001 -0.7526556325509188 0.20164662248719914
vn 0.00110062395187061 -0.9145060610602965 -0.4045707019927392
vn 0.00110138484049113 -0.9444469726788544 0.3286619885979828
vn -0.8245259257825788 0.37850776164465005 -0.42058158790790895
vn -0.823855537470269 0.3785688033821289 0.42183849336611917
vn -0.6320739811613724 -0.7687927658478677 0.09716051419583328
vn -0.6313061442268851 -0.7688246082615131 -0.10179034331857982
vn 0.0009554474633428694 -0.7523031417415549 -0.6588164160416244
vn 0.0010066876490716094 -0.8215292793233362 0.570165440722653
vn -0.7409702282572812 -0.39671619105291017 -0.54182966381772
vn -0.7433324250032939 -0.3965440593773102 0.5387111609306853
vn -0.9020358503399163 0.4258138557917195 -0.07080879124326986
vn -0.902979759457726 0.4237961934236618 0.07088258212904947
vn -0.782524035754059 0.25190940565413394 -0.5693836885705114
vn -0.7822476050841698 0.25196979585761126 0.5697366991124536
vn -0.8644809984435743 0.4172257786824888 -0.2803484491356993
vn -0.8638550514968203 0.4172776640950155 0.2821946155596049
vn 0.0005569204894221511 -0.41776639227200846 -0.9085543084084731
vn 0.0007135915352136285 -0.5529494054587076 0.8332145256714999
vn -0.6245378139235046 -0.7116894548441425 -0.32163743383396337
vn -0.6266502312743863 -0.7115588159315053 0.31779480661885023
vn -0.8938508799399741 0.4260603513264263 -0.13965379142055562
vn -0.893494491704729 0.4260977814905812 0.1418036455882308
vn -0.6699675689041753 -0.740525211063589 0.05259152399252325
vn -0.652076767274889 -0.7564229993209313 -0.05118726090207464
vn -0.00013478640404237014 0.09278717852619563 -0.9956859551755127
vn 0.00011434292437473684 -0.08669864176698067 0.9962345770156025
vn -0.0008210675715174203 0.5567767068798813 -0.8306617991240706
vn -0.0006089153789555153 0.422842743258543 0.9062028711583577
vn -0.7700728662334964 0.30541027075054183 -0.5601003010274218
vn -0.7695872274598236 0.30545915466641943 0.5607407637769687
vn -0.6533909158829562 -0.7503543380107376 0.10024309687005552
vn -0.652825290545132 -0.7501323446579476 -0.10545428167046636
vn -0.6787056897143909 -0.5409948677495435 -0.4966720646643687
vn -0.6812366412608675 -0.5408654718964139 0.49333678143219933
vn -0.8158152046087954 0.4017545157603638 -0.41597939972463194
vn -0.8150268371071269 0.4018004581094733 0.4174777199542154
vn -0.6068891505482846 -0.7692127151901055 -0.1999933942325277
vn -0.6083717738888568 -0.7691830670598806 0.19555355809517022
vn -0.001250809964153873 0.8230910138475697 -0.5679081073534815
vn -0.0011243751811742086 0.754838778335156 0.6559094102861622
vn -0.8066568496610784 -0.5876182809534705 0.06332047681558141
vn -0.741975285064215 -0.6678924861838771 -0.058243482493722326
vn -0.001469409959187494 0.9448996831620735 -0.3273567314025861
vn -0.0014037288034690488 0.9154497433313588 0.4024298659145414
vn -0.0015603138697548116 0.9914330012008129 -0.13060692765154688
vn -0.0015344373986767542 0.981519688965201 0.1913550252162831
vn -0.8923472478116602 0.4458807833615181 -0.0700479575139378
vn -0.8861237841555087 -0.4581988172918606 0.06955920489957919
vn -0.0015757469900640208 0.9996672562080127 0.025746725752355596
vn -0.8983015252984536 0.43368414278772965 0.07051548724176779
vn -0.9527427655107437 -0.3031391057385851 -0.019695312613689616
vn -0.8833508428106431 -0.4635546040369287 0.06934275435755792
vn -0.9441891660433497 -0.3209568708304067 -0.0741181880048177
vn -0.8604138554614741 0.4264968431969262 -0.27890579067666965
vn -0.8597287023074038 0.4265245459508564 0.2809686283737796
vn -0.7640518159676255 -0.6344791093100559 0.11688063297951397
vn -0.7639619335963503 -0.6332838399782066 -0.12374870519800556
vn -0.758541065788035 0.3470664261413121 -0.5515073411647837
vn -0.7578684653529663 0.34710355405781257 0.5524079217244942
vn -0.5847798876922591 -0.7531369143905416 -0.3013590402375927
vn -0.5868864994366026 -0.7530585790214626 0.2974340487254712
vn -0.696735277645413 -0.7152402288206265 -0.054693399610803925
vn -0.5950790649509511 -0.8023084029342213 0.046713306864757484
vn -0.8895913997062931 0.43956976629646105 -0.12411914488374884
vn -0.8807961139644227 -0.4593354232940815 0.1149311730228952
vn -0.8845272669094382 0.4398550230105276 0.1553675410957124
vn -0.9795368221085415 -0.15530251894527067 -0.12801852109266626
vn -0.8733606565553127 -0.4595008864675098 -0.1615552503536976
vn -0.9714137366644089 -0.15537228446020337 0.17948483345761615
vn -0.8272468963550064 0.5580730479410555 -0.06493878373352477
vn -0.8517815099532147 0.5196127678124025 0.0668642716864248
vn -0.9073247232781422 -0.39555462886871895 0.14247239068946857
vn -0.9062550158025102 -0.39776826058186854 -0.14311623669754067
vn -0.6175957712720613 -0.6434572353458822 -0.4522590514162227
vn -0.6201920402507031 -0.6433648429588331 0.44882458940462056
vn -0.6289862189575537 -0.750720172930114 0.20197910366485985
vn -0.6275230608153662 -0.750578544694363 -0.20699433902743877
vn -0.8095179211999028 0.4176395979935012 -0.4126231954750174
vn -0.8086225354476719 0.41767159407156845 0.4143428950421296
vn -0.6358527826775938 -0.7652016214133249 -0.10078550167350067
vn -0.6376175703976151 -0.7638677607408249 0.0997490752891489
vn -0.8322236502889623 0.5394779179553298 -0.12793503014537252
vn -0.8308715649348418 0.5400990528508595 0.13396064979064365
vn -0.7332935565739153 0.6774710414471165 -0.057563424913199816
vn -0.7685833452136828 0.6368983346162492 0.0603336790125801
vn -0.41995082265260353 -0.9069479372685596 -0.03296582529994544
vn -0.3520075015539475 -0.9355892199322151 0.027632053784996925
vn -0.7486407572548008 0.37877515532042094 -0.5441198381688996
vn -0.7477972138248347 0.3788056676563609 0.5452573641384709
vn -0.7446375958681621 0.6577269612074207 -0.11362260039506049
vn -0.7429567793917324 0.6583783564833795 0.12063649393988926
vn -0.6209772365902965 0.7838168976572963 0.004282824251653379
vn -0.7358168159773185 -0.6347518200489516 0.2359316432137589
vn -0.7343361822432776 -0.6339585614714962 -0.2425838283673477
vn -0.5696805344336647 -0.7695544304460495 0.2885308774953394
vn -0.5675417712942747 -0.7695757711005562 -0.2926593076789829
vn -0.37867309467771615 -0.9235629147943626 -0.060317740207524194
vn -0.3799281723392355 -0.923123555162695 0.05913954486429051
vn -0.8586350154640436 0.4400344687544097 -0.2628984148432359
vn -0.9470294822455784 -0.15548781981247134 -0.2809959032577453
vn -0.8367240506258286 -0.4599593208351895 -0.29720411551850523
vn -0.9309171003833595 -0.15556239245825562 0.33044469169060897
vn -0.851397855832928 -0.45978214837263953 0.2524323020552893
vn -0.8487446312159381 0.4402734463487504 0.2929024469380807
vn -0.8731546140856958 -0.39632384146337407 0.2837753206122302
vn -0.8722908622643116 -0.3978216940344307 -0.28433527984715423
vn -0.6142954080614671 0.7836519601705241 -0.09236209696347729
vn -0.6120672477935175 0.7843599677025552 0.10076271753042107
vn -0.6875656233748728 0.052972297186172995 -0.7241874407112722
vn -0.7208555506285417 -0.10885730920391723 -0.6844832805561468
vn -0.6844832805561468 -0.10885730920391723 0.7208555506285417
vn -0.7241874407112722 0.052972297186172995 0.6875656233748728
vn -0.3510003331597696 0.9359698764065407 -0.027552796251117038
vn -0.4473443518865439 0.8936721407880946 0.03511603073287316
vn -0.5664599200824602 -0.7119294768100113 -0.41506575260938633
vn -0.5690752489625105 -0.7118670054084612 0.41158076683568023
vn -0.7033992826010562 0.10036647757771958 -0.7036732334080645
vn -0.7036732334080645 0.10036647757771958 0.7033992826010562
vn -0.6902757670636951 -0.20912705038545143 -0.6926653175969677
vn -0.6926653175969677 -0.20912705038545143 0.6902757670636951
vn -0.611776669581212 -0.7653810989584865 -0.19980260236848707
vn -0.6131996413531144 -0.7644759688632661 0.19890372765481906
vn -0.8012560990887141 0.5400462399620427 -0.25756304543935743
vn -0.7990919475190161 0.5404744149462573 0.26332388079847
vn 0.091618420928011 0.9957682161868114 0.007191980171925891
vn -0.08542912128786356 0.996321682220029 0.006706025218775486
vn -0.39889317827171644 0.9152045555575845 -0.057313644230085885
vn -0.3956572945408184 0.9158910278224849 0.06781541440492939
vn -0.8057229757965151 0.4269096598327606 -0.41055892222077567
vn -0.8047319114202687 0.4269283000136826 0.41247882053422796
vn -0.6949992102843282 0.1844004606053773 -0.6949622779926151
vn -0.6949622779926151 0.1844004606053773 0.6949992102843282
vn 0.9269130843481718 -0.3681548004120097 0.07276109535838822
vn 0.9269119169518901 -0.3681576564793294 -0.07276151584608812
vn -0.7407469397725421 0.40202856438044204 -0.5382072134780567
vn -0.7397490142453538 0.40204958760173504 0.5395623458251163
vn 0.6891711387241662 0.7225762427529864 0.054099121606670256
vn 0.5020351587702288 0.8639488502445943 -0.03940918065114616
vn -0.7169092170726434 0.6582844235202511 -0.22957088715013538
vn -0.7143077021050847 0.6587428494968726 0.23626757066955756
vn 0.9435089613872549 -0.3229632918837924 0.07406451159312258
vn 0.9608354140986044 -0.26665771434035956 -0.07542526365044042
vn -0.0034243672784171294 0.9999725458354768 0.006571246765853889
vn 0.0015824256181936334 0.9999751396693153 0.006871387959971281
vn -0.6476997625157761 -0.396719992941058 -0.6504600409232332
vn -0.6504600409232332 -0.396719992941058 0.6476997625157761
vn -0.21060779055492818 -0.9774308382067447 0.016532243647852024
vn -0.2488677742931287 -0.968340432244346 -0.019535562423887945
vn 0.9723066329393288 0.22089429724859647 0.07632510062380575
vn 0.9225646723314934 0.3789851942279868 -0.07241994146544965
vn 0.9215140309048797 -0.369156901346135 0.12056149067575486
vn 0.9138666993421269 -0.3692973760184123 -0.16872197218928478
vn -0.5890672152321613 -0.7510756133561647 0.2981362758207857
vn -0.5867897661985867 -0.7509930262473538 -0.3027990171920136
vn 0.9894708272789535 -0.12212420735820669 0.07767341849714757
vn 0.9965460666134893 -0.027860958173908334 -0.07822853780312147
vn -0.6844438254474164 0.25200332200699843 -0.6841278941136251
vn -0.6841278941136251 0.25200332200699843 0.6844438254474164
vn -0.36418274252077754 -0.9236617499999821 -0.11924722905382489
vn -0.365285070353247 -0.9233635900933349 0.11817993851314729
vn 0.5908708936445446 0.8004213089840345 0.1009817566097065
vn 0.5962677057864827 0.7981698886010968 -0.08596308490647181
vn 0.9427252598349679 -0.29701092438678384 0.1518341044166309
vn 0.9435016127327013 -0.2978616891497113 -0.14520027860742132
vn -0.5914355465544306 0.7841376754956114 -0.1879683487723429
vn -0.588175901197256 0.7846285644461212 0.19597735865659252
vn -0.22558174678097834 -0.973552582840519 -0.03616965528999081
vn -0.2263729580174573 -0.9734116753489617 0.03499991675353146
vn 0.9417238469266763 0.2987533192162289 0.1546048200636318
vn 0.944424762895011 0.2962726926702501 -0.14242316808940145
vn 0.9841601200383181 -0.07744824213784382 0.1594698338743759
vn 0.985426730761891 -0.07890266789961174 -0.15069348790925
vn -0.530336807007848 -0.753370791814846 -0.3888127070621441
vn -0.5329770723403233 -0.7533332805068162 0.3852588854788117
vn -0.3842217807215949 0.9154930801927061 -0.11935679008082392
vn -0.3798287037320403 0.915971054091734 0.12933361468433408
vn -0.6893827893954475 -0.6350394436602529 0.3485344669914705
vn -0.6866670216749557 -0.6345597336978305 -0.354714456589218
vn -0.6735825711965552 0.30550879238740475 -0.673016268417211
vn -0.673016268417211 0.30550879238740475 0.6735825711965552
vn -0.5931989051825202 -0.5410333870720625 -0.5961526087870382
vn -0.5961526087870382 -0.5410333870720625 0.5931989051825202
vn -0.8064226577164904 0.4404877104390839 -0.3945289267894135
vn -0.8910315869057494 -0.1556764733433731 -0.42641241396515644
vn -0.8009020954688612 -0.46022237903057395 0.38308118632089716
vn -0.8674972425571184 -0.15573725265706903 0.4724345904891219
vn -0.7920639256756868 0.44065265053587044 0.42244523813026025
vn -0.7795324004675024 -0.460357268298858 -0.42473570858333426
vn -0.7350450053211638 0.41791521266128173 -0.5339060920973706
vn -0.7339061394410289 0.4179306469477731 0.5354584510796155
vn -0.003995868750264354 0.9999736242706523 0.00606496462867455
vn 0.002224552287817133 0.9999754235986482 0.006648576225228441
vn -0.8174530125584567 -0.3970066679066006 0.41732035404087575
vn -0.8167360697514555 -0.3979265811925166 -0.4178476137868702
vn 0.8907915429595074 -0.3695428431847272 0.26444000083718094
vn 0.8756678585042764 -0.3696932088382895 -0.3106971723742964
vn 0.5675236175247997 0.8004318132341249 0.19294003191223877
vn 0.5743349725058229 0.7988744383019964 -0.17871477606623679
vn -0.5725769050263443 -0.7655754757482023 -0.29334259623069836
vn -0.573748377126415 -0.7650218521179701 0.2924967786605446
vn -0.7505169436807008 0.5405799838441305 -0.38012839714399077
vn -0.7475854937907245 0.5408435672618237 0.3854921078636812
vn 0.9068138823163624 -0.2974800133889285 0.29865402135656816
vn 0.9087043262824361 -0.2980554417552786 -0.2922659765276308
vn -0.2176661600590023 -0.9734972014671822 0.07017578999008899
vn -0.21688201642382363 -0.9735933735833043 -0.07126102628096684
vn 0.9055498310491423 0.2986791994854959 0.3012809972128562
vn 0.9098973814224862 0.29699501265840267 -0.28962168036343156
vn 0.9466384236446739 -0.07778758757929274 0.31276954151278974
vn 0.9493045087946723 -0.07876704428336462 -0.3043299234662411
vn -0.6635235141800315 0.34716724201200666 -0.6627303012568223
vn -0.6627303012568223 0.34716724201200666 0.6635235141800315
vn -0.5173835165700279 -0.769802968985004 0.37378828997643104
vn -0.5146535770968692 -0.7698142115829505 -0.3775152648917885
vn -0.8470525335572827 0.5273336205584715 -0.06649254110712303
vn -0.8470534009949025 0.5273322643448682 0.06649224649448077
vn -0.6715137198760167 0.6588048872632167 -0.339183496851446
vn -0.6680471675474751 0.6590918211422901 0.3454141763667716
vn -0.5397250858258302 -0.643511824323423 -0.5427608715504832
vn -0.5427608715504832 -0.643511824323423 0.5397250858258302
vn -0.3407063536747241 -0.9237626711655097 -0.17487626461826217
vn -0.3417115261896454 -0.923579693589345 0.17387864290520225
vn -0.12949232465170465 -0.991528319314755 0.010165129273881614
vn -0.15182977495352606 -0.9883347967588714 -0.011918429139870559
vn -0.8347294877361489 0.528698078033903 -0.15396436141849124
vn -0.8417226690553807 0.5285305365689195 0.11026522712286045
vn -0.5540440377977577 0.7845769367295671 -0.27834193814947406
vn -0.5498004196069325 0.7848841921609043 0.2857906637662702
vn -0.6907410832123972 0.7210663558445112 0.054222379435807086
vn -0.5495458009281712 0.8343491184436058 -0.04313885991299101
vn -0.7316158183700113 0.4271861477204947 -0.5312723308309049
vn -0.7303486476973708 0.427194988140905 0.533005905139815
vn -0.13832286887841302 -0.9901342950754075 -0.022379938801773965
vn -0.13885657814696864 -0.9900841059833602 0.021267669934556522
vn -0.6548890308018129 0.3788769296402654 -0.6538903803557807
vn -0.6538903803557807 0.3788769296402654 0.6548890308018129
vn -0.36014136778430417 0.9157573132936273 -0.17800769185540252
vn -0.3546383636983508 0.9160534483503957 0.1872904449209978
vn -0.6092729224704952 0.7868638604284113 0.0981415869851283
vn -0.6121412840582302 0.7851182913497784 -0.09419297712433704
vn -0.5350610927083786 -0.7513064157828458 0.3863266709318028
vn -0.5320617796018998 -0.7512691177750407 -0.39051885404468173
vn -0.004542338636029514 0.9999746172568837 0.005489262397115857
vn 0.0028850349086461022 0.999975735681872 0.006340711401302012
vn 0.837986486573633 -0.36992619980413 0.4011648726128117
vn 0.8159308428273805 -0.37004753413572233 -0.44420905236506847
vn -0.4949828351538023 -0.7119920733316768 -0.4980554993331206
vn -0.4980554993331206 -0.7119920733316768 0.4949828351538023
vn 0.5301291305322413 0.800475393167313 0.2796466518568843
vn 0.5383417076463318 0.7995101033730575 -0.2664053310518284
vn -0.799714424882899 0.5291789200503708 -0.28359567910766426
vn -0.8134943596085132 0.5289955009817978 0.24164164960981335
vn 0.8485080649741805 -0.297914470785812 0.4373568700388521
vn 0.8514238762824046 -0.2982616568679636 -0.4314132206349521
vn -0.20283662115281703 -0.9736343332936999 -0.10437188391056784
vn -0.20363683495003532 -0.9735753107717069 0.10335934262226275
vn 0.8469737930097003 0.29869280119347 0.4397931382706642
vn 0.8528844390008358 0.29765348400510366 -0.42894118148045984
vn 0.8857232638530435 -0.07807788352589101 0.45760041955141306
vn 0.889685510815803 -0.07867059758898155 -0.4497450710340429
vn -0.626374963634768 -0.635207876229818 0.45184660993211784
vn -0.6225833706640009 -0.634981120035524 -0.45737175663904156
vn -0.6468215952362295 0.40212844578137774 0.6480081303730015
vn -0.6480081303730015 0.40212844578137774 -0.6468215952362295
vn -0.13294894887651404 -0.9901505488372847 -0.04389154394474809
vn -0.13354513054657038 -0.9901160679703009 0.04284705420830882
vn -0.7347476282618043 0.4408044247296433 -0.5155942027432249
vn -0.8134265253244409 -0.1558148320944084 -0.5604096947751689
vn -0.7036379666540492 -0.4606090826664461 -0.5410479505996951
vn -0.731060381231689 -0.4605361206102472 0.5034453303057257
vn -0.7831756058111514 -0.1558458051098388 0.6019535326684295
vn -0.7163471817676046 0.4408885228150935 0.5407994319741243
vn -0.742078688151781 -0.39750668787514626 0.5397292410880317
vn -0.7414614822270438 -0.39794094233910193 -0.5402572320514947
vn -0.5860377895100103 0.7869574975189386 0.19302229499451767
vn -0.5888155492013639 0.7857711237046435 -0.18936734187984497
vn -0.3084474393731716 0.9509331783293214 -0.024212961335377654
vn -0.36492492265010684 0.9305961488312671 0.028646266933544166
vn -0.5196502868786232 -0.7656750089112322 -0.37908489824279334
vn -0.520653628075709 -0.765414135222348 0.37823405607299065
vn -0.681748395922905 0.540944781637934 -0.4925422498377514
vn -0.6781105249623163 0.5410680838284938 0.4974047090624434
vn -0.46337147538244683 -0.753439168785718 -0.46649361704248493
vn -0.46649361704248493 -0.753439168785718 0.46337147538244683
vn -0.3324634147647766 0.9417402514662988 -0.05092520604903233
vn -0.3311425275480355 0.9420586824767267 0.05357298964321687
vn -0.5665612935240265 0.05295448066382372 -0.8223163160597062
vn -0.6057153833273459 -0.10883934841945277 -0.7882023031152823
vn -0.564036079053585 -0.10881795583927212 0.8185486876251286
vn -0.6085262908959673 0.05296455749842674 0.7917641750782819
vn -0.5854151119028302 0.1003870286847911 -0.8044946185199973
vn -0.5857342938567419 0.10029386766317071 0.8042738819017478
vn -0.6100363499466679 0.659172428168095 -0.43971281728728845
vn -0.605771982266607 0.6593078497316492 0.4453689086398088
vn -0.5741811215081234 -0.2089695512914054 -0.79161086800065
vn -0.57689377375752 -0.2091790239180527 0.7895807176929398
vn -0.5784740550787337 0.1843902203852295 -0.7945866939655185
vn -0.578440244496766 0.18431504295469087 0.7946287488425848
vn -0.6430433248678242 0.4180160158471017 -0.641683639216592
vn -0.641683639216592 0.4180160158471017 0.6430433248678242
vn -0.3091082131819011 -0.92381994720166 -0.2258513176756214
vn -0.31006349607050104 -0.9237337654405064 0.22489232754729982
vn -0.5034416689887741 0.7848940122587729 -0.3612310554840526
vn -0.49828311108226636 0.7850393961700355 0.3680041951814733
vn -0.5387111609306853 -0.3965440593773102 -0.7433324250032939
vn -0.54182966381772 -0.39671619105291017 0.7409702282572812
vn -0.7450619372103748 0.5296051039275191 -0.40546410891008
vn -0.7651117537793746 0.5294615956818668 0.3664347457961119
vn -0.5697366991124536 0.25196979585761126 -0.7822476050841698
vn -0.5693836885705114 0.25190940565413394 0.782524035754059
vn -0.3275511167266805 0.9159494973816728 -0.231833526862198
vn -0.320988451163438 0.9160928104934133 0.24029227366267242
vn -0.31977532237516254 0.9419217728480644 -0.10260173992004301
vn -0.3183214108183692 0.9421403068402263 0.10508625810070102
vn -0.08007175247763366 -0.9967692841250032 0.006285593057878727
vn -0.09396638469096516 -0.995548043841974 -0.007376377873219795
vn -0.12430048824601 -0.9901667133925103 -0.06418152624609233
vn -0.12496683324621562 -0.9901454263406915 0.06320858553252613
vn -0.4528829741064823 -0.7698932268025979 0.4496236549470577
vn -0.4496236549470577 -0.7698932268025979 -0.4528829741064823
vn -0.005056536530395921 0.999975373869278 0.004866527849959674
vn 0.003552297326748681 0.9999759055763211 0.005964012954299609
vn -0.5482931377127592 0.7870808945737204 0.282627494299704
vn -0.5510806917554127 0.7863514444886472 -0.27921582499026393
vn 0.7649033733318108 -0.37020954551300966 0.5271315982529101
vn 0.7365850520835443 -0.37027397715435695 -0.5659855500711808
vn -0.08571150653461392 -0.996220918307585 -0.014050607601058066
vn -0.08610229993133714 -0.9962014148768977 0.013005189110544615
vn -0.5607407637769687 0.30545915466641943 -0.7695872274598236
vn -0.5601003010274218 0.30541027075054183 0.7700728662334964
vn 0.4800225856989099 0.8004399612423508 0.35899050915766084
vn 0.48958967752101945 0.7999901262034126 -0.34686848464787373
vn -0.49333678143219933 -0.5408654718964139 -0.6812366412608675
vn -0.4966720646643687 -0.5409948677495435 0.6787056897143909
vn 0.7697352101498984 -0.2982203488305674 0.5644221202246298
vn 0.773567658991651 -0.29838111233101156 -0.5590722571960489
vn -0.18396924784211308 -0.97365822735185 -0.1347032744904905
vn -0.18480576231019508 -0.9736302370636228 0.13375721173970936
vn 0.7679407173298244 0.2986379108843479 0.566641379401105
vn 0.7752959580893919 0.2981355314729239 -0.5568046176565072
vn -0.6400646651762508 0.4272845968157918 -0.6385492132301004
vn -0.6385492132301004 0.4272845968157918 0.6400646651762508
vn 0.8034011898768514 -0.07828785202190758 0.5902690406333837
vn 0.8085304413396447 -0.0785704119356096 -0.5831854043058589
vn -0.4684166188013603 -0.7513757620799074 0.4647798784258409
vn -0.4647798784258409 -0.7513757620799074 -0.4684166188013603
vn -0.2331607081528553 0.9722659513715438 0.018303113867478835
vn -0.2087944961690716 0.9778221778776182 -0.016390449053493326
vn -0.5524079217244942 0.34710355405781257 -0.7578684653529663
vn -0.5515073411647837 0.3470664261413121 0.758541065788035
vn -0.08283609501155231 -0.9962137527930568 0.026388257032466538
vn -0.08235128834911871 -0.9962272627537031 -0.02737711185469707
vn -0.2178905947658615 0.9753331228178587 0.03534102781390171
vn -0.21859448239417226 0.9752442435402734 -0.033393378211611924
vn -0.44882458940462056 -0.6433648429588331 -0.6201920402507031
vn -0.4522590514162227 -0.6434572353458822 0.6175957712720613
vn -0.5437681589848135 -0.6351945172117754 -0.5484925838863877
vn -0.5484925838863877 -0.6351945172117754 0.5437681589848135
vn -0.29926109761690844 0.9420878588091143 -0.15137127117647345
vn -0.2976537894554786 0.9422222224609272 0.1536863856155923
vn -0.6455656642334676 0.4409411854274597 -0.6235509956343814
vn -0.664451550974742 -0.3352518271612815 -0.6679149263134357
vn -0.6679149263134357 -0.3352518271612815 0.664451550974742
vn -0.6235509956343815 0.44094118542745975 0.6455656642334677
vn -0.6490252209746628 -0.39781473492287595 0.6484671920899562
vn -0.6484671920899562 -0.39781473492287595 -0.6490252209746628
vn -0.5452573641384709 0.3788056676563609 -0.7477972138248347
vn -0.5441198381688996 0.37877515532042094 0.7486407572548008
vn -0.6725656814159982 0.5298718992378888 -0.5166151126123456
vn -0.6982726710765106 0.5297967457249737 0.48138413460240126
vn -0.4544183286228688 -0.7656290101731128 -0.45531988908122395
vn -0.45531988908122395 -0.7656290101731128 0.4544183286228688
vn -0.5967816312253483 0.5411082998191968 -0.5924976729901905
vn -0.5924976729901905 0.5411082998191968 0.5967816312253483
vn -0.21027944307013804 0.9753168985677663 -0.06737583535857772
vn -0.20939333949262814 0.975378427049039 0.06921960288435336
vn -0.11270094512894024 -0.9901761853635032 -0.08276242448131299
vn -0.11344239705627791 -0.9901661069036771 0.08186515308323583
vn -0.41158076683568023 -0.7118670054084612 -0.5690752489625105
vn -0.41506575260938633 -0.7119294768100113 0.5664599200824602
vn -0.534126086580102 0.6593411853277779 -0.529129969823281
vn -0.529129969823281 0.6593411853277779 0.534126086580102
vn -0.49739829821357173 0.7871205954669855 0.3647411426284962
vn -0.5002717366654611 0.7867759671538589 -0.36154082342500926
vn -0.27023917777747297 -0.9238132281365822 -0.2711824225756946
vn -0.2711824225756946 -0.9238132281365822 0.27023917777747297
vn -0.4409969800679853 0.7850493925152672 -0.43499323544433105
vn -0.43499323544433094 0.7850493925152671 0.44099698006798527
vn -0.5395623458251163 0.40204958760173504 -0.7397490142453538
vn -0.5382072134780567 0.40202856438044204 0.7407469397725421
vn -0.07754289291403871 -0.9962250951279759 0.03902127106819427
vn -0.07696460571789564 -0.9962334821867105 -0.03994118722359193
vn -0.28732623812683306 0.9160609260822744 -0.2797785063030547
vn -0.2797785063030547 0.9160609260822744 0.28732623812683306
vn -0.005532657162775188 0.9999758066222671 0.00421614454985698
vn 0.00421614454985698 0.9999758066222671 0.005532657162775188
vn -0.3852588854788117 -0.7533332805068162 -0.5329770723403233
vn -0.3888127070621441 -0.753370791814846 0.530336807007848
vn 0.6735735655622144 -0.3703249320396288 0.639654669713002
vn 0.639654669713002 -0.3703249320396288 -0.6735735655622144
vn 0.41851217786406925 0.8002910788329701 0.42939695634672875
vn 0.42939695634672875 0.8002910788329701 -0.41851217786406925
vn 0.6725726538941879 -0.29837247088931196 0.6772148062831583
vn 0.6772148062831583 -0.29837247088931196 -0.6725726538941879
vn -0.16167312644649592 -0.9736578596548744 0.1607861079736192
vn -0.1607861079736192 -0.9736578596548744 -0.16167312644649592
vn 0.6705333821693946 0.2984539342987197 0.6791982276906264
vn 0.6791982276906264 0.2984539342987197 -0.6705333821693946
vn 0.7018357211952201 -0.07844829378007977 0.708005992670528
vn 0.708005992670528 -0.07844829378007977 -0.7018357211952201
vn -0.1957459563693024 0.9754222744584514 0.1011677174565519
vn -0.19681246906773409 0.9753840277790252 -0.09945275447682612
vn -0.5354584510796155 0.4179306469477731 -0.7339061394410289
vn -0.5339060920973706 0.41791521266128173 0.7350450053211638
vn -0.2716785993425277 0.9422054483754749 -0.19606027570839699
vn -0.2699012871264669 0.9422689910664128 0.19819799111535114
vn -0.16514251991955547 0.9861845127249745 -0.01296360196951421
vn -0.17547744513530636 0.9843870759453993 0.013775012176112527
vn -0.1685137393434735 0.985363737048517 -0.025718191271177124
vn -0.16809155203886048 0.9853936047003371 0.027288714679193506
vn -0.3775152648917885 -0.7698142115829505 0.5146535770968692
vn -0.37378828997643104 -0.769802968985004 -0.5173835165700279
vn -0.04807598239591754 -0.998836552352004 0.003773804741898598
vn -0.05719280204831613 -0.9983530575157413 -0.004489537039955583
vn -0.05227424787876551 -0.9986029494848383 0.007717012951334935
vn -0.051968721788589425 -0.9986108251940734 -0.008698951711109246
vn -0.533005905139815 0.427194988140905 -0.7303486476973708
vn -0.5312723308309049 0.4271861477204947 0.7316158183700113
vn -0.4310899771093806 0.052908704098413646 -0.9007564047324116
vn -0.4291884822358227 -0.10872511876247101 0.8966471408899922
vn -0.4775802745308892 0.052927638212569635 0.8769924438056692
vn -0.47536135316271605 -0.10876464218802112 -0.8730417152284439
vn -0.07042136973723014 -0.9962331302679803 0.05060020593627678
vn -0.06975144351856741 -0.9962371142540539 -0.0514426701273496
vn -0.5840725886135645 0.5299346882895634 -0.614840172221768
vn -0.614840172221768 0.5299346882895634 0.5840725886135645
vn -0.45295910067971085 0.10016570810529588 0.8858864961332192
vn -0.4526031260034031 0.10036112880917637 -0.8860463047471591
vn -0.39051885404468173 -0.7512691177750407 0.5320617796018998
vn -0.3863266709318028 -0.7513064157828458 -0.5350610927083786
vn -0.16212362265329316 0.985403569596794 -0.05192047769106977
vn -0.16150824619801016 0.9854246950994584 0.053415884324629945
vn -0.4435359360162034 -0.2086983450855478 -0.8716196843926737
vn -0.4465270716364391 -0.20913942372535246 0.8699852158166907
vn -0.4473036295946304 0.18429502708746906 -0.875188440247184
vn -0.4472702080291906 0.18413324997887817 0.875239571352747
vn -0.09846014200238902 -0.9901763295181447 -0.09927958953805256
vn -0.09927958953805256 -0.9901763295181447 0.09846014200238902
vn -0.4347135971079054 0.787028973005372 0.43773220596571927
vn -0.43773220596571927 0.787028973005372 -0.4347135971079054
vn -0.050317592283532026 -0.9986075816153993 0.015844173914468847
vn -0.049904306293972404 -0.9986130903720265 -0.016776648978517796
vn -0.4160819010763512 -0.396188918389874 -0.8184804167124289
vn -0.41951538528014326 -0.3965538643757789 0.8165487579819648
vn -0.45737175663904156 -0.634981120035524 0.6225833706640009
vn -0.4518466099321178 -0.635207876229818 -0.6263749636347679
vn -0.44060986232578486 0.2518194075979423 -0.8616553459349476
vn -0.44022475141841033 0.2516912309301114 0.8618896057567257
vn -0.6019535326684295 -0.1558458051098388 -0.7831756058111514
vn -0.5604096947751689 -0.1558148320944084 0.8134265253244409
vn -0.5407994319741242 0.4408885228150934 -0.7163471817676045
vn -0.5034453303057257 -0.4605361206102472 -0.731060381231689
vn -0.5410479505996951 -0.4606090826664461 0.7036379666540492
vn -0.5155942027432249 0.4408044247296433 0.7347476282618043
vn -0.17869561789900282 0.9754309799993669 -0.12884983275568582
vn -0.17745316031770847 0.9754492189841553 0.13041931251336625
vn -0.5402572320514947 -0.39794094233910193 0.7414614822270438
vn -0.5397292410880317 -0.39750668787514626 -0.742078688151781
vn -0.37823405607299065 -0.765414135222348 -0.520653628075709
vn -0.3790848982427934 -0.7656750089112323 0.5196502868786234
vn -0.4974047090624434 0.5410680838284938 -0.6781105249623163
vn -0.4925422498377514 0.540944781637934 0.681748395922905
vn -0.43371141101287164 0.30526996774579396 -0.847764506658368
vn -0.43300765089495474 0.3051678409436746 0.8481609299656576
vn -0.38099876544101297 -0.5404964212913637 -0.7501356939272074
vn -0.3846694732211633 -0.5407698052566563 0.7480624399703749
vn -0.4453689086398088 0.6593078497316492 -0.605771982266607
vn -0.43971281728728845 0.659172428168095 0.6100363499466679
vn -0.1517560724040832 0.9854408646641148 -0.07665765935983374
vn -0.1509589442179889 0.985454163439617 0.07804799113439524
vn -0.22489232754729982 -0.9237337654405064 -0.31006349607050104
vn -0.2258513176756214 -0.92381994720166 0.3091082131819011
vn -0.2377628347067757 0.9422656793511656 -0.23580547904805985
vn -0.23580547904805985 0.9422656793511656 0.2377628347067757
vn -0.3680041951814733 0.7850393961700355 -0.49828311108226636
vn -0.36123105548405265 0.784894012258773 0.5034416689887741
vn -0.4273206478474018 0.34688775039452546 -0.8349047565737676
vn -0.4263274744228387 0.3468077191130262 0.8354455640649868
vn -0.04661261147149452 -0.9986152998091757 -0.024387444286711656
vn -0.04712908770337047 -0.9986118598029986 0.02352025835411274
vn -0.35037087923704496 -0.6432133965027832 0.6808206618060395
vn -0.34658931947068006 -0.6430200692029204 -0.6829356003541784
vn -0.2402922736626724 0.9160928104934132 -0.32098845116343794
vn -0.231833526862198 0.9159494973816728 0.3275511167266805
vn -0.005964012954299609 0.9999759055763211 0.003552297326748681
vn 0.004866527849959674 0.999975373869278 0.005056536530395921
vn 0.5659855500711808 -0.37027397715435695 0.7365850520835443
vn 0.5271315982529101 -0.37020954551300966 -0.7649033733318108
vn -0.42058158790790895 0.37850776164465005 0.8245259257825788
vn -0.42183849336611917 0.3785688033821289 -0.823855537470269
vn 0.34686848464787373 0.7999901262034126 0.48958967752101945
vn 0.35899050915766084 0.8004399612423508 -0.4800225856989099
vn -0.15098183157990505 0.9884654877508781 -0.011851837756057275
vn -0.15296476362395892 0.9881586914100695 0.012007567622360986
vn 0.5590722571960489 -0.29838111233101156 0.773567658991651
vn 0.5644221202246298 -0.2982203488305674 -0.7697352101498984
vn -0.1347032744904905 -0.97365822735185 0.18396924784211308
vn -0.13375721173970936 -0.9736302370636228 -0.18480576231019508
vn 0.566641379401105 0.2986379108843479 -0.7679407173298244
vn 0.5568046176565072 0.2981355314729239 0.7752959580893919
vn 0.5831854043058589 -0.0785704119356096 0.8085304413396447
vn 0.5902690406333837 -0.07828785202190758 -0.8034011898768514
vn -0.1502278290799801 0.9883855624295742 -0.02292551745742067
vn -0.1499609872880739 0.9883920847989854 0.024347258537691225
vn -0.061662545007131295 -0.9962371245114175 0.060904205835605726
vn -0.060904205835605726 -0.9962371245114175 -0.061662545007131295
vn -0.32163743383396337 -0.7116894548441425 0.6245378139235046
vn -0.31779480661885023 -0.7115588159315053 -0.6266502312743863
vn -0.41597939972463194 0.4017545157603638 0.8158152046087954
vn -0.4174777199542154 0.4018004581094733 -0.8150268371071269
vn -0.13780034804175573 0.9854664638523019 -0.09933233462478794
vn -0.13683450165434774 0.9854728249630686 0.10059637377319015
vn -0.14454762772013033 0.9884145018799698 -0.04628991028133362
vn -0.14406915688748015 0.9884197086334917 0.04765036850449328
vn -0.156414737040875 0.9754527264891857 -0.15500454322776425
vn -0.15500454322776425 0.9754527264891857 0.156414737040875
vn -0.2974340487254712 -0.7530585790214626 -0.5868864994366026
vn -0.3013590402375927 -0.7531369143905416 0.5847798876922591
vn -0.48138413460240126 0.5297967457249737 -0.6982726710765106
vn -0.5166151126123456 0.5298718992378888 0.6725656814159982
vn -0.04282928845757992 -0.9986149082987571 0.03056005519763582
vn -0.042215185319968804 -0.9986165511445523 -0.03135062851938251
vn -0.4143428950421296 0.41767159407156845 -0.8086225354476719
vn -0.4126231954750174 0.4176395979935012 0.8095179211999028
vn -0.08186515308323583 -0.9901661069036771 -0.11344239705627791
vn -0.08276242448131299 -0.9901761853635032 0.11270094512894024
vn -0.36154082342500926 0.7867759671538589 0.5002717366654611
vn -0.3647411426284962 0.7871205954669855 -0.49739829821357173
vn -0.2926593076789829 -0.7695757711005562 0.5675417712942747
vn -0.2885308774953394 -0.7695544304460495 -0.5696805344336647
vn -0.13531663686008813 0.9884419625777205 -0.06835125751863802
vn -0.13464484617174122 0.9884454713586768 0.06961548355007899
vn -0.41247882053422796 0.4269283000136826 -0.8047319114202687
vn -0.41055892222077567 0.4269096598327606 0.8057229757965151
vn -0.3027990171920136 -0.7509930262473538 0.5867897661985867
vn -0.2981362758207857 -0.7510756133561647 -0.5890672152321613
vn -0.19819799111535114 0.9422689910664128 -0.2699012871264669
vn -0.19606027570839699 0.9422054483754749 0.2716785993425277
vn -0.02977459477804168 -0.9995565268960502 -0.00047227672933211173
vn -0.3547144565892181 -0.6345597336978305 0.6866670216749559
vn -0.3485344669914705 -0.6350394436602529 -0.6893827893954475
vn -0.4724345904891219 -0.15573725265706903 -0.8674972425571184
vn -0.42473570858333426 -0.460357268298858 0.7795324004675024
vn -0.3945289267894134 0.4404877104390838 0.8064226577164901
vn -0.42641241396515644 -0.1556764733433731 0.8910315869057494
vn -0.42244523813026025 0.44065265053587044 -0.7920639256756868
vn -0.38308118632089716 -0.46022237903057395 -0.8009020954688612
vn -0.029269034521194434 -0.9995585984647642 -0.005092332800728217
vn -0.02951799997770496 -0.9995555650556934 0.004166538552496979
vn -0.4178476137868702 -0.3979265811925166 0.8167360697514555
vn -0.41732035404087575 -0.3970066679066006 -0.8174530125584567
vn -0.12063153893300817 0.9854772457896894 -0.11950995709739906
vn -0.11950995709739906 0.9854772457896894 0.12063153893300817
vn -0.2924967786605446 -0.7650218521179701 -0.573748377126415
vn -0.29334259623069836 -0.7655754757482023 0.5725769050263443
vn -0.3854921078636812 0.5408435672618237 -0.7475854937907245
vn -0.38012839714399077 0.5405799838441305 0.7505169436807008
vn -0.05060020593627678 -0.9962331302679803 -0.07042136973723014
vn -0.0514426701273496 -0.9962371142540539 0.06975144351856741
vn -0.037534165447921916 -0.9986164691330761 0.03682844010158463
vn -0.03682844010158463 -0.9986164691330761 -0.037534165447921916
vn -0.3454141763667715 0.65909182114229 -0.668047167547475
vn -0.339183496851446 0.6588048872632167 0.6715137198760167
vn -0.15860786345301542 0.9872631535613763 -0.012450352240637242
vn -0.15357208255296464 0.9880639087397767 0.01205519415935164
vn -0.17387864290520225 -0.923579693589345 -0.3417115261896454
vn -0.17487626461826217 -0.9237626711655097 0.3407063536747241
vn -0.028078181286554104 -0.9995592535466218 -0.009639210805858008
vn -0.028441117953829725 -0.99955710233164 0.008757967110684979
vn -0.12288233290083538 0.988460476445546 -0.08857662652129235
vn -0.12203642646788566 0.9884622085659027 0.08971941179012594
vn -0.27834193814947406 0.7845769367295671 0.5540440377977577
vn -0.28579066376627027 0.7848841921609044 -0.5498004196069326
vn -0.1540010343127667 0.9877915764167181 -0.023483674984402084
vn -0.15382853038642294 0.987781415589473 0.024993164169631092
vn -0.1872904449209978 0.9160534483503957 -0.3546383636983508
vn -0.17800769185540252 0.9157573132936273 0.36014136778430417
vn -0.13041931251336625 0.9754492189841553 -0.17745316031770847
vn -0.12884983275568582 0.9754309799993669 0.17869561789900282
vn -0.006340711401302012 0.999975735681872 0.0028850349086461022
vn 0.005489262397115857 0.9999746172568837 0.004542338636029514
vn 0.44420905236506847 -0.37004753413572233 0.8159308428273805
vn 0.4011648726128117 -0.36992619980413 -0.837986486573633
vn 0.2664053310518284 0.7995101033730575 0.5383417076463318
vn 0.2796466518568843 0.800475393167313 -0.5301291305322413
vn 0.4314132206349521 -0.2982616568679636 0.8514238762824046
vn 0.4373568700388521 -0.297914470785812 -0.8485080649741805
vn -0.10335934262226275 -0.9735753107717069 -0.20363683495003532
vn -0.10437188391056784 -0.9736343332936999 0.20283662115281703
vn 0.4397931382706642 0.29869280119347 -0.8469737930097003
vn 0.4289411814804599 0.2976534840051037 0.852884439000836
vn -0.14819772437003542 0.9878192282206565 -0.0474405612223303
vn -0.14776574994067415 0.9878131902603949 0.04889155644946285
vn 0.4497450710340429 -0.07867059758898155 0.889685510815803
vn 0.45760041955141306 -0.07807788352589101 -0.8857232638530435
vn -0.28407916249261816 0.05284798917172992 -0.9573432610500777
vn -0.3324589870570685 -0.10864672661847267 -0.9368387858751787
vn -0.28285109270571596 -0.10859484769796432 0.9529965469027883
vn -0.3340270951514291 0.05287148901167274 0.941079436261566
vn -0.30775194133049405 0.10030485992716634 -0.9461647201636214
vn -0.3081355825282276 0.09998623448228004 0.9460735783722344
vn -0.3010794358109779 -0.20832534731938604 -0.9305652706801391
vn -0.30429232225469927 -0.20904456370064692 0.9293581403334499
vn -0.30423369734034444 0.18413676645924307 -0.9346312153146598
vn -0.30419921641846726 0.1838716878664668 0.934694623463475
vn -0.026667366438290183 -0.9995585346757818 0.01309913447712304
vn -0.026197456917285113 -0.9995598880330188 -0.013918458480941594
vn -0.2823590199413044 -0.39568237003162016 -0.8739043688550516
vn -0.28604487634770076 -0.3962754000902436 0.8724357489228338
vn -0.2997612266333561 0.2515850318221843 -0.9202435431831598
vn -0.2993464397011484 0.2513769512937935 0.9204354064226803
vn -0.29514256433639274 0.30497931442586224 -0.905471415611376
vn -0.29438536243436253 0.304812468060761 0.905774043401055
vn -0.2584873314686384 -0.5399647259406508 -0.8010133545766014
vn -0.2624301220476931 -0.5404067197240174 0.7994316783310255
vn -0.36643474579611185 0.5294615956818667 -0.7651117537793746
vn -0.40546410891008 0.5296051039275191 0.7450619372103748
vn -0.1387491483242998 0.98784588806446 -0.07006550701607633
vn -0.13808456427042737 0.9878425023433005 0.07141318977872708
vn -0.06320858553252613 -0.9901454263406915 -0.12496683324621562
vn -0.06418152624609233 -0.9901667133925103 0.12430048824601
vn -0.27921582499026393 0.7863514444886472 0.5510806917554127
vn -0.282627494299704 0.7870808945737204 -0.5482931377127592
vn -0.29086119940201227 0.3465565732732757 -0.8917949900080778
vn -0.2897939130221311 0.34642687343177975 0.892192753467323
vn -0.1075801112973541 0.988467426231265 -0.10657704693313397
vn -0.10657704693313397 0.988467426231265 0.1075801112973541
vn -0.23508779561529963 -0.6425197114088002 -0.7293162200334579
vn -0.2391520224973557 -0.6428320107605126 0.7277178822023137
vn -0.10059637377319015 0.9854728249630686 -0.13683450165434774
vn -0.09933233462478794 0.9854664638523019 0.13780034804175573
vn -0.2871915293835839 0.3782082544121842 -0.8800451930127263
vn -0.28584121194646783 0.37810931577250567 0.8805271982619401
vn -0.023695388628707417 -0.9995602212998592 -0.017829541573211375
vn -0.024264658237321688 -0.9995595742989725 0.017084606752360836
vn -0.03135062851938251 -0.9986165511445523 0.042215185319968804
vn -0.03056005519763582 -0.9986149082987571 -0.04282928845757992
vn -0.21550598623034387 -0.711108532181197 -0.6692397368342607
vn -0.21963636087909535 -0.711316955191922 0.6676736165494943
vn -0.1536863856155923 0.9422222224609272 -0.2976537894554786
vn -0.15137127117647345 0.9420878588091143 0.29926109761690844
vn -0.28427917713688 0.4014185815681171 -0.8706597910884706
vn -0.2826691985343529 0.40134613218651205 0.8712171981652299
vn -0.12601210182381573 0.9878635079471595 -0.09081101177873052
vn -0.12514107520644308 0.9878620216447925 0.09202357028521964
vn -0.20164662248719914 -0.7526556325509188 -0.626775987438001
vn -0.2058680178038802 -0.7527774107101584 0.6252555710827459
vn -0.03902127106819427 -0.9962250951279759 -0.07754289291403871
vn -0.03994118722359193 -0.9962334821867105 0.07696460571789564
vn -0.17592488177840349 0.9843067278068112 0.013809473759095256
vn -0.1893582957796796 0.9817955453014766 -0.014864153039831634
vn -0.28219461555960496 0.4172776640950156 -0.8638550514968205
vn -0.2803484491356993 0.4172257786824888 0.8644809984435743
vn -0.17959131830757524 0.9833062195044437 0.029254693169233955
vn -0.1797031112199863 0.9833412469938656 -0.027327344883958403
vn -0.1955535580951702 -0.7691830670598805 -0.6083717738888567
vn -0.1999933942325277 -0.7692127151901055 0.6068891505482846
vn -0.09945275447682612 0.9753840277790252 0.19681246906773409
vn -0.1011677174565519 0.9754222744584514 -0.1957459563693024
vn -0.2809686283737796 0.4265245459508564 -0.8597287023074038
vn -0.27890579067666965 0.4264968431969262 0.8604138554614741
vn -0.17296294199212467 0.9833751907425118 -0.05529064052403091
vn -0.17248535179412153 0.9833528337097883 0.057148996941222004
vn -0.020637551078773426 -0.99956013345644 -0.02129861709160609
vn -0.02129861709160609 -0.99956013345644 0.020637551078773426
vn -0.20197910366485985 -0.750720172930114 -0.6289862189575537
vn -0.20699433902743877 -0.750578544694363 0.6275230608153662
vn -0.08971941179012594 0.9884622085659027 -0.12203642646788566
vn -0.08857662652129235 0.988460476445546 0.12288233290083538
vn -0.2359316432137589 -0.6347518200489516 -0.7358168159773185
vn -0.24258382836734774 -0.6339585614714963 0.7343361822432777
vn -0.2809959032577453 -0.15548781981247134 0.9470294822455784
vn -0.2929024469380807 0.4402734463487504 -0.8487446312159381
vn -0.2524323020552893 -0.45978214837263953 -0.851397855832928
vn -0.33044469169060897 -0.15556239245825562 -0.9309171003833595
vn -0.29720411551850523 -0.4599593208351895 0.8367240506258286
vn -0.2628984148432359 0.4400344687544097 0.8586350154640436
vn -0.110330759745982 0.9878691341922323 -0.10927807265944867
vn -0.10927807265944867 0.9878691341922323 0.110330759745982
vn -0.28433527984715423 -0.3978216940344307 0.8722908622643116
vn -0.28377532061223015 -0.396323841463374 -0.8731546140856956
vn -0.19980260236848713 -0.7653810989584866 0.6117766695812121
vn -0.19890372765481906 -0.7644759688632661 -0.6131996413531144
vn -0.26332388079847 0.5404744149462573 -0.7990919475190161
vn -0.25756304543935743 0.5400462399620427 0.8012560990887141
vn -0.16196252903218833 0.9834085228611705 -0.08170566904143299
vn -0.16116029856468211 0.9833954434971107 0.08343116849033984
vn -0.23626757066955756 0.6587428494968726 -0.7143077021050847
vn -0.22957088715013538 0.6582844235202511 0.7169092170726434
vn -0.11924722905382489 -0.9236617499999821 0.36418274252077754
vn -0.11817993851314729 -0.9233635900933349 -0.365285070353247
vn -0.19597735865659252 0.7846285644461212 -0.588175901197256
vn -0.1879683487723429 0.7841376754956114 0.5914355465544306
vn -0.12933361468433408 0.915971054091734 -0.3798287037320403
vn -0.11935679008082392 0.9154930801927061 0.3842217807215949
vn -0.07804799113439524 0.985454163439617 -0.1509589442179889
vn -0.07665765935983374 0.9854408646641148 0.1517560724040832
vn -0.006648576225228441 0.9999754235986482 0.002224552287817133
vn 0.00606496462867455 0.9999736242706523 0.003995868750264354
vn 0.3106971723742964 -0.3696932088382895 0.8756678585042764
vn 0.26444000083718094 -0.3695428431847272 -0.8907915429595074
vn 0.17871477606623679 0.7988744383019964 0.5743349725058229
vn 0.19294003191223877 0.8004318132341249 -0.5675236175247997
vn 0.2922659765276308 -0.2980554417552786 0.9087043262824361
vn 0.29865402135656816 -0.2974800133889285 -0.9068138823163624
vn -0.07126102628096684 -0.9735933735833043 0.21688201642382363
vn -0.07017578999008899 -0.9734972014671822 -0.2176661600590023
vn 0.28962168036343156 0.29699501265840267 0.9098973814224862
vn 0.3012809972128562 0.2986791994854959 -0.9055498310491423
vn -0.024387444286711656 -0.9986152998091757 0.04661261147149452
vn -0.02352025835411274 -0.9986118598029986 -0.04712908770337047
vn 0.3043299234662411 -0.07876704428336462 0.9493045087946723
vn 0.31276954151278974 -0.07778758757929274 -0.9466384236446739
vn -0.1460328167499102 0.9834241348495699 0.10747738100392135
vn -0.14711807684859826 0.9834301981005833 -0.1059307175856821
vn -0.017084606752360836 -0.9995595742989725 -0.024264658237321688
vn -0.017829541573211375 -0.9995602212998592 0.023695388628707417
vn -0.24164164960981332 0.5289955009817978 -0.8134943596085131
vn -0.2835956791076643 0.5291789200503708 0.7997144248828991
vn -0.04389154394474809 -0.9901505488372847 0.13294894887651404
vn -0.04284705420830882 -0.9901160679703009 -0.13354513054657038
vn -0.19302229499451767 0.7869574975189386 -0.5860377895100103
vn -0.18936734187984497 0.7857711237046435 0.5888155492013639
vn -0.09202357028521964 0.9878620216447925 -0.12514107520644308
vn -0.09081101177873052 0.9878635079471595 0.12601210182381573
vn -0.2542833166177035 0.9669237306880021 -0.019962312548822005
vn -0.2271859436142959 0.9736880858152107 0.017834196522208152
vn -0.011944535073754436 -0.9999282218885858 0.0009376313791650255
vn -0.0154462369628002 -0.9998799646113674 -0.0012124901895461994
vn -0.23600851324453243 0.9710938707641288 -0.03573060089680794
vn -0.23595015605813072 0.9709983902780286 0.038595983387151686
vn -0.10508625810070102 0.9421403068402263 -0.3183214108183692
vn -0.10260173992004301 0.9419217728480644 0.31977532237516254
vn -0.013920005516038952 -0.9998995967058611 -0.0026514060212856454
vn -0.01411705352783383 -0.9998987868001731 0.0017677542912308563
vn -0.06961548355007899 0.9884454713586768 -0.13464484617174122
vn -0.06835125751863802 0.9884419625777205 0.13531663686008813
vn -0.12883223288521659 0.9834358179060397 -0.127499991487404
vn -0.127499991487404 0.9834358179060397 0.12883223288521659
vn -0.2272096687435111 0.9711458878497118 -0.072466757496516
vn -0.22657438012284686 0.9710837274814905 0.07523592554492725
vn -0.013318383305871663 -0.9998997375669755 -0.004809935510101834
vn -0.013637030451605863 -0.9998991444962344 0.0039663883017773864
vn -0.02737711185469707 -0.9962272627537031 0.08235128834911871
vn -0.026388257032466538 -0.9962137527930568 -0.08283609501155231
vn -0.9726686456165357 -0.21951304794622603 -0.07569496427010196
vn -0.9171083933870448 -0.39219439187910593 0.07138454845141187
vn -0.9306105165874258 0.358775333805733 0.07241772068678506
vn -0.7767496033637249 0.6269027379284942 -0.060440142720329854
vn -0.9385114265926995 -0.31280717316455336 -0.14610946092480498
vn -0.9392377713956682 -0.31001991891902037 0.14737726641901977
vn -0.8551588846643035 0.5019554669497314 -0.12939857487229683
vn -0.8513261823673559 0.5063606505401316 0.13726843337198188
vn -0.06921960288435336 0.975378427049039 -0.20939333949262814
vn -0.06737583535857772 0.9753168985677663 0.21027944307013804
vn -0.2128072794011575 0.9711979712656008 -0.10718004685322306
vn -0.21166246828266683 0.9711609486111383 0.10975158957027967
vn -0.012390821111152056 -0.9998998671582431 -0.006835437741592235
vn -0.012821710741631888 -0.9998994865280145 0.006051493590082878
vn -0.9038158960602348 -0.31287531509756933 -0.2919346900103367
vn -0.9040594705233013 -0.3109759175115468 0.2932071835494144
vn -0.823462235244621 0.5032107104504585 -0.26208572645963973
vn -0.8191959107074978 0.5062396623929837 0.2695170942637061
vn -0.15459667266615273 -0.02497161940657345 -0.9876620307700239
vn -0.12890624446059898 -0.10846264857966283 0.9857073774717063
vn -0.18141545438809584 0.052807650845803564 0.9819876704527958
vn -0.1545774754965384 0.10026036211461734 -0.9828802896883033
vn -0.15497375132684996 0.0997841196135804 0.9828663519892348
vn -0.15046093344109385 -0.20790590716940596 -0.9665074450163853
vn -0.15381825170700017 -0.20896632734275605 0.9657499777264725
vn -0.01309913447712304 -0.9995585346757818 -0.026667366438290183
vn -0.013918458480941594 -0.9995598880330188 0.026197456917285113
vn -0.8126923427378815 -0.5792483403911525 -0.06326544245723077
vn -0.7801464953833962 -0.6226402130278444 0.060750398036927174
vn -0.15292628815163298 0.18397621987788748 -0.9709615342080276
vn -0.1528851055855764 0.18359093783778763 0.9710409425116578
vn -0.7880342528451239 -0.6027736399365478 -0.12516371415259545
vn -0.7891633025620798 -0.602059935994368 0.12142946660415263
vn -0.1409378001381963 -0.3951323065805453 -0.9077483113663962
vn -0.14479959549266444 -0.39599895779185135 0.9067623186772421
vn -0.8466115143101615 -0.3130147846182607 -0.43043081726084526
vn -0.846437832792528 -0.31184618533103886 0.4316189892856518
vn -0.7713981522299296 0.5043415526630682 -0.38805217303045203
vn -0.7666264245546514 0.5062194606335458 0.3950009909486727
vn -0.15078598525316655 0.25134371869349603 -0.9560804996047962
vn -0.15035033083076152 0.2510339975618371 0.9562304691271891
vn -0.19334561995375832 0.9712308797116929 -0.13902535574185027
vn -0.1917594026486572 0.9712137188518445 0.1413231892146528
vn -0.01116998956189034 -0.9998999261959123 -0.008681527895272925
vn -0.011703467653354178 -0.999899741592752 0.007970922633848064
vn -0.10747738100392135 0.9834241348495699 -0.1460328167499102
vn -0.1059307175856821 0.9834301981005833 0.14711807684859826
vn -0.07141318977872708 0.9878425023433005 -0.13808456427042737
vn -0.07006550701607633 0.98784588806446 0.1387491483242998
vn -0.14856159208143044 0.3046741512729563 -0.940799189468366
vn -0.14777016818378555 0.30443082372913666 0.9410025775514833
vn -0.12888821220016433 -0.5393908531223792 -0.8321330039865967
vn -0.13302090000816358 -0.5400331209009672 0.8310653815982106
vn -0.053415884324629945 0.9854246950994584 -0.16150824619801016
vn -0.05192047769106977 0.985403569596794 0.16212362265329316
vn -0.30450188471464723 0.952217042076442 -0.023691918124529785
vn -0.42094780783202673 0.906493300031039 0.032754237592221444
vn -0.7581265156511123 -0.6033244714009635 -0.24747478351430424
vn -0.7596743724906342 -0.6028333291158228 0.24389921092142816
vn -0.36019555683071947 0.9314348970017345 -0.05184779153229318
vn -0.3569017949683454 0.93219999980728 0.06020190285763592
vn -0.016776648978517796 -0.9986130903720265 0.049904306293972404
vn -0.015844173914468847 -0.9986075816153993 -0.050317592283532026
vn -0.146498890867316 0.34620937506608285 -0.9266483386867957
vn -0.14538305567249005 0.34601963971952965 0.9268949110075514
vn -0.11710990936930349 -0.6419827588070124 -0.757722512877934
vn -0.1213670161378274 -0.6424328653592332 0.7566703779718917
vn -0.3468039722930068 0.9317437522885578 -0.10761312593280653
vn -0.342789985492426 0.9322798031669405 0.11553957959553618
vn -0.14473458441201376 0.3778292331171555 -0.9144927395431763
vn -0.14332465092370994 0.3776853664264944 0.9147741843891755
vn -0.7686450172515792 -0.31306606123269853 -0.5578301522493777
vn -0.7681302028609218 -0.3125110758965819 0.558849549427035
vn -0.7005955017403441 0.5052187658189469 -0.503904694962823
vn -0.6952798326679014 0.5061036020585573 0.5103382194864977
vn -0.7093903556181828 -0.6038890850031058 -0.36343265726956886
vn -0.7113540503445298 -0.603583954534162 0.36008585766082934
vn -0.10725905373267534 -0.7106295358961796 -0.695342475406437
vn -0.11158244302825117 -0.7109258821684347 0.6943585158049694
vn -0.1416647960924446 0.4009112738868924 0.905097362728715
vn -0.14334293284272862 0.4010160834417437 -0.9047866623824036
vn -0.3533734255675334 0.9354797621846217 0.002199237520245856
vn -0.1693542631230657 0.9712370689247649 -0.16738485447756335
vn -0.16738485447756335 0.9712370689247649 0.1693542631230657
vn -0.3488272727499637 0.9357047175247195 -0.05268980345197057
vn -0.3489344446067925 0.9353999272906716 0.057199033134797746
vn -0.009687178672088854 -0.9998998880146376 -0.010313705332719705
vn -0.010313705332719705 -0.9998998880146376 0.009687178672088854
vn -0.10027611331593722 -0.7522275571033138 -0.6512283803955645
vn -0.10468707126541629 -0.7523956939875052 0.6503394012198015
vn -0.3248892493373083 0.9320338307362155 -0.1604989533555154
vn -0.3201520722936399 0.9323698774234345 0.16789598649014215
vn -0.7441748718190305 -0.6654622961644658 0.057997349393279544
vn -0.7458209428676014 -0.6636090151489111 -0.0580878317134889
vn -0.14236131740786584 0.41686094436863724 -0.8977528659748099
vn -0.14043559197591465 0.4167900019917121 0.8980890483388176
vn -0.736494405519814 -0.6659399665222467 -0.11874321718045372
vn -0.7376228142594838 -0.6658792114900626 0.11188145328557116
vn -0.33590546691057316 0.935797439891438 -0.10700779781034848
vn -0.33504104481971764 0.9355970514243954 0.11138067898917273
vn -0.1017903433185798 -0.7688246082615129 0.631306144226885
vn -0.09716051419583328 -0.7687927658478677 -0.6320739811613724
vn -0.6434250084315966 -0.6042648929874046 -0.4699661664712901
vn -0.645785434094161 -0.6041175102484205 0.46690813542180365
vn -0.04765036850449328 0.9884197086334917 -0.14406915688748015
vn -0.04628991028133362 0.9884145018799698 0.14454762772013033
vn -0.708077642069857 -0.6665814679805826 -0.2330133029370701
vn -0.7102744755481725 -0.666523999711552 0.2263977190549489
vn -0.1418036455882308 0.4260977814905812 -0.893494491704729
vn -0.13965379142055562 0.4260603513264263 0.8938508799399741
vn -0.6719912450670015 -0.3129188045270214 -0.6712001104936448
vn -0.6712001104936448 -0.3129188045270214 0.6719912450670015
vn -0.6129210687418476 0.5057943546349456 -0.6070418719592332
vn -0.6070418719592332 0.5057943546349456 0.6129210687418476
vn -0.10024309687005553 -0.7503543380107377 -0.6533909158829562
vn -0.10545428167046636 -0.7501323446579476 0.652825290545132
vn -0.295240565614456 0.9322517454183477 -0.20914036334505254
vn -0.289786811818909 0.9324134185834843 0.21593707542081023
vn -0.31296840334780573 0.9357735156901594 0.162415226622396
vn -0.3146839037915379 0.9358936253471601 -0.15835770498800336
vn -0.11688063297951397 -0.6344791093100559 -0.7640518159676255
vn -0.12374870519800554 -0.6332838399782066 0.7639619335963502
vn -0.12801852109266626 -0.15530251894527067 0.9795368221085415
vn -0.1553675410957124 0.4398550230105276 -0.8845272669094382
vn -0.1149311730228952 -0.4593354232940815 -0.8807961139644227
vn -0.17948483345761615 -0.15537228446020337 -0.9714137366644089
vn -0.1615552503536976 -0.4595008864675098 0.8733606565553127
vn -0.12411914488374884 0.43956976629646105 0.8895913997062931
vn -0.14311623669754067 -0.39776826058186854 0.9062550158025102
vn -0.1424723906894686 -0.395554628868719 -0.9073247232781424
vn -0.6621208236182953 -0.6672139698218532 -0.341205998490052
vn -0.6653159459453113 -0.6671717377380288 0.3350172599053883
vn -0.08170566904143299 0.9834085228611705 0.16196252903218833
vn -0.08343116849033984 0.9833954434971107 -0.16116029856468211
vn -0.10078550167350067 -0.7652016214133249 0.6358527826775938
vn -0.0997490752891489 -0.7638677607408249 -0.6376175703976151
vn -0.13396064979064365 0.5400990528508595 -0.8308715649348418
vn -0.12793503014537252 0.5394779179553298 0.8322236502889623
vn -0.12063649393988926 0.6583783564833795 -0.7429567793917324
vn -0.11362260039506049 0.6577269612074207 0.7446375958681621
vn -0.060317740207524194 -0.9235629147943626 0.37867309467771615
vn -0.05913954486429051 -0.923123555162695 -0.3799281723392355
vn -0.10076271753042107 0.7843599677025552 -0.6120672477935175
vn -0.09236209696347729 0.7836519601705241 0.6142954080614671
vn -0.06781541440492939 0.9158910278224849 -0.3956572945408184
vn -0.057313644230085885 0.9152045555575845 0.39889317827171644
vn -0.1413231892146528 0.9712137188518445 -0.1917594026486572
vn -0.13902535574185027 0.9712308797116929 0.19334561995375832
vn -0.5620004937261484 -0.6043509525053181 -0.5647259257883245
vn -0.5647259257883245 -0.6043509525053181 0.5620004937261484
vn -0.007970922633848064 -0.999899741592752 -0.011703467653354178
vn -0.008681527895272925 -0.9998999261959123 0.01116998956189034
vn -0.006871387959971281 0.9999751396693153 0.0015824256181936334
vn 0.006571246765853889 0.9999725458354768 0.0034243672784171294
vn 0.16872197218928478 -0.3692973760184123 0.9138666993421269
vn 0.12056149067575486 -0.369156901346135 -0.9215140309048797
vn 0.08596308490647181 0.7981698886010968 0.5962677057864827
vn 0.1009817566097065 0.8004213089840345 -0.5908708936445446
vn 0.14520027860742132 -0.2978616891497113 0.9435016127327013
vn 0.1518341044166309 -0.29701092438678384 -0.9427252598349679
vn -0.03616965528999081 -0.973552582840519 0.22558174678097834
vn -0.034999916753531465 -0.9734116753489618 -0.22637295801745733
vn 0.1546048200636318 0.2987533192162289 -0.9417238469266763
vn 0.14242316808940145 0.2962726926702501 0.944424762895011
vn 0.15069348790925 -0.07890266789961174 0.985426730761891
vn 0.15946983387437597 -0.07744824213784383 -0.9841601200383183
vn -0.28596139036674145 0.9359522267616398 -0.2054738728876451
vn -0.2835124166284853 0.9358960348365184 0.20909165835766522
vn -0.009639210805858008 -0.9995592535466218 0.028078181286554104
vn -0.008757967110684979 -0.99955710233164 -0.028441117953829725
vn -0.6001762902816467 -0.6676435421866084 -0.44050030778681565
vn -0.6042675509796794 -0.6676224746225733 0.43490338951524843
vn -0.7930408419911655 -0.6060138559948405 0.061914693540452
vn -0.7662756763074725 -0.6397277125649707 -0.059749825739624736
vn -0.25866195357633576 0.9323787641243733 -0.25251501733952325
vn -0.25251501733952325 0.9323787641243733 0.25866195357633576
vn -0.770904414687368 -0.6262639728568254 0.11618872456960715
vn -0.7698966165913221 -0.6257747608247473 -0.12516049087457706
vn -0.04889155644946285 0.9878131902603949 -0.14776574994067415
vn -0.0474405612223303 0.9878192282206565 0.14819772437003542
vn -0.11026522712286045 0.5285305365689195 -0.8417226690553807
vn -0.15396436141849124 0.528698078033903 0.8347294877361489
vn -0.558849549427035 -0.3125110758965819 -0.7681302028609218
vn -0.5578301522493776 -0.3130660612326985 0.768645017251579
vn -0.5103382194864977 0.5061036020585573 -0.6952798326679014
vn -0.503904694962823 0.5052187658189469 0.7005955017403441
vn -0.021267669934556522 -0.9900841059833602 -0.13885657814696864
vn -0.022379938801773965 -0.9901342950754075 0.13832286887841302
vn -0.0981415869851283 0.7868638604284113 -0.6092729224704952
vn -0.09419297712433702 0.7851182913497782 0.6121412840582301
vn -0.7425417537494828 -0.6268573253036663 0.2359695693342169
vn -0.7399885818582913 -0.6265447958993273 -0.24466000378244307
vn -0.4567503863055806 0.8888720753103613 -0.03585412588746909
vn -0.45675097026049527 0.888871697449584 0.03585605442866209
vn -0.831059035249561 0.552345046873309 0.06523671607761118
vn -0.8310696580075648 0.5523324368922532 -0.06520814899883577
vn -0.2505205550814814 0.9359551991926307 -0.2474415417547137
vn -0.2474415417547137 0.9359551991926307 0.2505205550814814
vn -0.05357298964321687 0.9420586824767267 -0.3311425275480355
vn -0.05092520604903233 0.9417402514662988 0.3324634147647766
vn -0.4536081265179616 0.8894113303146521 -0.05645487635967062
vn -0.4487762247598663 0.8895120455614483 0.08583834161591196
vn -0.8254666385115049 0.5535601337661045 0.1103449455542447
vn -0.8193366714539262 0.5536723635026604 -0.14877611604077823
vn -0.6917923533038929 -0.6272856028167633 -0.3576815796334384
vn -0.6957569042239674 -0.6274701480066017 0.349576234296976
vn -0.10434603902806627 0.9945079275267555 -0.00811703305345007
vn -0.14189538237683433 0.9898200997553207 0.011039500917104646
vn -0.5238829871000397 -0.6677875614798837 -0.5287782035597629
vn -0.528778203559763 -0.6677875614798838 0.5238829871000397
vn -0.46690813542180365 -0.6041175102484205 -0.645785434094161
vn -0.4699661664712901 -0.6042648929874046 0.6434250084315966
vn -0.12671396002202676 0.9918091626732645 -0.01606727023779144
vn -0.12492900317476481 0.9918925261209935 0.0232800513546142
vn -0.43859461685309514 0.8896367056782981 -0.1272057151913849
vn -0.42919119596345634 0.889748468391007 0.1553788283625392
vn -0.7974680381178005 0.5539481890072153 0.2391362207533035
vn -0.7853677626645031 0.5540606391465699 -0.27606934910606634
vn -0.014050607601058066 -0.996220918307585 0.08571150653461392
vn -0.013005189110544615 -0.9962014148768977 -0.08610229993133714
vn -0.12234104000021916 0.991845706319274 -0.03570384835959943
vn -0.11960376234568781 0.9919070023031095 0.04260796656513092
vn -0.21593707542081023 0.9324134185834843 -0.289786811818909
vn -0.2091403633450525 0.9322517454183475 0.295240565614456
vn -0.10718004685322306 0.9711979712656008 0.2128072794011575
vn -0.10975158957027967 0.9711609486111383 -0.21166246828266683
vn -0.03534102781390171 0.9753331228178587 -0.2178905947658615
vn -0.033393378211611924 0.9752442435402734 0.21859448239417226
vn -0.006051493590082878 -0.9998994865280145 -0.012821710741631888
vn -0.006835437741592235 -0.9998998671582431 0.012390821111152056
vn -0.9316286212020713 -0.356021265876376 0.07291755893411545
vn -0.8749932801883502 -0.47928398594821126 -0.06836388256108714
vn -0.6269147526540743 -0.6278073126084613 -0.4613413824273978
vn -0.6321520221009396 -0.6278939364001985 0.4540187502576922
vn -0.41272238625947516 0.8898671743870441 -0.19441358961940544
vn -0.3991524294066865 0.889953140406067 0.22059180850638851
vn -0.7497181001183937 0.5543209599798848 0.3614568351571805
vn -0.7321009720154311 0.5543988761420844 -0.3958156804706636
vn -0.8941887297408967 -0.42649299137326413 0.13612583852394214
vn -0.8937741633486492 -0.4246065661903051 -0.1444887846114714
vn -0.11494935252520992 0.9918815462109133 -0.054384231540794796
vn -0.11132197429647857 0.9919213923484884 0.06082244191225966
vn -0.8613975892355188 -0.426879847055319 0.2752594947268194
vn -0.8593812565267982 -0.4256146910209037 -0.2834007599100648
vn -0.057148996941222004 0.9833528337097883 -0.17248535179412153
vn -0.05529064052403091 0.9833751907425118 0.17296294199212467
vn -0.9363947424314459 0.3431744266365568 0.07345882689926848
vn -0.9957206560541035 0.04955302838449728 -0.07800559265277723
vn -0.4316189892856518 -0.31184618533103886 -0.846437832792528
vn -0.43043081726084526 -0.3130147846182607 0.8466115143101615
vn -0.38805217303045203 0.5043415526630682 0.7713981522299296
vn -0.3950009909486727 0.5062194606335458 -0.7666264245546514
vn -0.20909165835766522 0.9358960348365184 -0.2835124166284853
vn -0.2054738728876451 0.9359522267616398 0.28596139036674145
vn -0.9676829195012009 0.2011707300786814 0.15205296664400494
vn -0.9666949407989612 0.2057714048033652 -0.1521808805301849
vn -0.43490338951524843 -0.6676224746225733 -0.6042675509796794
vn -0.44050030778681565 -0.6676435421866084 0.6001762902816467
vn -0.37699852268569056 0.8900326471736171 -0.2563474221792185
vn -0.35968040050032457 0.890078112497027 0.279983862302198
vn -0.6838877886786481 0.5545645911282944 0.4740839659416212
vn -0.6612580938535529 0.5546028024361322 -0.5051271769001886
vn -0.8072203567541717 -0.4273378263458038 0.4071580501668992
vn -0.8037459486171773 -0.4265735312436045 -0.4147619468126691
vn -0.027288714679193506 0.9853936047003371 -0.16809155203886048
vn -0.025718191271177124 0.985363737048517 0.1685137393434735
vn -0.9314302657137877 0.20198481300797863 0.3027206557644767
vn -0.9307231701321126 0.20508297727271335 -0.3028124056444686
vn -0.10481833572873928 0.991909039923672 -0.07162103750125749
vn -0.10037491321025546 0.9919284490484815 0.07747792438048116
vn -0.008698951711109246 -0.9986108251940734 0.051968721788589425
vn -0.007717012951334935 -0.9986029494848383 -0.05227424787876551
vn -0.5470848123906334 -0.628017062342748 -0.5534372389511664
vn -0.5534372389511664 -0.628017062342748 0.5470848123906334
vn -0.3600858576608293 -0.6035839545341619 -0.7113540503445297
vn -0.36343265726956886 -0.6038890850031058 0.7093903556181828
vn -0.8721771708702379 0.2026017723794636 0.4452634101759178
vn -0.8716711578367936 0.20448805369440534 -0.44539199419358416
vn -0.7334668202044987 -0.42763376004203396 0.5283519574406949
vn -0.7287036148259229 -0.42727679791255646 -0.5351874248384629
vn -0.16789598649014215 0.9323698774234345 -0.3201520722936399
vn -0.1604989533555154 0.9320338307362155 0.3248892493373083
vn -0.33243496478603557 0.8901054040457993 -0.31176812517666347
vn -0.31176812517666347 0.8901054040457993 0.33243496478603557
vn -0.6017522639587928 0.5546622532869055 0.5746685980625357
vn -0.5746685980625357 0.5546622532869055 -0.6017522639587928
vn -0.09223746102102486 0.9919247478559656 -0.0870490974983298
vn -0.0870490974983298 0.9919247478559656 0.09223746102102486
vn -0.7918023981008737 0.20308923794295264 0.5760240652902068
vn -0.7914504642998214 0.20397821712483355 -0.5761935868249242
vn -0.024347258537691225 0.9883920847989854 -0.1499609872880739
vn -0.02292551745742067 0.9883855624295742 0.1502278290799801
vn -0.4540187502576922 -0.6278939364001985 -0.6321520221009396
vn -0.4613413824273978 -0.6278073126084613 0.6269147526540743
vn -0.15835770498800336 0.9358936253471601 0.3146839037915379
vn -0.162415226622396 0.9357735156901593 -0.3129684033478057
vn -0.6421283072999143 -0.4276351805295277 0.6362384689231115
vn -0.6362384689231115 -0.4276351805295277 -0.6421283072999143
vn -0.3350172599053883 -0.6671717377380288 -0.6653159459453113
vn -0.341205998490052 -0.6672139698218532 0.6621208236182953
vn -0.07523592554492725 0.9710837274814905 -0.22657438012284686
vn -0.072466757496516 0.9711458878497118 0.2272096687435111
vn -0.004809935510101834 -0.9998997375669755 0.013318383305871663
vn -0.0039663883017773864 -0.9998991444962344 -0.013637030451605863
vn -0.6924353763116147 0.20352389882411626 0.69217864185456
vn -0.69217864185456 0.20352389882411626 -0.6924353763116147
vn -0.279983862302198 0.890078112497027 -0.35968040050032457
vn -0.2563474221792185 0.8900326471736171 0.37699852268569056
vn -0.5051271769001886 0.5546028024361321 0.6612580938535528
vn -0.4740839659416212 0.5545645911282944 -0.6838877886786481
vn -0.07747792438048116 0.9919284490484815 -0.10037491321025546
vn -0.07162103750125749 0.991909039923672 0.10481833572873928
vn -0.005092332800728217 -0.9995585984647642 0.029269034521194434
vn -0.004166538552496979 -0.9995555650556934 -0.02951799997770496
vn -0.2932071835494144 -0.3109759175115468 -0.9040594705233013
vn -0.2919346900103367 -0.31287531509756933 0.9038158960602348
vn -0.2695170942637061 0.5062396623929837 -0.8191959107074978
vn -0.26208572645963973 0.5032107104504585 0.823462235244621
vn -0.024993164169631092 0.987781415589473 -0.15382853038642294
vn -0.023483674984402084 0.9877915764167181 0.1540010343127667
vn -0.5283519574406949 -0.42763376004203396 -0.7334668202044987
vn -0.5351874248384629 -0.42727679791255646 0.7287036148259229
vn -0.24389921092142816 -0.6028333291158228 -0.7596743724906342
vn -0.24747478351430424 -0.6033244714009635 0.7581265156511123
vn -0.349576234296976 -0.6274701480066017 -0.6957569042239674
vn -0.3576815796334384 -0.6272856028167633 0.6917923533038929
vn -0.5761935868249242 0.20397821712483355 0.7914504642998214
vn -0.5760240652902068 0.20308923794295264 -0.7918023981008737
vn -0.11553957959553618 0.9322798031669405 -0.342789985492426
vn -0.10761312593280653 0.9317437522885578 0.3468039722930068
vn -0.22059180850638851 0.889953140406067 -0.3991524294066865
vn -0.19441358961940544 0.8898671743870441 0.41272238625947516
vn -0.3614568351571805 0.5543209599798848 -0.7497181001183937
vn -0.3958156804706637 0.5543988761420845 0.7321009720154312
vn -0.06082244191225966 0.9919213923484884 -0.11132197429647857
vn -0.054384231540794796 0.9918815462109133 0.11494935252520992
vn -0.11138067898917273 0.9355970514243954 -0.33504104481971764
vn -0.10700779781034848 0.935797439891438 0.33590546691057316
vn -0.2263977190549489 -0.666523999711552 -0.7102744755481725
vn -0.23301330293707012 -0.6665814679805827 0.7080776420698572
vn -0.029254693169233955 0.9833062195044437 -0.17959131830757524
vn -0.027327344883958403 0.9833412469938656 0.1797031112199863
vn -0.40715805016689927 -0.42733782634580386 -0.8072203567541718
vn -0.4147619468126691 -0.4265735312436045 0.8037459486171773
vn -0.4452634101759178 0.2026017723794636 -0.8721771708702379
vn -0.44539199419358416 0.20448805369440534 0.8716711578367936
vn -0.2359695693342169 -0.6268573253036663 -0.7425417537494828
vn -0.24466000378244307 -0.6265447958993273 0.7399885818582913
vn -0.038595983387151686 0.9709983902780286 -0.23595015605813072
vn -0.03573060089680794 0.9710938707641288 0.23600851324453243
vn -0.1553788283625392 0.889748468391007 -0.42919119596345634
vn -0.1272057151913849 0.8896367056782981 0.43859461685309514
vn -0.2391362207533035 0.5539481890072153 -0.7974680381178005
vn -0.27606934910606634 0.5540606391465699 0.7853677626645031
vn -0.0026514060212856454 -0.9998995967058611 0.013920005516038952
vn -0.0017677542912308563 -0.9998987868001731 -0.01411705352783383
vn -0.04260796656513092 0.9919070023031095 -0.11960376234568781
vn -0.03570384835959943 0.991845706319274 0.12234104000021916
vn -0.14737726641901977 -0.31001991891902037 -0.9392377713956682
vn -0.14610946092480498 -0.31280717316455336 0.9385114265926995
vn -0.13726843337198188 0.5063606505401316 -0.8513261823673559
vn -0.12939857487229683 0.5019554669497314 0.8551588846643035
vn -0.2752594947268194 -0.426879847055319 -0.8613975892355188
vn -0.2834007599100648 -0.4256146910209037 0.8593812565267982
vn -0.12142946660415262 -0.6020599359943679 -0.7891633025620797
vn -0.12516371415259545 -0.6027736399365478 0.7880342528451239
vn -0.3027206557644767 0.20198481300797863 -0.9314302657137877
vn -0.3028124056444686 0.20508297727271335 0.9307231701321126
vn -0.06020190285763592 0.93219999980728 -0.3569017949683454
vn -0.05184779153229318 0.9314348970017345 0.36019555683071947
vn -0.057199033134797746 0.9353999272906716 -0.3489344446067925
vn -0.05268980345197057 0.9357047175247195 0.3488272727499637
vn -0.11188145328557116 -0.6658792114900626 -0.7376228142594838
vn -0.11874321718045372 -0.6659399665222467 0.736494405519814
vn -0.11618872456960715 -0.6262639728568254 -0.770904414687368
vn -0.12516049087457706 -0.6257747608247473 0.7698966165913221
vn -0.08583834161591196 0.8895120455614483 -0.4487762247598663
vn -0.05645487635967062 0.8894113303146521 0.4536081265179616
vn -0.1103449455542447 0.5535601337661045 -0.8254666385115049
vn -0.14877611604077823 0.5536723635026604 0.8193366714539262
vn -0.0232800513546142 0.9918925261209935 -0.12492900317476481
vn -0.01606727023779144 0.9918091626732645 0.12671396002202676
vn -0.13612583852394214 -0.42649299137326413 -0.8941887297408967
vn -0.1444887846114714 -0.4246065661903051 0.8937741633486492
vn -0.15205296664400492 0.20117073007868133 -0.9676829195012008
vn -0.1521808805301849 0.2057714048033652 0.9666949407989612
vn -0.05018636440269553 -0.7672924404900241 0.639330618377458
vn -0.07162215442506242 0.40296602160702416 0.9124081610911422
vn 0.07110536415154388 0.41764309839569197 -0.9058246350984956
vn 0.07279818967115452 -0.3669501023530013 -0.9273877538353223
vn 0.0770637188473312 -0.1740487235925024 -0.9817169780813817
vn 0.07632510062380575 0.22089429724859647 -0.9723066329393288
vn 0.06520814899883577 0.5523324368922532 -0.8310696580075648
vn 0.06934275435755792 -0.4635546040369287 0.8833508428106431
vn 0.024212961335377654 0.9509331783293214 -0.3084474393731716
vn 0.07800559265277723 0.04955302838449728 -0.9957206560541035
vn 0.003773804741898598 -0.998836552352004 0.04807598239591754
vn -0.010165129273881614 -0.991528319314755 -0.12949232465170465
vn 0.016532243647852024 -0.9774308382067447 0.21060779055492818
vn -0.05583723308138747 -0.7006477304367931 0.7113191697371763
vn -0.06096350356312683 -0.6270077492705919 0.7766239331799756
vn 0.06693145785043418 -0.5181776232257791 -0.8526500634715852
vn -0.07773931784761698 0.11494228575679066 0.9903256380633553
vn -0.07674615749096853 0.19556620080608986 0.9776829181348335
vn 0.07556108599377519 0.26026161091826105 -0.9625769663594039
vn 0.07327634205017058 0.3510415958358378 -0.9334882836376548
vn -0.07235164993683323 0.3811062525631615 0.9216958625320403
vn 0.06649254110712303 0.5273336205584715 -0.8470525335572827
vn 0.06493878373352478 0.5580730479410556 -0.8272468963550065
vn -0.07406451159312258 -0.3229632918837924 0.9435089613872549
vn 0.05756342491319983 0.6774710414471166 -0.7332935565739154
vn -0.07767341849714757 -0.12212420735820669 0.9894708272789535
vn -0.054099121606670256 0.7225762427529864 0.6891711387241662
vn 0.016390449053493326 0.9778221778776182 -0.2087944961690716
vn 0.06836388256108714 -0.47928398594821126 -0.8749932801883502
vn 0.059749825739624736 -0.6397277125649707 -0.7662756763074725
vn 0.012450352240637242 0.9872631535613763 -0.15860786345301542
vn 0.046713306864757484 -0.8023084029342213 0.5950790649509511
vn 0.058243482493722326 -0.6678924861838771 -0.741975285064215
vn 0.027552796251117038 0.9359698764065407 -0.3510003331597696
vn 0.01296360196951421 0.9861845127249745 -0.16514251991955547
vn 0.05808783171348889 -0.663609015148911 -0.7458209428676013
vn 0.023691918124529785 0.952217042076442 -0.30450188471464723
vn 0.014864153039831634 0.9817955453014766 -0.1893582957796796
vn 0.03585412588746909 0.8888720753103613 -0.4567503863055806
vn 0.06326544245723077 -0.5792483403911525 -0.8126923427378815
vn 0.00811703305345007 0.9945079275267555 -0.10434603902806627
vn 0.0009376313791650255 -0.9999282218885858 0.011944535073754436
vn 0.060440142720329854 0.6269027379284942 -0.7767496033637249
vn 0.0 -1.0 0.0
vn 0.0012124901895461994 -0.9998799646113674 -0.0154462369628002
vn -0.0012124901895461994 -0.9998799646113674 0.0154462369628002
vn 0.00047227672933211173 -0.9995565268960502 -0.02977459477804168
vn -0.00047227672933211173 -0.9995565268960502 0.02977459477804168
vn 0.004489537039955583 -0.9983530575157413 -0.05719280204831613
vn -0.004489537039955583 -0.9983530575157413 0.05719280204831613
vn -0.006285593057878727 -0.9967692841250032 -0.08007175247763366
vn 0.007376377873219795 -0.995548043841974 -0.09396638469096516
vn -0.007376377873219795 -0.995548043841974 0.09396638469096516
vn 0.006285593057878727 -0.9967692841250032 0.08007175247763366
vn 0.011918429139870559 -0.9883347967588714 -0.15182977495352606
vn -0.011918429139870559 -0.9883347967588714 0.15182977495352606
vn 0.019535562423887945 -0.968340432244346 -0.2488677742931287
vn -0.019535562423887945 -0.968340432244346 0.2488677742931287
vn 0.03296582529994544 -0.9069479372685596 -0.41995082265260353
vn -0.027632053784996925 -0.9355892199322151 -0.3520075015539475
vn 0.027632053784996925 -0.9355892199322151 0.3520075015539475
vn -0.03296582529994544 -0.9069479372685596 0.41995082265260353
vn 0.054693399610803925 -0.7152402288206265 -0.696735277645413
vn -0.054693399610803925 -0.7152402288206265 0.696735277645413
vn 0.0741181880048177 -0.3209568708304067 -0.9441891660433497
vn -0.0741181880048177 -0.3209568708304067 0.9441891660433497
vn -0.06955920489957919 -0.4581988172918606 -0.8861237841555087
vn 0.019695312613689616 -0.3031391057385851 -0.9527427655107437
vn -0.019695312613689616 -0.3031391057385851 0.9527427655107437
vn 0.06955920489957919 -0.4581988172918606 0.8861237841555087
vn -0.06332047681558141 -0.5876182809534705 -0.8066568496610784
vn 0.06332047681558141 -0.5876182809534705 0.8066568496610784
vn -0.05259152399252325 -0.740525211063589 -0.6699675689041753
vn 0.051187260902074636 -0.7564229993209312 -0.6520767672748888
vn -0.051187260902074636 -0.7564229993209312 0.6520767672748888
vn 0.05259152399252325 -0.740525211063589 0.6699675689041753
vn -0.050116962475034776 -0.7680335757449759 -0.6384455470912631
vn 0.050116962475034776 -0.7680335757449759 0.6384455470912631
vn 0.052081476354213084 -0.7463878044912978 -0.6634702443421452
vn -0.05121473613108136 -0.7561171758406224 -0.6524292047431851
vn 0.05121473613108136 -0.7561171758406224 0.6524292047431851
vn -0.052081476354213084 -0.7463878044912978 0.6634702443421452
vn -0.05441628645329153 -0.7186737310157281 -0.6932149277940904
vn 0.05441628645329153 -0.7186737310157281 0.6932149277940904
vn -0.059134425799489916 -0.6549855929558828 -0.7533239626519225
vn 0.059134425799489916 -0.6549855929558828 0.7533239626519225
vn -0.06490054568272148 -0.5587744283902717 -0.8267763042971238
vn 0.06490054568272148 -0.5587744283902717 0.8267763042971238
vn -0.07094194496910974 -0.4221537342403189 -0.9037441369718279
vn 0.07094194496910974 -0.4221537342403189 0.9037441369718279
vn -0.07592980908173504 -0.2421035138119491 -0.9672748072252884
vn 0.07592980908173504 -0.2421035138119491 0.9672748072252884
vn 0.07814976504065187 0.052618613769259075 -0.995552055750523
vn -0.03972897724892563 -0.06628025097684812 -0.9970097976936839
vn 0.03972897724892563 -0.06628025097684812 0.9970097976936839
vn -0.07814976504065187 0.052618613769259075 0.995552055750523
vn -0.07798032288181689 0.08422451039354074 -0.9933908098488811
vn 0.07798032288181689 0.08422451039354074 0.9933908098488811
vn -0.0771098442029701 0.17060956753331188 -0.9823168772820153
vn 0.0771098442029701 0.17060956753331188 0.9823168772820153
vn -0.07596396240558603 0.24035732238868343 -0.9677075146911825
vn 0.07596396240558603 0.24035732238868343 0.9677075146911825
vn 0.07436592850358123 0.3113640208131007 -0.9473764590810241
vn -0.07475679272838258 0.2957247920838668 -0.9523435668328523
vn 0.07475679272838258 0.2957247920838668 0.9523435668328523
vn -0.07436592850358123 0.3113640208131007 0.9473764590810241
vn -0.07362244951887842 0.3389850478174671 -0.9379066436927664
vn 0.07362244951887842 0.3389850478174671 0.9379066436927664
vn -0.07263840953868243 0.37207576715920887 -0.9253557612899899
vn 0.07263840953868243 0.37207576715920887 0.9253557612899899
vn -0.0718419609708131 0.3965355168477012 -0.9152039753640687
vn 0.0718419609708131 0.3965355168477012 0.9152039753640687
vn -0.07125280023620964 0.41351247869660435 -0.9077061575315489
vn 0.07125280023620964 0.41351247869660435 0.9077061575315489
vn 0.07080879124326986 0.4258138557917195 -0.9020358503399163
vn -0.07088258212904947 0.4237961934236618 -0.902979759457726
vn 0.07088258212904947 0.4237961934236618 0.902979759457726
vn -0.07080879124326986 0.4258138557917195 0.9020358503399163
vn 0.0700479575139378 0.4458807833615181 -0.8923472478116602
vn -0.07051548724176779 0.43368414278772965 -0.8983015252984536
vn -0.07276109535838822 -0.3681548004120097 0.9269130843481718
vn 0.0727615158460881 -0.3681576564793293 0.92691191695189
vn -0.06649224649448077 0.5273322643448682 -0.8470534009949025
vn 0.06649224649448077 0.5273322643448682 0.8470534009949025
vn -0.0727615158460881 -0.3681576564793293 -0.92691191695189
vn 0.07276109535838822 -0.3681548004120097 -0.9269130843481718
vn 0.07051548724176779 0.43368414278772965 0.8983015252984536
vn -0.0700479575139378 0.4458807833615181 0.8923472478116602
vn -0.0668642716864248 0.5196127678124025 -0.8517815099532147
vn 0.07542526365044042 -0.26665771434035956 0.9608354140986044
vn -0.07542526365044042 -0.26665771434035956 -0.9608354140986044
vn 0.0668642716864248 0.5196127678124025 0.8517815099532147
vn -0.054222379435807086 0.7210663558445112 -0.6907410832123972
vn 0.04313885991299101 0.8343491184436058 -0.5495458009281712
vn -0.04313885991299101 0.8343491184436058 0.5495458009281712
vn 0.054222379435807086 0.7210663558445112 0.6907410832123972
vn -0.0603336790125801 0.6368983346162492 -0.7685833452136828
vn 0.07822853780312147 -0.027860958173908334 0.9965460666134893
vn -0.07822853780312147 -0.027860958173908334 -0.9965460666134893
vn 0.0603336790125801 0.6368983346162492 0.7685833452136828
vn -0.028646266933544166 0.9305961488312671 -0.36492492265010684
vn 0.028646266933544166 0.9305961488312671 0.36492492265010684
vn -0.004282824251653379 0.7838168976572963 -0.6209772365902965
vn 0.07241994146544965 0.3789851942279868 0.9225646723314934
vn -0.07241994146544965 0.3789851942279868 -0.9225646723314934
vn 0.004282824251653379 0.7838168976572963 0.6209772365902965
vn -0.03511603073287316 0.8936721407880946 -0.4473443518865439
vn 0.03940918065114616 0.8639488502445943 0.5020351587702288
vn -0.03940918065114616 0.8639488502445943 -0.5020351587702288
vn 0.03511603073287316 0.8936721407880946 0.4473443518865439
vn -0.007191980171925891 0.9957682161868114 0.091618420928011
vn -0.006706025218775486 0.996321682220029 -0.08542912128786356
vn 0.006706025218775486 0.996321682220029 0.08542912128786356
vn 0.007191980171925891 0.9957682161868114 -0.091618420928011
vn -0.018303113867478835 0.9722659513715438 -0.2331607081528553
vn 0.018303113867478835 0.9722659513715438 0.2331607081528553
vn -0.013775012176112527 0.9843870759453993 -0.17547744513530636
vn 0.013775012176112527 0.9843870759453993 0.17547744513530636
vn 0.011851837756057275 0.9884654877508781 -0.15098183157990505
vn -0.012007567622360986 0.9881586914100695 -0.15296476362395892
vn 0.012007567622360986 0.9881586914100695 0.15296476362395892
vn -0.011851837756057275 0.9884654877508781 0.15098183157990505
vn -0.01205519415935164 0.9880639087397767 -0.15357208255296464
vn 0.01205519415935164 0.9880639087397767 0.15357208255296464
vn -0.013809473759095256 0.9843067278068112 -0.17592488177840349
vn 0.013809473759095256 0.9843067278068112 0.17592488177840349
vn 0.019962312548822005 0.9669237306880021 -0.2542833166177035
vn -0.017834196522208152 0.9736880858152107 -0.2271859436142959
vn 0.017834196522208152 0.9736880858152107 0.2271859436142959
vn -0.019962312548822005 0.9669237306880021 0.2542833166177035
vn -0.002199237520245856 0.9354797621846217 -0.3533734255675334
vn 0.002199237520245856 0.9354797621846217 0.3533734255675334
vn -0.03585605442866209 0.888871697449584 -0.45675097026049527
vn -0.06523671607761118 0.552345046873309 -0.831059035249561
vn 0.06523671607761118 0.552345046873309 0.831059035249561
vn 0.03585605442866209 0.888871697449584 0.45675097026049527
vn -0.07345882689926848 0.3431744266365568 -0.9363947424314459
vn 0.07345882689926848 0.3431744266365568 0.9363947424314459
vn -0.07291755893411545 -0.356021265876376 -0.9316286212020713
vn 0.07291755893411545 -0.356021265876376 0.9316286212020713
vn -0.061914693540452 -0.6060138559948405 -0.7930408419911655
vn 0.061914693540452 -0.6060138559948405 0.7930408419911655
vn -0.057997349393279544 -0.6654622961644658 -0.7441748718190305
vn 0.057997349393279544 -0.6654622961644658 0.7441748718190305
vn -0.060750398036927174 -0.6226402130278444 -0.7801464953833962
vn 0.060750398036927174 -0.6226402130278444 0.7801464953833962
vn 0.07569496427010196 -0.21951304794622603 -0.9726686456165357
vn -0.07138454845141187 -0.39219439187910593 -0.9171083933870448
vn 0.07138454845141187 -0.39219439187910593 0.9171083933870448
vn -0.07569496427010196 -0.21951304794622603 0.9726686456165357
vn -0.07241772068678506 0.358775333805733 -0.9306105165874258
vn 0.07241772068678506 0.358775333805733 0.9306105165874258
vn -0.032754237592221444 0.906493300031039 -0.42094780783202673
vn 0.032754237592221444 0.906493300031039 0.42094780783202673
vn -0.011039500917104646 0.9898200997553207 -0.14189538237683433
vn 0.011039500917104646 0.9898200997553207 0.14189538237683433
vn 0.0 1.0 1.3645730174546938e-18
vn -0.0009376313791650255 -0.9999282218885858 -0.011944535073754436
vn -0.060440142720329854 0.6269027379284942 0.7767496033637249
vn -0.014864153039831634 0.9817955453014766 0.1893582957796796
vn -0.03585412588746909 0.8888720753103613 0.4567503863055806
vn -0.06326544245723077 -0.5792483403911525 0.8126923427378815
vn -0.00811703305345007 0.9945079275267555 0.10434603902806627
vn -0.023691918124529785 0.952217042076442 0.30450188471464723
vn -0.046713306864757484 -0.8023084029342213 -0.5950790649509511
vn -0.058243482493722326 -0.6678924861838771 0.741975285064215
vn -0.027552796251117038 0.9359698764065407 0.3510003331597696
vn -0.01296360196951421 0.9861845127249745 0.16514251991955547
vn -0.05808783171348889 -0.663609015148911 0.7458209428676013
vn -0.012450352240637242 0.9872631535613763 0.15860786345301542
vn -0.059749825739624736 -0.6397277125649707 0.7662756763074725
vn -0.003773804741898598 -0.998836552352004 -0.04807598239591754
vn 0.010165129273881614 -0.991528319314755 0.12949232465170465
vn -0.016532243647852024 -0.9774308382067447 -0.21060779055492818
vn 0.05583723308138747 -0.7006477304367931 -0.7113191697371763
vn 0.06096350356312683 -0.6270077492705919 -0.7766239331799756
vn -0.06693145785043418 -0.5181776232257791 0.8526500634715852
vn 0.07773931784761698 0.11494228575679066 -0.9903256380633553
vn 0.07674615749096853 0.19556620080608986 -0.9776829181348335
vn -0.07556108599377519 0.26026161091826105 0.9625769663594039
vn -0.07327634205017058 0.3510415958358378 0.9334882836376548
vn 0.07235164993683323 0.3811062525631615 -0.9216958625320403
vn -0.06649254110712303 0.5273336205584715 0.8470525335572827
vn 0.07406451159312258 -0.3229632918837924 -0.9435089613872549
vn -0.06493878373352478 0.5580730479410556 0.8272468963550065
vn 0.07767341849714757 -0.12212420735820669 -0.9894708272789535
vn -0.05756342491319983 0.6774710414471166 0.7332935565739154
vn 0.054099121606670256 0.7225762427529864 -0.6891711387241662
vn -0.016390449053493326 0.9778221778776182 0.2087944961690716
vn -0.06836388256108714 -0.47928398594821126 0.8749932801883502
vn -0.07800559265277723 0.04955302838449728 0.9957206560541035
vn -0.06934275435755792 -0.4635546040369287 -0.8833508428106431
vn -0.024212961335377654 0.9509331783293214 0.3084474393731716
vn -0.07279818967115452 -0.3669501023530013 0.9273877538353223
vn -0.0770637188473312 -0.1740487235925024 0.9817169780813817
vn -0.07632510062380575 0.22089429724859647 0.9723066329393288
vn -0.06520814899883577 0.5523324368922532 0.8310696580075648
vn 0.05018636440269553 -0.7672924404900241 -0.639330618377458
vn 0.07162215442506242 0.40296602160702416 -0.9124081610911422
vn -0.07110536415154388 0.41764309839569197 0.9058246350984956
vn 0.1521808805301849 0.2057714048033652 -0.9666949407989612
vn 0.15205296664400492 0.20117073007868133 0.9676829195012008
vn 0.1444887846114714 -0.4246065661903051 -0.8937741633486492
vn 0.13612583852394214 -0.42649299137326413 0.8941887297408967
vn 0.01606727023779144 0.9918091626732645 -0.12671396002202676
vn 0.0232800513546142 0.9918925261209935 0.12492900317476481
vn 0.14877611604077823 0.5536723635026604 -0.8193366714539262
vn 0.1103449455542447 0.5535601337661045 0.8254666385115049
vn 0.05645487635967062 0.8894113303146521 -0.4536081265179616
vn 0.08583834161591196 0.8895120455614483 0.4487762247598663
vn 0.12516049087457706 -0.6257747608247473 -0.7698966165913221
vn 0.11618872456960715 -0.6262639728568254 0.770904414687368
vn 0.11874321718045372 -0.6659399665222467 -0.736494405519814
vn 0.11188145328557116 -0.6658792114900626 0.7376228142594838
vn 0.05268980345197057 0.9357047175247195 -0.3488272727499637
vn 0.057199033134797746 0.9353999272906716 0.3489344446067925
vn 0.05184779153229318 0.9314348970017345 -0.36019555683071947
vn 0.06020190285763592 0.93219999980728 0.3569017949683454
vn 0.3028124056444686 0.20508297727271335 -0.9307231701321126
vn 0.3027206557644767 0.20198481300797863 0.9314302657137877
vn 0.12516371415259545 -0.6027736399365478 -0.7880342528451239
vn 0.12142946660415262 -0.6020599359943679 0.7891633025620797
vn 0.2834007599100648 -0.4256146910209037 -0.8593812565267982
vn 0.2752594947268194 -0.426879847055319 0.8613975892355188
vn 0.12939857487229683 0.5019554669497314 -0.8551588846643035
vn 0.13726843337198188 0.5063606505401316 0.8513261823673559
vn 0.14610946092480498 -0.31280717316455336 -0.9385114265926995
vn 0.14737726641901977 -0.31001991891902037 0.9392377713956682
vn 0.03570384835959943 0.991845706319274 -0.12234104000021916
vn 0.04260796656513092 0.9919070023031095 0.11960376234568781
vn 0.0017677542912308563 -0.9998987868001731 0.01411705352783383
vn 0.0026514060212856454 -0.9998995967058611 -0.013920005516038952
vn 0.27606934910606634 0.5540606391465699 -0.7853677626645031
vn 0.2391362207533035 0.5539481890072153 0.7974680381178005
vn 0.1272057151913849 0.8896367056782981 -0.43859461685309514
vn 0.1553788283625392 0.889748468391007 0.42919119596345634
vn 0.03573060089680794 0.9710938707641288 -0.23600851324453243
vn 0.038595983387151686 0.9709983902780286 0.23595015605813072
vn 0.24466000378244307 -0.6265447958993273 -0.7399885818582913
vn 0.2359695693342169 -0.6268573253036663 0.7425417537494828
vn 0.44539199419358416 0.20448805369440534 -0.8716711578367936
vn 0.4452634101759178 0.2026017723794636 0.8721771708702379
vn 0.4147619468126691 -0.4265735312436045 -0.8037459486171773
vn 0.40715805016689927 -0.42733782634580386 0.8072203567541718
vn 0.027327344883958403 0.9833412469938656 -0.1797031112199863
vn 0.029254693169233955 0.9833062195044437 0.17959131830757524
vn 0.23301330293707012 -0.6665814679805827 -0.7080776420698572
vn 0.2263977190549489 -0.666523999711552 0.7102744755481725
vn 0.10700779781034848 0.935797439891438 -0.33590546691057316
vn 0.11138067898917273 0.9355970514243954 0.33504104481971764
vn 0.054384231540794796 0.9918815462109133 -0.11494935252520992
vn 0.06082244191225966 0.9919213923484884 0.11132197429647857
vn 0.3958156804706637 0.5543988761420845 -0.7321009720154312
vn 0.3614568351571805 0.5543209599798848 0.7497181001183937
vn 0.19441358961940544 0.8898671743870441 -0.41272238625947516
vn 0.22059180850638851 0.889953140406067 0.3991524294066865
vn 0.10761312593280653 0.9317437522885578 -0.3468039722930068
vn 0.11553957959553618 0.9322798031669405 0.342789985492426
vn 0.5760240652902068 0.20308923794295264 0.7918023981008737
vn 0.5761935868249242 0.20397821712483355 -0.7914504642998214
vn 0.3576815796334384 -0.6272856028167633 -0.6917923533038929
vn 0.349576234296976 -0.6274701480066017 0.6957569042239674
vn 0.24747478351430424 -0.6033244714009635 -0.7581265156511123
vn 0.24389921092142816 -0.6028333291158228 0.7596743724906342
vn 0.5351874248384629 -0.42727679791255646 -0.7287036148259229
vn 0.5283519574406949 -0.42763376004203396 0.7334668202044987
vn 0.023483674984402084 0.9877915764167181 -0.1540010343127667
vn 0.024993164169631092 0.987781415589473 0.15382853038642294
vn 0.26208572645963973 0.5032107104504585 -0.823462235244621
vn 0.2695170942637061 0.5062396623929837 0.8191959107074978
vn 0.2919346900103367 -0.31287531509756933 -0.9038158960602348
vn 0.2932071835494144 -0.3109759175115468 0.9040594705233013
vn 0.004166538552496979 -0.9995555650556934 0.02951799997770496
vn 0.005092332800728217 -0.9995585984647642 -0.029269034521194434
vn 0.07162103750125749 0.991909039923672 -0.10481833572873928
vn 0.07747792438048116 0.9919284490484815 0.10037491321025546
vn 0.4740839659416212 0.5545645911282944 0.6838877886786481
vn 0.5051271769001886 0.5546028024361321 -0.6612580938535528
vn 0.2563474221792185 0.8900326471736171 -0.37699852268569056
vn 0.279983862302198 0.890078112497027 0.35968040050032457
vn 0.69217864185456 0.20352389882411626 0.6924353763116147
vn 0.6924353763116147 0.20352389882411626 -0.69217864185456
vn 0.0039663883017773864 -0.9998991444962344 0.013637030451605863
vn 0.004809935510101834 -0.9998997375669755 -0.013318383305871663
vn 0.072466757496516 0.9711458878497118 -0.2272096687435111
vn 0.07523592554492725 0.9710837274814905 0.22657438012284686
vn 0.341205998490052 -0.6672139698218532 -0.6621208236182953
vn 0.3350172599053883 -0.6671717377380288 0.6653159459453113
vn 0.6362384689231115 -0.4276351805295277 0.6421283072999143
vn 0.6421283072999143 -0.4276351805295277 -0.6362384689231115
vn 0.162415226622396 0.9357735156901593 0.3129684033478057
vn 0.15835770498800336 0.9358936253471601 -0.3146839037915379
vn 0.4613413824273978 -0.6278073126084613 -0.6269147526540743
vn 0.4540187502576922 -0.6278939364001985 0.6321520221009396
vn 0.02292551745742067 0.9883855624295742 -0.1502278290799801
vn 0.024347258537691225 0.9883920847989854 0.1499609872880739
vn 0.7914504642998214 0.20397821712483355 0.5761935868249242
vn 0.7918023981008737 0.20308923794295264 -0.5760240652902068
vn 0.0870490974983298 0.9919247478559656 -0.09223746102102486
vn 0.09223746102102486 0.9919247478559656 0.0870490974983298
vn 0.5746685980625357 0.5546622532869055 0.6017522639587928
vn 0.6017522639587928 0.5546622532869055 -0.5746685980625357
vn 0.31176812517666347 0.8901054040457993 -0.33243496478603557
vn 0.33243496478603557 0.8901054040457993 0.31176812517666347
vn 0.1604989533555154 0.9320338307362155 -0.3248892493373083
vn 0.16789598649014215 0.9323698774234345 0.3201520722936399
vn 0.7287036148259229 -0.42727679791255646 0.5351874248384629
vn 0.7334668202044987 -0.42763376004203396 -0.5283519574406949
vn 0.8716711578367936 0.20448805369440534 0.44539199419358416
vn 0.8721771708702379 0.2026017723794636 -0.4452634101759178
vn 0.36343265726956886 -0.6038890850031058 -0.7093903556181828
vn 0.3600858576608293 -0.6035839545341619 0.7113540503445297
vn 0.5534372389511664 -0.628017062342748 -0.5470848123906334
vn 0.5470848123906334 -0.628017062342748 0.5534372389511664
vn 0.007717012951334935 -0.9986029494848383 0.05227424787876551
vn 0.008698951711109246 -0.9986108251940734 -0.051968721788589425
vn 0.10037491321025546 0.9919284490484815 -0.07747792438048116
vn 0.10481833572873928 0.991909039923672 0.07162103750125749
vn 0.9307231701321126 0.20508297727271335 0.3028124056444686
vn 0.9314302657137877 0.20198481300797863 -0.3027206557644767
vn 0.025718191271177124 0.985363737048517 -0.1685137393434735
vn 0.027288714679193506 0.9853936047003371 0.16809155203886048
vn 0.8037459486171773 -0.4265735312436045 0.4147619468126691
vn 0.8072203567541717 -0.4273378263458038 -0.4071580501668992
vn 0.6612580938535529 0.5546028024361322 0.5051271769001886
vn 0.6838877886786481 0.5545645911282944 -0.4740839659416212
vn 0.35968040050032457 0.890078112497027 -0.279983862302198
vn 0.37699852268569056 0.8900326471736171 0.2563474221792185
vn 0.44050030778681565 -0.6676435421866084 -0.6001762902816467
vn 0.43490338951524843 -0.6676224746225733 0.6042675509796794
vn 0.9666949407989612 0.2057714048033652 0.1521808805301849
vn 0.9676829195012009 0.2011707300786814 -0.15205296664400494
vn 0.2054738728876451 0.9359522267616398 -0.28596139036674145
vn 0.20909165835766522 0.9358960348365184 0.2835124166284853
vn 0.3950009909486727 0.5062194606335458 0.7666264245546514
vn 0.38805217303045203 0.5043415526630682 -0.7713981522299296
vn 0.43043081726084526 -0.3130147846182607 -0.8466115143101615
vn 0.4316189892856518 -0.31184618533103886 0.846437832792528
vn 0.9957206560541035 0.04955302838449728 0.07800559265277723
vn 0.9363947424314459 0.3431744266365568 -0.07345882689926848
vn 0.05529064052403091 0.9833751907425118 -0.17296294199212467
vn 0.057148996941222004 0.9833528337097883 0.17248535179412153
vn 0.8593812565267982 -0.4256146910209037 0.2834007599100648
vn 0.8613975892355188 -0.426879847055319 -0.2752594947268194
vn 0.11132197429647857 0.9919213923484884 -0.06082244191225966
vn 0.11494935252520992 0.9918815462109133 0.054384231540794796
vn 0.8937741633486492 -0.4246065661903051 0.1444887846114714
vn 0.8941887297408967 -0.42649299137326413 -0.13612583852394214
vn 0.7321009720154311 0.5543988761420844 0.3958156804706636
vn 0.7497181001183937 0.5543209599798848 -0.3614568351571805
vn 0.3991524294066865 0.889953140406067 -0.22059180850638851
vn 0.41272238625947516 0.8898671743870441 0.19441358961940544
vn 0.6321520221009396 -0.6278939364001985 -0.4540187502576922
vn 0.6269147526540743 -0.6278073126084613 0.4613413824273978
vn 0.8749932801883502 -0.47928398594821126 0.06836388256108714
vn 0.9316286212020713 -0.356021265876376 -0.07291755893411545
vn 0.006835437741592235 -0.9998998671582431 -0.012390821111152056
vn 0.006051493590082878 -0.9998994865280145 0.012821710741631888
vn 0.033393378211611924 0.9752442435402734 -0.21859448239417226
vn 0.03534102781390171 0.9753331228178587 0.2178905947658615
vn 0.10975158957027967 0.9711609486111383 0.21166246828266683
vn 0.10718004685322306 0.9711979712656008 -0.2128072794011575
vn 0.2091403633450525 0.9322517454183475 -0.295240565614456
vn 0.21593707542081023 0.9324134185834843 0.289786811818909
vn 0.11960376234568781 0.9919070023031095 -0.04260796656513092
vn 0.12234104000021916 0.991845706319274 0.03570384835959943
vn 0.013005189110544615 -0.9962014148768977 0.08610229993133714
vn 0.014050607601058066 -0.996220918307585 -0.08571150653461392
vn 0.7853677626645031 0.5540606391465699 0.27606934910606634
vn 0.7974680381178005 0.5539481890072153 -0.2391362207533035
vn 0.42919119596345634 0.889748468391007 -0.1553788283625392
vn 0.43859461685309514 0.8896367056782981 0.1272057151913849
vn 0.12492900317476481 0.9918925261209935 -0.0232800513546142
vn 0.12671396002202676 0.9918091626732645 0.01606727023779144
vn 0.4699661664712901 -0.6042648929874046 -0.6434250084315966
vn 0.46690813542180365 -0.6041175102484205 0.645785434094161
vn 0.528778203559763 -0.6677875614798838 -0.5238829871000397
vn 0.5238829871000397 -0.6677875614798837 0.5287782035597629
vn 0.14189538237683433 0.9898200997553207 -0.011039500917104646
vn 0.10434603902806627 0.9945079275267555 0.00811703305345007
vn 0.6957569042239674 -0.6274701480066017 -0.349576234296976
vn 0.6917923533038929 -0.6272856028167633 0.3576815796334384
vn 0.8193366714539262 0.5536723635026604 0.14877611604077823
vn 0.8254666385115049 0.5535601337661045 -0.1103449455542447
vn 0.4487762247598663 0.8895120455614483 -0.08583834161591196
vn 0.4536081265179616 0.8894113303146521 0.05645487635967062
vn 0.05092520604903233 0.9417402514662988 -0.3324634147647766
vn 0.05357298964321687 0.9420586824767267 0.3311425275480355
vn 0.2474415417547137 0.9359551991926307 -0.2505205550814814
vn 0.2505205550814814 0.9359551991926307 0.2474415417547137
vn 0.8310696580075648 0.5523324368922532 0.06520814899883577
vn 0.831059035249561 0.552345046873309 -0.06523671607761118
vn 0.45675097026049527 0.888871697449584 -0.03585605442866209
vn 0.4567503863055806 0.8888720753103613 0.03585412588746909
vn 0.7399885818582913 -0.6265447958993273 0.24466000378244307
vn 0.7425417537494828 -0.6268573253036663 -0.2359695693342169
vn 0.09419297712433702 0.7851182913497782 -0.6121412840582301
vn 0.0981415869851283 0.7868638604284113 0.6092729224704952
vn 0.022379938801773965 -0.9901342950754075 -0.13832286887841302
vn 0.021267669934556522 -0.9900841059833602 0.13885657814696864
vn 0.503904694962823 0.5052187658189469 -0.7005955017403441
vn 0.5103382194864977 0.5061036020585573 0.6952798326679014
vn 0.5578301522493776 -0.3130660612326985 -0.768645017251579
vn 0.558849549427035 -0.3125110758965819 0.7681302028609218
vn 0.15396436141849124 0.528698078033903 -0.8347294877361489
vn 0.11026522712286045 0.5285305365689195 0.8417226690553807
vn 0.0474405612223303 0.9878192282206565 -0.14819772437003542
vn 0.04889155644946285 0.9878131902603949 0.14776574994067415
vn 0.7698966165913221 -0.6257747608247473 0.12516049087457706
vn 0.770904414687368 -0.6262639728568254 -0.11618872456960715
vn 0.25251501733952325 0.9323787641243733 -0.25866195357633576
vn 0.25866195357633576 0.9323787641243733 0.25251501733952325
vn 0.7662756763074725 -0.6397277125649707 0.059749825739624736
vn 0.7930408419911655 -0.6060138559948405 -0.061914693540452
vn 0.6042675509796794 -0.6676224746225733 -0.43490338951524843
vn 0.6001762902816467 -0.6676435421866084 0.44050030778681565
vn 0.008757967110684979 -0.99955710233164 0.028441117953829725
vn 0.009639210805858008 -0.9995592535466218 -0.028078181286554104
vn 0.2835124166284853 0.9358960348365184 -0.20909165835766522
vn 0.28596139036674145 0.9359522267616398 0.2054738728876451
vn -0.15946983387437597 -0.07744824213784383 0.9841601200383183
vn -0.15069348790925 -0.07890266789961174 -0.985426730761891
vn -0.14242316808940145 0.2962726926702501 -0.944424762895011
vn -0.1546048200636318 0.2987533192162289 0.9417238469266763
vn 0.034999916753531465 -0.9734116753489618 0.22637295801745733
vn 0.03616965528999081 -0.973552582840519 -0.22558174678097834
vn -0.1518341044166309 -0.29701092438678384 0.9427252598349679
vn -0.14520027860742132 -0.2978616891497113 -0.9435016127327013
vn -0.1009817566097065 0.8004213089840345 0.5908708936445446
vn -0.08596308490647181 0.7981698886010968 -0.5962677057864827
vn -0.12056149067575486 -0.369156901346135 0.9215140309048797
vn -0.16872197218928478 -0.3692973760184123 -0.9138666993421269
vn -0.006571246765853889 0.9999725458354768 -0.0034243672784171294
vn 0.006871387959971281 0.9999751396693153 -0.0015824256181936334
vn 0.008681527895272925 -0.9998999261959123 -0.01116998956189034
vn 0.007970922633848064 -0.999899741592752 0.011703467653354178
vn 0.5647259257883245 -0.6043509525053181 -0.5620004937261484
vn 0.5620004937261484 -0.6043509525053181 0.5647259257883245
vn 0.13902535574185027 0.9712308797116929 -0.19334561995375832
vn 0.1413231892146528 0.9712137188518445 0.1917594026486572
vn 0.057313644230085885 0.9152045555575845 -0.39889317827171644
vn 0.06781541440492939 0.9158910278224849 0.3956572945408184
vn 0.09236209696347729 0.7836519601705241 -0.6142954080614671
vn 0.10076271753042107 0.7843599677025552 0.6120672477935175
vn 0.05913954486429051 -0.923123555162695 0.3799281723392355
vn 0.060317740207524194 -0.9235629147943626 -0.37867309467771615
vn 0.11362260039506049 0.6577269612074207 -0.7446375958681621
vn 0.12063649393988926 0.6583783564833795 0.7429567793917324
vn 0.12793503014537252 0.5394779179553298 -0.8322236502889623
vn 0.13396064979064365 0.5400990528508595 0.8308715649348418
vn 0.0997490752891489 -0.7638677607408249 0.6376175703976151
vn 0.10078550167350067 -0.7652016214133249 -0.6358527826775938
vn 0.08343116849033984 0.9833954434971107 0.16116029856468211
vn 0.08170566904143299 0.9834085228611705 -0.16196252903218833
vn 0.6653159459453113 -0.6671717377380288 -0.3350172599053883
vn 0.6621208236182953 -0.6672139698218532 0.341205998490052
vn 0.1424723906894686 -0.395554628868719 0.9073247232781424
vn 0.14311623669754067 -0.39776826058186854 -0.9062550158025102
vn 0.1615552503536976 -0.4595008864675098 -0.8733606565553127
vn 0.12411914488374884 0.43956976629646105 -0.8895913997062931
vn 0.17948483345761615 -0.15537228446020337 0.9714137366644089
vn 0.1149311730228952 -0.4593354232940815 0.8807961139644227
vn 0.1553675410957124 0.4398550230105276 0.8845272669094382
vn 0.12801852109266626 -0.15530251894527067 -0.9795368221085415
vn 0.12374870519800554 -0.6332838399782066 -0.7639619335963502
vn 0.11688063297951397 -0.6344791093100559 0.7640518159676255
vn 0.3146839037915379 0.9358936253471601 0.15835770498800336
vn 0.31296840334780573 0.9357735156901594 -0.162415226622396
vn 0.289786811818909 0.9324134185834843 -0.21593707542081023
vn 0.295240565614456 0.9322517454183477 0.20914036334505254
vn 0.10545428167046636 -0.7501323446579476 -0.652825290545132
vn 0.10024309687005553 -0.7503543380107377 0.6533909158829562
vn 0.6070418719592332 0.5057943546349456 -0.6129210687418476
vn 0.6129210687418476 0.5057943546349456 0.6070418719592332
vn 0.6712001104936448 -0.3129188045270214 -0.6719912450670015
vn 0.6719912450670015 -0.3129188045270214 0.6712001104936448
vn 0.13965379142055562 0.4260603513264263 -0.8938508799399741
vn 0.1418036455882308 0.4260977814905812 0.893494491704729
vn 0.7102744755481725 -0.666523999711552 -0.2263977190549489
vn 0.708077642069857 -0.6665814679805826 0.2330133029370701
vn 0.04628991028133362 0.9884145018799698 -0.14454762772013033
vn 0.04765036850449328 0.9884197086334917 0.14406915688748015
vn 0.645785434094161 -0.6041175102484205 -0.46690813542180365
vn 0.6434250084315966 -0.6042648929874046 0.4699661664712901
vn 0.09716051419583328 -0.7687927658478677 0.6320739811613724
vn 0.1017903433185798 -0.7688246082615129 -0.631306144226885
vn 0.33504104481971764 0.9355970514243954 -0.11138067898917273
vn 0.33590546691057316 0.935797439891438 0.10700779781034848
vn 0.7376228142594838 -0.6658792114900626 -0.11188145328557116
vn 0.736494405519814 -0.6659399665222467 0.11874321718045372
vn 0.14043559197591465 0.4167900019917121 -0.8980890483388176
vn 0.14236131740786584 0.41686094436863724 0.8977528659748099
vn 0.7458209428676014 -0.6636090151489111 0.0580878317134889
vn 0.7441748718190305 -0.6654622961644658 -0.057997349393279544
vn 0.3201520722936399 0.9323698774234345 -0.16789598649014215
vn 0.3248892493373083 0.9320338307362155 0.1604989533555154
vn 0.10468707126541629 -0.7523956939875052 -0.6503394012198015
vn 0.10027611331593722 -0.7522275571033138 0.6512283803955645
vn 0.010313705332719705 -0.9998998880146376 -0.009687178672088854
vn 0.009687178672088854 -0.9998998880146376 0.010313705332719705
vn 0.3489344446067925 0.9353999272906716 -0.057199033134797746
vn 0.3488272727499637 0.9357047175247195 0.05268980345197057
vn 0.16738485447756335 0.9712370689247649 -0.1693542631230657
vn 0.1693542631230657 0.9712370689247649 0.16738485447756335
vn 0.35337342556753343 0.9354797621846217 -0.0021992375202458565
vn 0.14334293284272862 0.4010160834417437 0.9047866623824036
vn 0.1416647960924446 0.4009112738868924 -0.905097362728715
vn 0.11158244302825117 -0.7109258821684347 -0.6943585158049694
vn 0.10725905373267534 -0.7106295358961796 0.695342475406437
vn 0.7113540503445298 -0.603583954534162 -0.36008585766082934
vn 0.7093903556181828 -0.6038890850031058 0.36343265726956886
vn 0.6952798326679014 0.5061036020585573 -0.5103382194864977
vn 0.7005955017403441 0.5052187658189469 0.503904694962823
vn 0.7681302028609218 -0.3125110758965819 -0.558849549427035
vn 0.7686450172515792 -0.31306606123269853 0.5578301522493777
vn 0.14332465092370994 0.3776853664264944 -0.9147741843891755
vn 0.14473458441201376 0.3778292331171555 0.9144927395431763
vn 0.342789985492426 0.9322798031669405 -0.11553957959553618
vn 0.3468039722930068 0.9317437522885578 0.10761312593280653
vn 0.1213670161378274 -0.6424328653592332 -0.7566703779718917
vn 0.11710990936930349 -0.6419827588070124 0.757722512877934
vn 0.14538305567249005 0.34601963971952965 -0.9268949110075514
vn 0.146498890867316 0.34620937506608285 0.9266483386867957
vn 0.015844173914468847 -0.9986075816153993 0.050317592283532026
vn 0.016776648978517796 -0.9986130903720265 -0.049904306293972404
vn 0.3569017949683454 0.93219999980728 -0.06020190285763592
vn 0.36019555683071947 0.9314348970017345 0.05184779153229318
vn 0.7596743724906342 -0.6028333291158228 -0.24389921092142816
vn 0.7581265156511123 -0.6033244714009635 0.24747478351430424
vn 0.42094780783202673 0.906493300031039 -0.032754237592221444
vn 0.30450188471464723 0.952217042076442 0.023691918124529785
vn 0.05192047769106977 0.985403569596794 -0.16212362265329316
vn 0.053415884324629945 0.9854246950994584 0.16150824619801016
vn 0.13302090000816358 -0.5400331209009672 -0.8310653815982106
vn 0.12888821220016433 -0.5393908531223792 0.8321330039865967
vn 0.14777016818378555 0.30443082372913666 -0.9410025775514833
vn 0.14856159208143044 0.3046741512729563 0.940799189468366
vn 0.07006550701607633 0.98784588806446 -0.1387491483242998
vn 0.07141318977872708 0.9878425023433005 0.13808456427042737
vn 0.1059307175856821 0.9834301981005833 -0.14711807684859826
vn 0.10747738100392135 0.9834241348495699 0.1460328167499102
vn 0.011703467653354178 -0.999899741592752 -0.007970922633848064
vn 0.01116998956189034 -0.9998999261959123 0.008681527895272925
vn 0.1917594026486572 0.9712137188518445 -0.1413231892146528
vn 0.19334561995375832 0.9712308797116929 0.13902535574185027
vn 0.15035033083076152 0.2510339975618371 -0.9562304691271891
vn 0.15078598525316655 0.25134371869349603 0.9560804996047962
vn 0.7666264245546514 0.5062194606335458 -0.3950009909486727
vn 0.7713981522299296 0.5043415526630682 0.38805217303045203
vn 0.846437832792528 -0.31184618533103886 -0.4316189892856518
vn 0.8466115143101615 -0.3130147846182607 0.43043081726084526
vn 0.14479959549266444 -0.39599895779185135 -0.9067623186772421
vn 0.1409378001381963 -0.3951323065805453 0.9077483113663962
vn 0.7891633025620798 -0.602059935994368 -0.12142946660415263
vn 0.7880342528451239 -0.6027736399365478 0.12516371415259545
vn 0.1528851055855764 0.18359093783778763 -0.9710409425116578
vn 0.15292628815163298 0.18397621987788748 0.9709615342080276
vn 0.7801464953833962 -0.6226402130278444 -0.060750398036927174
vn 0.8126923427378815 -0.5792483403911525 0.06326544245723077
vn 0.013918458480941594 -0.9995598880330188 -0.026197456917285113
vn 0.01309913447712304 -0.9995585346757818 0.026667366438290183
vn 0.15381825170700017 -0.20896632734275605 -0.9657499777264725
vn 0.15046093344109385 -0.20790590716940596 0.9665074450163853
vn 0.15497375132684996 0.0997841196135804 -0.9828663519892348
vn 0.1545774754965384 0.10026036211461734 0.9828802896883033
vn 0.18141545438809584 0.052807650845803564 -0.9819876704527958
vn 0.12890624446059898 -0.10846264857966283 -0.9857073774717063
vn 0.15459667266615273 -0.02497161940657345 0.9876620307700239
vn 0.8191959107074978 0.5062396623929837 -0.2695170942637061
vn 0.823462235244621 0.5032107104504585 0.26208572645963973
vn 0.9040594705233013 -0.3109759175115468 -0.2932071835494144
vn 0.9038158960602348 -0.31287531509756933 0.2919346900103367
vn 0.012821710741631888 -0.9998994865280145 -0.006051493590082878
vn 0.012390821111152056 -0.9998998671582431 0.006835437741592235
vn 0.21166246828266683 0.9711609486111383 -0.10975158957027967
vn 0.2128072794011575 0.9711979712656008 0.10718004685322306
vn 0.06737583535857772 0.9753168985677663 -0.21027944307013804
vn 0.06921960288435336 0.975378427049039 0.20939333949262814
vn 0.8513261823673559 0.5063606505401316 -0.13726843337198188
vn 0.8551588846643035 0.5019554669497314 0.12939857487229683
vn 0.9392377713956682 -0.31001991891902037 -0.14737726641901977
vn 0.9385114265926995 -0.31280717316455336 0.14610946092480498
vn 0.7767496033637249 0.6269027379284942 0.060440142720329854
vn 0.9306105165874258 0.358775333805733 -0.07241772068678506
vn 0.9171083933870448 -0.39219439187910593 -0.07138454845141187
vn 0.9726686456165357 -0.21951304794622603 0.07569496427010196
vn 0.026388257032466538 -0.9962137527930568 0.08283609501155231
vn 0.02737711185469707 -0.9962272627537031 -0.08235128834911871
vn 0.013637030451605863 -0.9998991444962344 -0.0039663883017773864
vn 0.013318383305871663 -0.9998997375669755 0.004809935510101834
vn 0.22657438012284686 0.9710837274814905 -0.07523592554492725
vn 0.2272096687435111 0.9711458878497118 0.072466757496516
vn 0.127499991487404 0.9834358179060397 -0.12883223288521659
vn 0.12883223288521659 0.9834358179060397 0.127499991487404
vn 0.06835125751863802 0.9884419625777205 -0.13531663686008813
vn 0.06961548355007899 0.9884454713586768 0.13464484617174122
vn 0.01411705352783383 -0.9998987868001731 -0.0017677542912308563
vn 0.013920005516038952 -0.9998995967058611 0.0026514060212856454
vn 0.10260173992004301 0.9419217728480644 -0.31977532237516254
vn 0.10508625810070102 0.9421403068402263 0.3183214108183692
vn 0.23595015605813072 0.9709983902780286 -0.038595983387151686
vn 0.23600851324453243 0.9710938707641288 0.03573060089680794
vn 0.0154462369628002 -0.9998799646113674 0.0012124901895461994
vn 0.011944535073754436 -0.9999282218885858 -0.0009376313791650255
vn 0.2271859436142959 0.9736880858152107 -0.017834196522208152
vn 0.2542833166177035 0.9669237306880021 0.019962312548822005
vn 0.09081101177873052 0.9878635079471595 -0.12601210182381573
vn 0.09202357028521964 0.9878620216447925 0.12514107520644308
vn 0.18936734187984497 0.7857711237046435 -0.5888155492013639
vn 0.19302229499451767 0.7869574975189386 0.5860377895100103
vn 0.04284705420830882 -0.9901160679703009 0.13354513054657038
vn 0.04389154394474809 -0.9901505488372847 -0.13294894887651404
vn 0.2835956791076643 0.5291789200503708 -0.7997144248828991
vn 0.24164164960981332 0.5289955009817978 0.8134943596085131
vn 0.017829541573211375 -0.9995602212998592 -0.023695388628707417
vn 0.017084606752360836 -0.9995595742989725 0.024264658237321688
vn 0.14711807684859826 0.9834301981005833 0.1059307175856821
vn 0.1460328167499102 0.9834241348495699 -0.10747738100392135
vn -0.31276954151278974 -0.07778758757929274 0.9466384236446739
vn -0.3043299234662411 -0.07876704428336462 -0.9493045087946723
vn 0.02352025835411274 -0.9986118598029986 0.04712908770337047
vn 0.024387444286711656 -0.9986152998091757 -0.04661261147149452
vn -0.3012809972128562 0.2986791994854959 0.9055498310491423
vn -0.28962168036343156 0.29699501265840267 -0.9098973814224862
vn 0.07017578999008899 -0.9734972014671822 0.2176661600590023
vn 0.07126102628096684 -0.9735933735833043 -0.21688201642382363
vn -0.29865402135656816 -0.2974800133889285 0.9068138823163624
vn -0.2922659765276308 -0.2980554417552786 -0.9087043262824361
vn -0.19294003191223877 0.8004318132341249 0.5675236175247997
vn -0.17871477606623679 0.7988744383019964 -0.5743349725058229
vn -0.26444000083718094 -0.3695428431847272 0.8907915429595074
vn -0.3106971723742964 -0.3696932088382895 -0.8756678585042764
vn -0.00606496462867455 0.9999736242706523 -0.003995868750264354
vn 0.006648576225228441 0.9999754235986482 -0.002224552287817133
vn 0.07665765935983374 0.9854408646641148 -0.1517560724040832
vn 0.07804799113439524 0.985454163439617 0.1509589442179889
vn 0.11935679008082392 0.9154930801927061 -0.3842217807215949
vn 0.12933361468433408 0.915971054091734 0.3798287037320403
vn 0.1879683487723429 0.7841376754956114 -0.5914355465544306
vn 0.19597735865659252 0.7846285644461212 0.588175901197256
vn 0.11817993851314729 -0.9233635900933349 0.365285070353247
vn 0.11924722905382489 -0.9236617499999821 -0.36418274252077754
vn 0.22957088715013538 0.6582844235202511 -0.7169092170726434
vn 0.23626757066955756 0.6587428494968726 0.7143077021050847
vn 0.16116029856468211 0.9833954434971107 -0.08343116849033984
vn 0.16196252903218833 0.9834085228611705 0.08170566904143299
vn 0.25756304543935743 0.5400462399620427 -0.8012560990887141
vn 0.26332388079847 0.5404744149462573 0.7990919475190161
vn 0.19890372765481906 -0.7644759688632661 0.6131996413531144
vn 0.19980260236848713 -0.7653810989584866 -0.6117766695812121
vn 0.28377532061223015 -0.396323841463374 0.8731546140856956
vn 0.28433527984715423 -0.3978216940344307 -0.8722908622643116
vn 0.10927807265944867 0.9878691341922323 -0.110330759745982
vn 0.110330759745982 0.9878691341922323 0.10927807265944867
vn 0.29720411551850523 -0.4599593208351895 -0.8367240506258286
vn 0.2628984148432359 0.4400344687544097 -0.8586350154640436
vn 0.33044469169060897 -0.15556239245825562 0.9309171003833595
vn 0.2524323020552893 -0.45978214837263953 0.851397855832928
vn 0.2809959032577453 -0.15548781981247134 -0.9470294822455784
vn 0.2929024469380807 0.4402734463487504 0.8487446312159381
vn 0.24258382836734774 -0.6339585614714963 -0.7343361822432777
vn 0.2359316432137589 -0.6347518200489516 0.7358168159773185
vn 0.08857662652129235 0.988460476445546 -0.12288233290083538
vn 0.08971941179012594 0.9884622085659027 0.12203642646788566
vn 0.20699433902743877 -0.750578544694363 -0.6275230608153662
vn 0.20197910366485985 -0.750720172930114 0.6289862189575537
vn 0.02129861709160609 -0.99956013345644 -0.020637551078773426
vn 0.020637551078773426 -0.99956013345644 0.02129861709160609
vn 0.17248535179412153 0.9833528337097883 -0.057148996941222004
vn 0.17296294199212467 0.9833751907425118 0.05529064052403091
vn 0.27890579067666965 0.4264968431969262 -0.8604138554614741
vn 0.2809686283737796 0.4265245459508564 0.8597287023074038
vn 0.1011677174565519 0.9754222744584514 0.1957459563693024
vn 0.09945275447682612 0.9753840277790252 -0.19681246906773409
vn 0.1999933942325277 -0.7692127151901055 -0.6068891505482846
vn 0.1955535580951702 -0.7691830670598805 0.6083717738888567
vn 0.1797031112199863 0.9833412469938656 0.027327344883958403
vn 0.17959131830757524 0.9833062195044437 -0.029254693169233955
vn 0.2803484491356993 0.4172257786824888 -0.8644809984435743
vn 0.28219461555960496 0.4172776640950156 0.8638550514968205
vn 0.1893582957796796 0.9817955453014766 0.014864153039831634
vn 0.17592488177840349 0.9843067278068112 -0.013809473759095256
vn 0.03994118722359193 -0.9962334821867105 -0.07696460571789564
vn 0.03902127106819427 -0.9962250951279759 0.07754289291403871
vn 0.2058680178038802 -0.7527774107101584 -0.6252555710827459
vn 0.20164662248719914 -0.7526556325509188 0.626775987438001
vn 0.12514107520644308 0.9878620216447925 -0.09202357028521964
vn 0.12601210182381573 0.9878635079471595 0.09081101177873052
vn 0.2826691985343529 0.40134613218651205 -0.8712171981652299
vn 0.28427917713688 0.4014185815681171 0.8706597910884706
vn 0.15137127117647345 0.9420878588091143 -0.29926109761690844
vn 0.1536863856155923 0.9422222224609272 0.2976537894554786
vn 0.21963636087909535 -0.711316955191922 -0.6676736165494943
vn 0.21550598623034387 -0.711108532181197 0.6692397368342607
vn 0.03056005519763582 -0.9986149082987571 0.04282928845757992
vn 0.03135062851938251 -0.9986165511445523 -0.042215185319968804
vn 0.024264658237321688 -0.9995595742989725 -0.017084606752360836
vn 0.023695388628707417 -0.9995602212998592 0.017829541573211375
vn 0.28584121194646783 0.37810931577250567 -0.8805271982619401
vn 0.2871915293835839 0.3782082544121842 0.8800451930127263
vn 0.09933233462478794 0.9854664638523019 -0.13780034804175573
vn 0.10059637377319015 0.9854728249630686 0.13683450165434774
vn 0.2391520224973557 -0.6428320107605126 -0.7277178822023137
vn 0.23508779561529963 -0.6425197114088002 0.7293162200334579
vn 0.10657704693313397 0.988467426231265 -0.1075801112973541
vn 0.1075801112973541 0.988467426231265 0.10657704693313397
vn 0.2897939130221311 0.34642687343177975 -0.892192753467323
vn 0.29086119940201227 0.3465565732732757 0.8917949900080778
vn 0.282627494299704 0.7870808945737204 0.5482931377127592
vn 0.27921582499026393 0.7863514444886472 -0.5510806917554127
vn 0.06418152624609233 -0.9901667133925103 -0.12430048824601
vn 0.06320858553252613 -0.9901454263406915 0.12496683324621562
vn 0.13808456427042737 0.9878425023433005 -0.07141318977872708
vn 0.1387491483242998 0.98784588806446 0.07006550701607633
vn 0.40546410891008 0.5296051039275191 -0.7450619372103748
vn 0.36643474579611185 0.5294615956818667 0.7651117537793746
vn 0.2624301220476931 -0.5404067197240174 -0.7994316783310255
vn 0.2584873314686384 -0.5399647259406508 0.8010133545766014
vn 0.29438536243436253 0.304812468060761 -0.905774043401055
vn 0.29514256433639274 0.30497931442586224 0.905471415611376
vn 0.2993464397011484 0.2513769512937935 -0.9204354064226803
vn 0.2997612266333561 0.2515850318221843 0.9202435431831598
vn 0.28604487634770076 -0.3962754000902436 -0.8724357489228338
vn 0.2823590199413044 -0.39568237003162016 0.8739043688550516
vn 0.026197456917285113 -0.9995598880330188 0.013918458480941594
vn 0.026667366438290183 -0.9995585346757818 -0.01309913447712304
vn 0.30419921641846726 0.1838716878664668 -0.934694623463475
vn 0.30423369734034444 0.18413676645924307 0.9346312153146598
vn 0.30429232225469927 -0.20904456370064692 -0.9293581403334499
vn 0.3010794358109779 -0.20832534731938604 0.9305652706801391
vn 0.3081355825282276 0.09998623448228004 -0.9460735783722344
vn 0.30775194133049405 0.10030485992716634 0.9461647201636214
vn 0.3340270951514291 0.05287148901167274 -0.941079436261566
vn 0.28285109270571596 -0.10859484769796432 -0.9529965469027883
vn 0.3324589870570685 -0.10864672661847267 0.9368387858751787
vn 0.28407916249261816 0.05284798917172992 0.9573432610500777
vn -0.45760041955141306 -0.07807788352589101 0.8857232638530435
vn -0.4497450710340429 -0.07867059758898155 -0.889685510815803
vn 0.14776574994067415 0.9878131902603949 -0.04889155644946285
vn 0.14819772437003542 0.9878192282206565 0.0474405612223303
vn -0.4289411814804599 0.2976534840051037 -0.852884439000836
vn -0.4397931382706642 0.29869280119347 0.8469737930097003
vn 0.10437188391056784 -0.9736343332936999 -0.20283662115281703
vn 0.10335934262226275 -0.9735753107717069 0.20363683495003532
vn -0.4373568700388521 -0.297914470785812 0.8485080649741805
vn -0.4314132206349521 -0.2982616568679636 -0.8514238762824046
vn -0.2796466518568843 0.800475393167313 0.5301291305322413
vn -0.2664053310518284 0.7995101033730575 -0.5383417076463318
vn -0.4011648726128117 -0.36992619980413 0.837986486573633
vn -0.44420905236506847 -0.37004753413572233 -0.8159308428273805
vn -0.005489262397115857 0.9999746172568837 -0.004542338636029514
vn 0.006340711401302012 0.999975735681872 -0.0028850349086461022
vn 0.12884983275568582 0.9754309799993669 -0.17869561789900282
vn 0.13041931251336625 0.9754492189841553 0.17745316031770847
vn 0.17800769185540252 0.9157573132936273 -0.36014136778430417
vn 0.1872904449209978 0.9160534483503957 0.3546383636983508
vn 0.15382853038642294 0.987781415589473 -0.024993164169631092
vn 0.1540010343127667 0.9877915764167181 0.023483674984402084
vn 0.28579066376627027 0.7848841921609044 0.5498004196069326
vn 0.27834193814947406 0.7845769367295671 -0.5540440377977577
vn 0.12203642646788566 0.9884622085659027 -0.08971941179012594
vn 0.12288233290083538 0.988460476445546 0.08857662652129235
vn 0.028441117953829725 -0.99955710233164 -0.008757967110684979
vn 0.028078181286554104 -0.9995592535466218 0.009639210805858008
vn 0.17487626461826217 -0.9237626711655097 -0.3407063536747241
vn 0.17387864290520225 -0.923579693589345 0.3417115261896454
vn 0.15357208255296464 0.9880639087397767 -0.01205519415935164
vn 0.15860786345301542 0.9872631535613763 0.012450352240637242
vn 0.339183496851446 0.6588048872632167 -0.6715137198760167
vn 0.3454141763667715 0.65909182114229 0.668047167547475
vn 0.03682844010158463 -0.9986164691330761 0.037534165447921916
vn 0.037534165447921916 -0.9986164691330761 -0.03682844010158463
vn 0.0514426701273496 -0.9962371142540539 -0.06975144351856741
vn 0.05060020593627678 -0.9962331302679803 0.07042136973723014
vn 0.38012839714399077 0.5405799838441305 -0.7505169436807008
vn 0.3854921078636812 0.5408435672618237 0.7475854937907245
vn 0.29334259623069836 -0.7655754757482023 -0.5725769050263443
vn 0.2924967786605446 -0.7650218521179701 0.573748377126415
vn 0.11950995709739906 0.9854772457896894 -0.12063153893300817
vn 0.12063153893300817 0.9854772457896894 0.11950995709739906
vn 0.41732035404087575 -0.3970066679066006 0.8174530125584567
vn 0.4178476137868702 -0.3979265811925166 -0.8167360697514555
vn 0.02951799997770496 -0.9995555650556934 -0.004166538552496979
vn 0.029269034521194434 -0.9995585984647642 0.005092332800728217
vn 0.38308118632089716 -0.46022237903057395 0.8009020954688612
vn 0.42641241396515644 -0.1556764733433731 -0.8910315869057494
vn 0.42244523813026025 0.44065265053587044 0.7920639256756868
vn 0.42473570858333426 -0.460357268298858 -0.7795324004675024
vn 0.4724345904891219 -0.15573725265706903 0.8674972425571184
vn 0.3945289267894134 0.4404877104390838 -0.8064226577164901
vn 0.3485344669914705 -0.6350394436602529 0.6893827893954475
vn 0.3547144565892181 -0.6345597336978305 -0.6866670216749559
vn 0.029774594778041688 -0.9995565268960502 0.00047227672933211184
vn 0.19606027570839699 0.9422054483754749 -0.2716785993425277
vn 0.19819799111535114 0.9422689910664128 0.2699012871264669
vn 0.2981362758207857 -0.7510756133561647 0.5890672152321613
vn 0.3027990171920136 -0.7509930262473538 -0.5867897661985867
vn 0.41055892222077567 0.4269096598327606 -0.8057229757965151
vn 0.41247882053422796 0.4269283000136826 0.8047319114202687
vn 0.13464484617174122 0.9884454713586768 -0.06961548355007899
vn 0.13531663686008813 0.9884419625777205 0.06835125751863802
vn 0.2885308774953394 -0.7695544304460495 0.5696805344336647
vn 0.2926593076789829 -0.7695757711005562 -0.5675417712942747
vn 0.3647411426284962 0.7871205954669855 0.49739829821357173
vn 0.36154082342500926 0.7867759671538589 -0.5002717366654611
vn 0.08276242448131299 -0.9901761853635032 -0.11270094512894024
vn 0.08186515308323583 -0.9901661069036771 0.11344239705627791
vn 0.4126231954750174 0.4176395979935012 -0.8095179211999028
vn 0.4143428950421296 0.41767159407156845 0.8086225354476719
vn 0.042215185319968804 -0.9986165511445523 0.03135062851938251
vn 0.04282928845757992 -0.9986149082987571 -0.03056005519763582
vn 0.5166151126123456 0.5298718992378888 -0.6725656814159982
vn 0.48138413460240126 0.5297967457249737 0.6982726710765106
vn 0.3013590402375927 -0.7531369143905416 -0.5847798876922591
vn 0.2974340487254712 -0.7530585790214626 0.5868864994366026
vn 0.15500454322776425 0.9754527264891857 -0.156414737040875
vn 0.156414737040875 0.9754527264891857 0.15500454322776425
vn 0.14406915688748015 0.9884197086334917 -0.04765036850449328
vn 0.14454762772013033 0.9884145018799698 0.04628991028133362
vn 0.13683450165434774 0.9854728249630686 -0.10059637377319015
vn 0.13780034804175573 0.9854664638523019 0.09933233462478794
vn 0.4174777199542154 0.4018004581094733 0.8150268371071269
vn 0.41597939972463194 0.4017545157603638 -0.8158152046087954
vn 0.31779480661885023 -0.7115588159315053 0.6266502312743863
vn 0.32163743383396337 -0.7116894548441425 -0.6245378139235046
vn 0.060904205835605726 -0.9962371245114175 0.061662545007131295
vn 0.061662545007131295 -0.9962371245114175 -0.060904205835605726
vn 0.1499609872880739 0.9883920847989854 -0.024347258537691225
vn 0.1502278290799801 0.9883855624295742 0.02292551745742067
vn -0.5902690406333837 -0.07828785202190758 0.8034011898768514
vn -0.5831854043058589 -0.0785704119356096 -0.8085304413396447
vn -0.5568046176565072 0.2981355314729239 -0.7752959580893919
vn -0.566641379401105 0.2986379108843479 0.7679407173298244
vn 0.13375721173970936 -0.9736302370636228 0.18480576231019508
vn 0.1347032744904905 -0.97365822735185 -0.18396924784211308
vn -0.5644221202246298 -0.2982203488305674 0.7697352101498984
vn -0.5590722571960489 -0.29838111233101156 -0.773567658991651
vn 0.15296476362395892 0.9881586914100695 -0.012007567622360986
vn 0.15098183157990505 0.9884654877508781 0.011851837756057275
vn -0.35899050915766084 0.8004399612423508 0.4800225856989099
vn -0.34686848464787373 0.7999901262034126 -0.48958967752101945
vn 0.42183849336611917 0.3785688033821289 0.823855537470269
vn 0.42058158790790895 0.37850776164465005 -0.8245259257825788
vn -0.5271315982529101 -0.37020954551300966 0.7649033733318108
vn -0.5659855500711808 -0.37027397715435695 -0.7365850520835443
vn -0.004866527849959674 0.999975373869278 -0.005056536530395921
vn 0.005964012954299609 0.9999759055763211 -0.003552297326748681
vn 0.231833526862198 0.9159494973816728 -0.3275511167266805
vn 0.2402922736626724 0.9160928104934132 0.32098845116343794
vn 0.34658931947068006 -0.6430200692029204 0.6829356003541784
vn 0.35037087923704496 -0.6432133965027832 -0.6808206618060395
vn 0.04712908770337047 -0.9986118598029986 -0.02352025835411274
vn 0.04661261147149452 -0.9986152998091757 0.024387444286711656
vn 0.4263274744228387 0.3468077191130262 -0.8354455640649868
vn 0.4273206478474018 0.34688775039452546 0.8349047565737676
vn 0.36123105548405265 0.784894012258773 -0.5034416689887741
vn 0.3680041951814733 0.7850393961700355 0.49828311108226636
vn 0.23580547904805985 0.9422656793511656 -0.2377628347067757
vn 0.2377628347067757 0.9422656793511656 0.23580547904805985
vn 0.2258513176756214 -0.92381994720166 -0.3091082131819011
vn 0.22489232754729982 -0.9237337654405064 0.31006349607050104
vn 0.1509589442179889 0.985454163439617 -0.07804799113439524
vn 0.1517560724040832 0.9854408646641148 0.07665765935983374
vn 0.43971281728728845 0.659172428168095 -0.6100363499466679
vn 0.4453689086398088 0.6593078497316492 0.605771982266607
vn 0.3846694732211633 -0.5407698052566563 -0.7480624399703749
vn 0.38099876544101297 -0.5404964212913637 0.7501356939272074
vn 0.43300765089495474 0.3051678409436746 -0.8481609299656576
vn 0.43371141101287164 0.30526996774579396 0.847764506658368
vn 0.4925422498377514 0.540944781637934 -0.681748395922905
vn 0.4974047090624434 0.5410680838284938 0.6781105249623163
vn 0.3790848982427934 -0.7656750089112323 -0.5196502868786234
vn 0.37823405607299065 -0.765414135222348 0.520653628075709
vn 0.5397292410880317 -0.39750668787514626 0.742078688151781
vn 0.5402572320514947 -0.39794094233910193 -0.7414614822270438
vn 0.17745316031770847 0.9754492189841553 -0.13041931251336625
vn 0.17869561789900282 0.9754309799993669 0.12884983275568582
vn 0.5410479505996951 -0.4606090826664461 -0.7036379666540492
vn 0.5034453303057257 -0.4605361206102472 0.731060381231689
vn 0.5155942027432249 0.4408044247296433 -0.7347476282618043
vn 0.5604096947751689 -0.1558148320944084 -0.8134265253244409
vn 0.6019535326684295 -0.1558458051098388 0.7831756058111514
vn 0.5407994319741242 0.4408885228150934 0.7163471817676045
vn 0.44022475141841033 0.2516912309301114 -0.8618896057567257
vn 0.44060986232578486 0.2518194075979423 0.8616553459349476
vn 0.4518466099321178 -0.635207876229818 0.6263749636347679
vn 0.45737175663904156 -0.634981120035524 -0.6225833706640009
vn 0.41951538528014326 -0.3965538643757789 -0.8165487579819648
vn 0.4160819010763512 -0.396188918389874 0.8184804167124289
vn 0.049904306293972404 -0.9986130903720265 0.016776648978517796
vn 0.050317592283532026 -0.9986075816153993 -0.015844173914468847
vn 0.43773220596571927 0.787028973005372 0.4347135971079054
vn 0.4347135971079054 0.787028973005372 -0.43773220596571927
vn 0.09927958953805256 -0.9901763295181447 -0.09846014200238902
vn 0.09846014200238902 -0.9901763295181447 0.09927958953805256
vn 0.4472702080291906 0.18413324997887817 -0.875239571352747
vn 0.4473036295946304 0.18429502708746906 0.875188440247184
vn 0.4465270716364391 -0.20913942372535246 -0.8699852158166907
vn 0.4435359360162034 -0.2086983450855478 0.8716196843926737
vn 0.16150824619801016 0.9854246950994584 -0.053415884324629945
vn 0.16212362265329316 0.985403569596794 0.05192047769106977
vn 0.3863266709318028 -0.7513064157828458 0.5350610927083786
vn 0.39051885404468173 -0.7512691177750407 -0.5320617796018998
vn 0.4526031260034031 0.10036112880917637 0.8860463047471591
vn 0.45295910067971085 0.10016570810529588 -0.8858864961332192
vn 0.614840172221768 0.5299346882895634 -0.5840725886135645
vn 0.5840725886135645 0.5299346882895634 0.614840172221768
vn 0.06975144351856741 -0.9962371142540539 0.0514426701273496
vn 0.07042136973723014 -0.9962331302679803 -0.05060020593627678
vn 0.47536135316271605 -0.10876464218802112 0.8730417152284439
vn 0.4775802745308892 0.052927638212569635 -0.8769924438056692
vn 0.4291884822358227 -0.10872511876247101 -0.8966471408899922
vn 0.4310899771093806 0.052908704098413646 0.9007564047324116
vn 0.5312723308309049 0.4271861477204947 -0.7316158183700113
vn 0.533005905139815 0.427194988140905 0.7303486476973708
vn 0.051968721788589425 -0.9986108251940734 0.008698951711109246
vn 0.05227424787876551 -0.9986029494848383 -0.007717012951334935
vn 0.05719280204831613 -0.9983530575157413 0.004489537039955583
vn 0.04807598239591754 -0.998836552352004 -0.003773804741898598
vn 0.37378828997643104 -0.769802968985004 0.5173835165700279
vn 0.3775152648917885 -0.7698142115829505 -0.5146535770968692
vn 0.16809155203886048 0.9853936047003371 -0.027288714679193506
vn 0.1685137393434735 0.985363737048517 0.025718191271177124
vn 0.17547744513530636 0.9843870759453993 -0.013775012176112527
vn 0.16514251991955547 0.9861845127249745 0.01296360196951421
vn 0.2699012871264669 0.9422689910664128 -0.19819799111535114
vn 0.2716785993425277 0.9422054483754749 0.19606027570839699
vn 0.5339060920973706 0.41791521266128173 -0.7350450053211638
vn 0.5354584510796155 0.4179306469477731 0.7339061394410289
vn 0.19681246906773409 0.9753840277790252 0.09945275447682612
vn 0.1957459563693024 0.9754222744584514 -0.1011677174565519
vn -0.708005992670528 -0.07844829378007977 0.7018357211952201
vn -0.7018357211952201 -0.07844829378007977 -0.708005992670528
vn -0.6791982276906264 0.2984539342987197 0.6705333821693946
vn -0.6705333821693946 0.2984539342987197 -0.6791982276906264
vn 0.1607861079736192 -0.9736578596548744 0.16167312644649592
vn 0.16167312644649592 -0.9736578596548744 -0.1607861079736192
vn -0.6772148062831583 -0.29837247088931196 0.6725726538941879
vn -0.6725726538941879 -0.29837247088931196 -0.6772148062831583
vn -0.42939695634672875 0.8002910788329701 0.41851217786406925
vn -0.41851217786406925 0.8002910788329701 -0.42939695634672875
vn -0.639654669713002 -0.3703249320396288 0.6735735655622144
vn -0.6735735655622144 -0.3703249320396288 -0.639654669713002
vn 0.3888127070621441 -0.753370791814846 -0.530336807007848
vn 0.3852588854788117 -0.7533332805068162 0.5329770723403233
vn -0.00421614454985698 0.9999758066222671 -0.005532657162775188
vn 0.005532657162775188 0.9999758066222671 -0.00421614454985698
vn 0.2797785063030547 0.9160609260822744 -0.28732623812683306
vn 0.28732623812683306 0.9160609260822744 0.2797785063030547
vn 0.07696460571789564 -0.9962334821867105 0.03994118722359193
vn 0.07754289291403871 -0.9962250951279759 -0.03902127106819427
vn 0.5382072134780567 0.40202856438044204 -0.7407469397725421
vn 0.5395623458251163 0.40204958760173504 0.7397490142453538
vn 0.43499323544433094 0.7850493925152671 -0.44099698006798527
vn 0.4409969800679853 0.7850493925152672 0.43499323544433105
vn 0.2711824225756946 -0.9238132281365822 -0.27023917777747297
vn 0.27023917777747297 -0.9238132281365822 0.2711824225756946
vn 0.5002717366654611 0.7867759671538589 0.36154082342500926
vn 0.49739829821357173 0.7871205954669855 -0.3647411426284962
vn 0.529129969823281 0.6593411853277779 -0.534126086580102
vn 0.534126086580102 0.6593411853277779 0.529129969823281
vn 0.41506575260938633 -0.7119294768100113 -0.5664599200824602
vn 0.41158076683568023 -0.7118670054084612 0.5690752489625105
vn 0.11344239705627791 -0.9901661069036771 -0.08186515308323583
vn 0.11270094512894024 -0.9901761853635032 0.08276242448131299
vn 0.20939333949262814 0.975378427049039 -0.06921960288435336
vn 0.21027944307013804 0.9753168985677663 0.06737583535857772
vn 0.5924976729901905 0.5411082998191968 -0.5967816312253483
vn 0.5967816312253483 0.5411082998191968 0.5924976729901905
vn 0.45531988908122395 -0.7656290101731128 -0.4544183286228688
vn 0.4544183286228688 -0.7656290101731128 0.45531988908122395
vn 0.6982726710765106 0.5297967457249737 -0.48138413460240126
vn 0.6725656814159982 0.5298718992378888 0.5166151126123456
vn 0.5441198381688996 0.37877515532042094 -0.7486407572548008
vn 0.5452573641384709 0.3788056676563609 0.7477972138248347
vn 0.6484671920899562 -0.39781473492287595 0.6490252209746628
vn 0.6490252209746628 -0.39781473492287595 -0.6484671920899562
vn 0.6679149263134357 -0.3352518271612815 -0.664451550974742
vn 0.664451550974742 -0.3352518271612815 0.6679149263134357
vn 0.6235509956343815 0.44094118542745975 -0.6455656642334677
vn 0.6455656642334676 0.4409411854274597 0.6235509956343814
vn 0.2976537894554786 0.9422222224609272 -0.1536863856155923
vn 0.29926109761690844 0.9420878588091143 0.15137127117647345
vn 0.5484925838863877 -0.6351945172117754 -0.5437681589848135
vn 0.5437681589848135 -0.6351945172117754 0.5484925838863877
vn 0.4522590514162227 -0.6434572353458822 -0.6175957712720613
vn 0.44882458940462056 -0.6433648429588331 0.6201920402507031
vn 0.21859448239417226 0.9752442435402734 0.033393378211611924
vn 0.2178905947658615 0.9753331228178587 -0.03534102781390171
vn 0.08235128834911871 -0.9962272627537031 0.02737711185469707
vn 0.08283609501155231 -0.9962137527930568 -0.026388257032466538
vn 0.5515073411647837 0.3470664261413121 -0.758541065788035
vn 0.5524079217244942 0.34710355405781257 0.7578684653529663
vn 0.2087944961690716 0.9778221778776182 0.016390449053493326
vn 0.2331607081528553 0.9722659513715438 -0.018303113867478835
vn 0.4647798784258409 -0.7513757620799074 0.4684166188013603
vn 0.4684166188013603 -0.7513757620799074 -0.4647798784258409
vn -0.8085304413396447 -0.0785704119356096 0.5831854043058589
vn -0.8034011898768514 -0.07828785202190758 -0.5902690406333837
vn 0.6385492132301004 0.4272845968157918 -0.6400646651762508
vn 0.6400646651762508 0.4272845968157918 0.6385492132301004
vn -0.7752959580893919 0.2981355314729239 0.5568046176565072
vn -0.7679407173298244 0.2986379108843479 -0.566641379401105
vn 0.18480576231019508 -0.9736302370636228 -0.13375721173970936
vn 0.18396924784211308 -0.97365822735185 0.1347032744904905
vn -0.773567658991651 -0.29838111233101156 0.5590722571960489
vn -0.7697352101498984 -0.2982203488305674 -0.5644221202246298
vn 0.4966720646643687 -0.5409948677495435 -0.6787056897143909
vn 0.49333678143219933 -0.5408654718964139 0.6812366412608675
vn -0.48958967752101945 0.7999901262034126 0.34686848464787373
vn -0.4800225856989099 0.8004399612423508 -0.35899050915766084
vn 0.5601003010274218 0.30541027075054183 -0.7700728662334964
vn 0.5607407637769687 0.30545915466641943 0.7695872274598236
vn 0.08610229993133714 -0.9962014148768977 -0.013005189110544615
vn 0.08571150653461392 -0.996220918307585 0.014050607601058066
vn -0.7365850520835443 -0.37027397715435695 0.5659855500711808
vn -0.7649033733318108 -0.37020954551300966 -0.5271315982529101
vn 0.5510806917554127 0.7863514444886472 0.27921582499026393
vn 0.5482931377127592 0.7870808945737204 -0.282627494299704
vn -0.003552297326748681 0.9999759055763211 -0.005964012954299609
vn 0.005056536530395921 0.999975373869278 -0.004866527849959674
vn 0.4496236549470577 -0.7698932268025979 0.4528829741064823
vn 0.4528829741064823 -0.7698932268025979 -0.4496236549470577
vn 0.12496683324621562 -0.9901454263406915 -0.06320858553252613
vn 0.12430048824601 -0.9901667133925103 0.06418152624609233
vn 0.09396638469096516 -0.995548043841974 0.007376377873219795
vn 0.08007175247763366 -0.9967692841250032 -0.006285593057878727
vn 0.3183214108183692 0.9421403068402263 -0.10508625810070102
vn 0.31977532237516254 0.9419217728480644 0.10260173992004301
vn 0.320988451163438 0.9160928104934133 -0.24029227366267242
vn 0.3275511167266805 0.9159494973816728 0.231833526862198
vn 0.5693836885705114 0.25190940565413394 -0.782524035754059
vn 0.5697366991124536 0.25196979585761126 0.7822476050841698
vn 0.7651117537793746 0.5294615956818668 -0.3664347457961119
vn 0.7450619372103748 0.5296051039275191 0.40546410891008
vn 0.54182966381772 -0.39671619105291017 -0.7409702282572812
vn 0.5387111609306853 -0.3965440593773102 0.7433324250032939
vn 0.49828311108226636 0.7850393961700355 -0.3680041951814733
vn 0.5034416689887741 0.7848940122587729 0.3612310554840526
vn 0.31006349607050104 -0.9237337654405064 -0.22489232754729982
vn 0.3091082131819011 -0.92381994720166 0.2258513176756214
vn 0.641683639216592 0.4180160158471017 -0.6430433248678242
vn 0.6430433248678242 0.4180160158471017 0.641683639216592
vn 0.578440244496766 0.18431504295469087 -0.7946287488425848
vn 0.5784740550787337 0.1843902203852295 0.7945866939655185
vn 0.57689377375752 -0.2091790239180527 -0.7895807176929398
vn 0.5741811215081234 -0.2089695512914054 0.79161086800065
vn 0.605771982266607 0.6593078497316492 -0.4453689086398088
vn 0.6100363499466679 0.659172428168095 0.43971281728728845
vn 0.5857342938567419 0.10029386766317071 -0.8042738819017478
vn 0.5854151119028302 0.1003870286847911 0.8044946185199973
vn 0.6085262908959673 0.05296455749842674 -0.7917641750782819
vn 0.564036079053585 -0.10881795583927212 -0.8185486876251286
vn 0.6057153833273459 -0.10883934841945277 0.7882023031152823
vn 0.5665612935240265 0.05295448066382372 0.8223163160597062
vn 0.3311425275480355 0.9420586824767267 -0.05357298964321687
vn 0.3324634147647766 0.9417402514662988 0.05092520604903233
vn 0.46649361704248493 -0.753439168785718 -0.46337147538244683
vn 0.46337147538244683 -0.753439168785718 0.46649361704248493
vn 0.6781105249623163 0.5410680838284938 -0.4974047090624434
vn 0.681748395922905 0.540944781637934 0.4925422498377514
vn 0.520653628075709 -0.765414135222348 -0.37823405607299065
vn 0.5196502868786232 -0.7656750089112322 0.37908489824279334
vn 0.36492492265010684 0.9305961488312671 -0.028646266933544166
vn 0.3084474393731716 0.9509331783293214 0.024212961335377654
vn 0.5888155492013639 0.7857711237046435 0.18936734187984497
vn 0.5860377895100103 0.7869574975189386 -0.19302229499451767
vn 0.7414614822270438 -0.39794094233910193 0.5402572320514947
vn 0.742078688151781 -0.39750668787514626 -0.5397292410880317
vn 0.7831756058111514 -0.1558458051098388 -0.6019535326684295
vn 0.731060381231689 -0.4605361206102472 -0.5034453303057257
vn 0.7036379666540492 -0.4606090826664461 0.5410479505996951
vn 0.8134265253244409 -0.1558148320944084 0.5604096947751689
vn 0.7163471817676046 0.4408885228150935 -0.5407994319741243
vn 0.7347476282618043 0.4408044247296433 0.5155942027432249
vn 0.13354513054657038 -0.9901160679703009 -0.04284705420830882
vn 0.13294894887651404 -0.9901505488372847 0.04389154394474809
vn 0.6480081303730015 0.40212844578137774 0.6468215952362295
vn 0.6468215952362295 0.40212844578137774 -0.6480081303730015
vn 0.6225833706640009 -0.634981120035524 0.45737175663904156
vn 0.626374963634768 -0.635207876229818 -0.45184660993211784
vn -0.889685510815803 -0.07867059758898155 0.4497450710340429
vn -0.8857232638530435 -0.07807788352589101 -0.45760041955141306
vn -0.8528844390008358 0.29765348400510366 0.42894118148045984
vn -0.8469737930097003 0.29869280119347 -0.4397931382706642
vn 0.20363683495003532 -0.9735753107717069 -0.10335934262226275
vn 0.20283662115281703 -0.9736343332936999 0.10437188391056784
vn -0.8514238762824046 -0.2982616568679636 0.4314132206349521
vn -0.8485080649741805 -0.297914470785812 -0.4373568700388521
vn 0.8134943596085132 0.5289955009817978 -0.24164164960981335
vn 0.799714424882899 0.5291789200503708 0.28359567910766426
vn -0.5383417076463318 0.7995101033730575 0.2664053310518284
vn -0.5301291305322413 0.800475393167313 -0.2796466518568843
vn 0.4980554993331206 -0.7119920733316768 -0.4949828351538023
vn 0.4949828351538023 -0.7119920733316768 0.4980554993331206
vn -0.8159308428273805 -0.37004753413572233 0.44420905236506847
vn -0.837986486573633 -0.36992619980413 -0.4011648726128117
vn -0.0028850349086461022 0.999975735681872 -0.006340711401302012
vn 0.004542338636029514 0.9999746172568837 -0.005489262397115857
vn 0.5320617796018998 -0.7512691177750407 0.39051885404468173
vn 0.5350610927083786 -0.7513064157828458 -0.3863266709318028
vn 0.6121412840582302 0.7851182913497784 0.09419297712433704
vn 0.6092729224704952 0.7868638604284113 -0.0981415869851283
vn 0.3546383636983508 0.9160534483503957 -0.1872904449209978
vn 0.36014136778430417 0.9157573132936273 0.17800769185540252
vn 0.6538903803557807 0.3788769296402654 -0.6548890308018129
vn 0.6548890308018129 0.3788769296402654 0.6538903803557807
vn 0.13885657814696864 -0.9900841059833602 -0.021267669934556522
vn 0.13832286887841302 -0.9901342950754075 0.022379938801773965
vn 0.7303486476973708 0.427194988140905 -0.533005905139815
vn 0.7316158183700113 0.4271861477204947 0.5312723308309049
vn 0.5495458009281712 0.8343491184436058 0.04313885991299101
vn 0.6907410832123972 0.7210663558445112 -0.054222379435807086
vn 0.5498004196069325 0.7848841921609043 -0.2857906637662702
vn 0.5540440377977577 0.7845769367295671 0.27834193814947406
vn 0.8417226690553807 0.5285305365689195 -0.11026522712286045
vn 0.8347294877361489 0.528698078033903 0.15396436141849124
vn 0.15182977495352606 -0.9883347967588714 0.011918429139870559
vn 0.12949232465170465 -0.991528319314755 -0.010165129273881614
vn 0.3417115261896454 -0.923579693589345 -0.17387864290520225
vn 0.3407063536747241 -0.9237626711655097 0.17487626461826217
vn 0.5427608715504832 -0.643511824323423 -0.5397250858258302
vn 0.5397250858258302 -0.643511824323423 0.5427608715504832
vn 0.6680471675474751 0.6590918211422901 -0.3454141763667716
vn 0.6715137198760167 0.6588048872632167 0.339183496851446
vn 0.8470534009949025 0.5273322643448682 -0.06649224649448077
vn 0.8470525335572827 0.5273336205584715 0.06649254110712303
vn 0.5146535770968692 -0.7698142115829505 0.3775152648917885
vn 0.5173835165700279 -0.769802968985004 -0.37378828997643104
vn 0.6627303012568223 0.34716724201200666 -0.6635235141800315
vn 0.6635235141800315 0.34716724201200666 0.6627303012568223
vn -0.9493045087946723 -0.07876704428336462 0.3043299234662411
vn -0.9466384236446739 -0.07778758757929274 -0.31276954151278974
vn -0.9098973814224862 0.29699501265840267 0.28962168036343156
vn -0.9055498310491423 0.2986791994854959 -0.3012809972128562
vn 0.21688201642382363 -0.9735933735833043 0.07126102628096684
vn 0.2176661600590023 -0.9734972014671822 -0.07017578999008899
vn -0.9087043262824361 -0.2980554417552786 0.2922659765276308
vn -0.9068138823163624 -0.2974800133889285 -0.29865402135656816
vn 0.7475854937907245 0.5408435672618237 -0.3854921078636812
vn 0.7505169436807008 0.5405799838441305 0.38012839714399077
vn 0.573748377126415 -0.7650218521179701 -0.2924967786605446
vn 0.5725769050263443 -0.7655754757482023 0.29334259623069836
vn -0.5743349725058229 0.7988744383019964 0.17871477606623679
vn -0.5675236175247997 0.8004318132341249 -0.19294003191223877
vn -0.8756678585042764 -0.3696932088382895 0.3106971723742964
vn -0.8907915429595074 -0.3695428431847272 -0.26444000083718094
vn 0.8167360697514555 -0.3979265811925166 0.4178476137868702
vn 0.8174530125584567 -0.3970066679066006 -0.41732035404087575
vn -0.002224552287817133 0.9999754235986482 -0.006648576225228441
vn 0.003995868750264354 0.9999736242706523 -0.00606496462867455
vn 0.7339061394410289 0.4179306469477731 -0.5354584510796155
vn 0.7350450053211638 0.41791521266128173 0.5339060920973706
vn 0.7795324004675024 -0.460357268298858 0.42473570858333426
vn 0.8674972425571184 -0.15573725265706903 -0.4724345904891219
vn 0.8009020954688612 -0.46022237903057395 -0.38308118632089716
vn 0.8910315869057494 -0.1556764733433731 0.42641241396515644
vn 0.7920639256756868 0.44065265053587044 -0.42244523813026025
vn 0.8064226577164904 0.4404877104390839 0.3945289267894135
vn 0.5961526087870382 -0.5410333870720625 -0.5931989051825202
vn 0.5931989051825202 -0.5410333870720625 0.5961526087870382
vn 0.673016268417211 0.30550879238740475 -0.6735825711965552
vn 0.6735825711965552 0.30550879238740475 0.673016268417211
vn 0.6866670216749557 -0.6345597336978305 0.354714456589218
vn 0.6893827893954475 -0.6350394436602529 -0.3485344669914705
vn 0.3798287037320403 0.915971054091734 -0.12933361468433408
vn 0.3842217807215949 0.9154930801927061 0.11935679008082392
vn 0.5329770723403233 -0.7533332805068162 -0.3852588854788117
vn 0.530336807007848 -0.753370791814846 0.3888127070621441
vn -0.985426730761891 -0.07890266789961174 0.15069348790925
vn -0.9841601200383181 -0.07744824213784382 -0.1594698338743759
vn -0.944424762895011 0.2962726926702501 0.14242316808940145
vn -0.9417238469266763 0.2987533192162289 -0.1546048200636318
vn 0.2263729580174573 -0.9734116753489617 -0.03499991675353146
vn 0.22558174678097834 -0.973552582840519 0.03616965528999081
vn 0.588175901197256 0.7846285644461212 -0.19597735865659252
vn 0.5914355465544306 0.7841376754956114 0.1879683487723429
vn -0.9435016127327013 -0.2978616891497113 0.14520027860742132
vn -0.9427252598349679 -0.29701092438678384 -0.1518341044166309
vn -0.5962677057864827 0.7981698886010968 0.08596308490647181
vn -0.5908708936445446 0.8004213089840345 -0.1009817566097065
vn 0.365285070353247 -0.9233635900933349 -0.11817993851314729
vn 0.36418274252077754 -0.9236617499999821 0.11924722905382489
vn 0.6841278941136251 0.25200332200699843 -0.6844438254474164
vn 0.6844438254474164 0.25200332200699843 0.6841278941136251
vn -0.9965460666134893 -0.027860958173908334 0.07822853780312147
vn -0.9894708272789535 -0.12212420735820669 -0.07767341849714757
vn 0.5867897661985867 -0.7509930262473538 0.3027990171920136
vn 0.5890672152321613 -0.7510756133561647 -0.2981362758207857
vn -0.9138666993421269 -0.3692973760184123 0.16872197218928478
vn -0.9215140309048797 -0.369156901346135 -0.12056149067575486
vn -0.9225646723314934 0.3789851942279868 0.07241994146544965
vn -0.9723066329393288 0.22089429724859647 -0.07632510062380575
vn 0.2488677742931287 -0.968340432244346 0.019535562423887945
vn 0.21060779055492818 -0.9774308382067447 -0.016532243647852024
vn 0.6504600409232332 -0.396719992941058 -0.6476997625157761
vn 0.6476997625157761 -0.396719992941058 0.6504600409232332
vn -0.0015824256181936334 0.9999751396693153 -0.006871387959971281
vn 0.0034243672784171294 0.9999725458354768 -0.006571246765853889
vn -0.9608354140986044 -0.26665771434035956 0.07542526365044042
vn -0.9435089613872549 -0.3229632918837924 -0.07406451159312258
vn 0.7143077021050847 0.6587428494968726 -0.23626757066955756
vn 0.7169092170726434 0.6582844235202511 0.22957088715013538
vn -0.5020351587702288 0.8639488502445943 0.03940918065114616
vn -0.6891711387241662 0.7225762427529864 -0.054099121606670256
vn 0.7397490142453538 0.40204958760173504 -0.5395623458251163
vn 0.7407469397725421 0.40202856438044204 0.5382072134780567
vn -0.9269119169518901 -0.3681576564793294 0.07276151584608812
vn -0.9269130843481718 -0.3681548004120097 -0.07276109535838822
vn 0.6949622779926151 0.1844004606053773 -0.6949992102843282
vn 0.6949992102843282 0.1844004606053773 0.6949622779926151
vn 0.8047319114202687 0.4269283000136826 -0.41247882053422796
vn 0.8057229757965151 0.4269096598327606 0.41055892222077567
vn 0.3956572945408184 0.9158910278224849 -0.06781541440492939
vn 0.39889317827171644 0.9152045555575845 0.057313644230085885
vn 0.08542912128786356 0.996321682220029 -0.006706025218775486
vn -0.091618420928011 0.9957682161868114 -0.007191980171925891
vn 0.7990919475190161 0.5404744149462573 -0.26332388079847
vn 0.8012560990887141 0.5400462399620427 0.25756304543935743
vn 0.6131996413531144 -0.7644759688632661 -0.19890372765481906
vn 0.611776669581212 -0.7653810989584865 0.19980260236848707
vn 0.6926653175969677 -0.20912705038545143 -0.6902757670636951
vn 0.6902757670636951 -0.20912705038545143 0.6926653175969677
vn 0.7036732334080645 0.10036647757771958 -0.7033992826010562
vn 0.7033992826010562 0.10036647757771958 0.7036732334080645
vn 0.5690752489625105 -0.7118670054084612 -0.41158076683568023
vn 0.5664599200824602 -0.7119294768100113 0.41506575260938633
vn 0.4473443518865439 0.8936721407880946 -0.03511603073287316
vn 0.3510003331597696 0.9359698764065407 0.027552796251117038
vn 0.7241874407112722 0.052972297186172995 -0.6875656233748728
vn 0.6844832805561468 -0.10885730920391723 -0.7208555506285417
vn 0.7208555506285417 -0.10885730920391723 0.6844832805561468
vn 0.6875656233748728 0.052972297186172995 0.7241874407112722
vn 0.6120672477935175 0.7843599677025552 -0.10076271753042107
vn 0.6142954080614671 0.7836519601705241 0.09236209696347729
vn 0.8722908622643116 -0.3978216940344307 0.28433527984715423
vn 0.8731546140856958 -0.39632384146337407 -0.2837753206122302
vn 0.851397855832928 -0.45978214837263953 -0.2524323020552893
vn 0.9309171003833595 -0.15556239245825562 -0.33044469169060897
vn 0.8367240506258286 -0.4599593208351895 0.29720411551850523
vn 0.9470294822455784 -0.15548781981247134 0.2809959032577453
vn 0.8487446312159381 0.4402734463487504 -0.2929024469380807
vn 0.8586350154640436 0.4400344687544097 0.2628984148432359
vn 0.3799281723392355 -0.923123555162695 -0.05913954486429051
vn 0.37867309467771615 -0.9235629147943626 0.060317740207524194
vn 0.5675417712942747 -0.7695757711005562 0.2926593076789829
vn 0.5696805344336647 -0.7695544304460495 -0.2885308774953394
vn 0.7343361822432776 -0.6339585614714962 0.2425838283673477
vn 0.7358168159773185 -0.6347518200489516 -0.2359316432137589
vn 0.6209772365902965 0.7838168976572962 -0.004282824251653379
vn 0.7429567793917324 0.6583783564833795 -0.12063649393988926
vn 0.7446375958681621 0.6577269612074207 0.11362260039506049
vn 0.7477972138248347 0.3788056676563609 -0.5452573641384709
vn 0.7486407572548008 0.37877515532042094 0.5441198381688996
vn 0.3520075015539475 -0.9355892199322151 -0.027632053784996925
vn 0.41995082265260353 -0.9069479372685596 0.03296582529994544
vn 0.7685833452136828 0.6368983346162492 -0.0603336790125801
vn 0.7332935565739153 0.6774710414471165 0.057563424913199816
vn 0.8308715649348418 0.5400990528508595 -0.13396064979064365
vn 0.8322236502889623 0.5394779179553298 0.12793503014537252
vn 0.6376175703976151 -0.7638677607408249 -0.0997490752891489
vn 0.6358527826775938 -0.7652016214133249 0.10078550167350067
vn 0.8086225354476719 0.41767159407156845 -0.4143428950421296
vn 0.8095179211999028 0.4176395979935012 0.4126231954750174
vn 0.6275230608153662 -0.750578544694363 0.20699433902743877
vn 0.6289862189575537 -0.750720172930114 -0.20197910366485985
vn 0.6201920402507031 -0.6433648429588331 -0.44882458940462056
vn 0.6175957712720613 -0.6434572353458822 0.4522590514162227
vn 0.9062550158025102 -0.39776826058186854 0.14311623669754067
vn 0.9073247232781422 -0.39555462886871895 -0.14247239068946857
vn 0.8517815099532147 0.5196127678124025 -0.0668642716864248
vn 0.8272468963550064 0.5580730479410555 0.06493878373352477
vn 0.9714137366644089 -0.15537228446020337 -0.17948483345761615
vn 0.8733606565553127 -0.4595008864675098 0.1615552503536976
vn 0.9795368221085415 -0.15530251894527067 0.12801852109266626
vn 0.8807961139644227 -0.4593354232940815 -0.1149311730228952
vn 0.8845272669094382 0.4398550230105276 -0.1553675410957124
vn 0.8895913997062931 0.43956976629646105 0.12411914488374884
vn 0.5950790649509511 -0.8023084029342213 -0.046713306864757484
vn 0.696735277645413 -0.7152402288206265 0.054693399610803925
vn 0.5868864994366026 -0.7530585790214626 -0.2974340487254712
vn 0.5847798876922591 -0.7531369143905416 0.3013590402375927
vn 0.7578684653529663 0.34710355405781257 -0.5524079217244942
vn 0.758541065788035 0.3470664261413121 0.5515073411647837
vn 0.7639619335963503 -0.6332838399782066 0.12374870519800556
vn 0.7640518159676255 -0.6344791093100559 -0.11688063297951397
vn 0.8597287023074038 0.4265245459508564 -0.2809686283737796
vn 0.8604138554614741 0.4264968431969262 0.27890579067666965
vn 0.9441891660433497 -0.3209568708304067 0.0741181880048177
vn 0.8833508428106431 -0.4635546040369287 -0.06934275435755792
vn 0.9527427655107437 -0.30313910573858516 0.01969531261368962
vn 0.8861237841555087 -0.4581988172918606 -0.06955920489957919
vn 0.8983015252984536 0.43368414278772965 -0.07051548724176779
vn 0.8923472478116602 0.4458807833615181 0.0700479575139378
vn 0.741975285064215 -0.6678924861838771 0.058243482493722326
vn 0.8066568496610784 -0.5876182809534705 -0.06332047681558141
vn 0.6083717738888568 -0.7691830670598806 -0.19555355809517022
vn 0.6068891505482846 -0.7692127151901055 0.1999933942325277
vn 0.8150268371071269 0.4018004581094733 -0.4174777199542154
vn 0.8158152046087954 0.4017545157603638 0.41597939972463194
vn 0.6812366412608675 -0.5408654718964139 -0.49333678143219933
vn 0.6787056897143909 -0.5409948677495435 0.4966720646643687
vn 0.652825290545132 -0.7501323446579476 0.10545428167046636
vn 0.6533909158829562 -0.7503543380107376 -0.10024309687005552
vn 0.7695872274598236 0.30545915466641943 -0.5607407637769687
vn 0.7700728662334964 0.30541027075054183 0.5601003010274218
vn 0.652076767274889 -0.7564229993209313 0.05118726090207464
vn 0.6699675689041753 -0.740525211063589 -0.05259152399252325
vn 0.893494491704729 0.4260977814905812 -0.1418036455882308
vn 0.8938508799399741 0.4260603513264263 0.13965379142055562
vn 0.6266502312743863 -0.7115588159315053 -0.31779480661885023
vn 0.6245378139235046 -0.7116894548441425 0.32163743383396337
vn 0.8638550514968203 0.4172776640950155 -0.2821946155596049
vn 0.8644809984435743 0.4172257786824888 0.2803484491356993
vn 0.7822476050841698 0.25196979585761126 -0.5697366991124536
vn 0.782524035754059 0.25190940565413394 0.5693836885705114
vn 0.902979759457726 0.4237961934236618 -0.07088258212904947
vn 0.9020358503399163 0.4258138557917195 0.07080879124326986
vn 0.7433324250032939 -0.3965440593773102 -0.5387111609306853
vn 0.7409702282572812 -0.39671619105291017 0.54182966381772
vn 0.6313061442268851 -0.7688246082615131 0.10179034331857982
vn 0.6320739811613724 -0.7687927658478677 -0.09716051419583328
vn 0.823855537470269 0.3785688033821289 -0.42183849336611917
vn 0.8245259257825788 0.37850776164465005 0.42058158790790895
vn 0.626775987438001 -0.7526556325509188 -0.20164662248719914
vn 0.6252555710827459 -0.7527774107101584 0.2058680178038802
vn 0.7945866939655185 0.1843902203852295 -0.5784740550787337
vn 0.7946287488425848 0.18431504295469087 0.578440244496766
vn 0.79161086800065 -0.2089695512914054 -0.5741811215081234
vn 0.7895807176929398 -0.2091790239180527 0.57689377375752
vn 0.6384455470912631 -0.7680335757449759 -0.050116962475034776
vn 0.639330618377458 -0.7672924404900241 0.05018636440269553
vn 0.8044946185199973 0.1003870286847911 -0.5854151119028302
vn 0.8042738819017478 0.10029386766317071 0.5857342938567419
vn 0.8223163160597062 0.05295448066382372 -0.5665612935240265
vn 0.7882023031152823 -0.10883934841945277 -0.6057153833273459
vn 0.8185486876251286 -0.10881795583927212 0.564036079053585
vn 0.7917641750782819 0.05296455749842674 0.6085262908959673
vn 0.6829356003541784 -0.6430200692029204 -0.34658931947068006
vn 0.6808206618060395 -0.6432133965027832 0.35037087923704496
vn 0.8977528659748099 0.41686094436863724 -0.14236131740786584
vn 0.8980890483388174 0.416790001991712 0.14043559197591463
vn 0.8706597910884706 0.4014185815681171 -0.28427917713688
vn 0.8712171981652299 0.40134613218651205 0.2826691985343529
vn 0.8349047565737676 0.34688775039452546 -0.4273206478474018
vn 0.8354455640649868 0.3468077191130262 0.4263274744228387
vn 0.9077061575315489 0.41351247869660435 -0.07125280023620964
vn 0.9058246350984956 0.41764309839569197 0.07110536415154388
vn 0.6512283803955645 -0.7522275571033138 -0.10027611331593722
vn 0.6503394012198015 -0.7523956939875052 0.10468707126541629
vn 0.6692397368342606 -0.7111085321811969 -0.21550598623034384
vn 0.6676736165494943 -0.711316955191922 0.21963636087909535
vn 0.6524292047431851 -0.7561171758406224 -0.05121473613108136
vn 0.6634702443421451 -0.7463878044912977 0.05208147635421307
vn 0.7501356939272072 -0.5404964212913637 -0.3809987654410129
vn 0.7480624399703749 -0.5407698052566563 0.3846694732211633
vn 0.847764506658368 0.30526996774579396 -0.43371141101287164
vn 0.8481609299656576 0.3051678409436746 0.43300765089495474
vn 0.8800451930127263 0.3782082544121842 -0.2871915293835839
vn 0.8805271982619401 0.37810931577250567 0.28584121194646783
vn 0.9047866623824036 0.4010160834417437 -0.14334293284272862
vn 0.905097362728715 0.4009112738868924 0.1416647960924446
vn 0.25164713007237344 -0.9600644802291737 0.1222698479946074
vn 0.2525889148255481 -0.9595452509486602 -0.12438549549334486
vn 0.24107895388920592 -0.924458086829443 0.29539496219017075
vn 0.24848380646123805 -0.9462865122758328 -0.20687589180804547
vn 0.2215657377390605 -0.8462190506153742 -0.48458429837930206
vn 0.20558358233433074 -0.7933859073759024 0.57295217309292
vn 0.14935428854046126 -0.5670753735561311 0.8100116154727333
vn 0.17152901164053652 -0.6498841273287833 -0.7404244858266955
vn 0.10654151608558403 -0.3737698330877726 -0.9213821233471615
vn 0.08326248464987071 -0.2719284849867461 0.9587086406738717
vn 0.03971121513204783 -0.05489755403766345 -0.9977019985714262
vn 0.02027627336812478 0.053359537372655634 0.9983694869684655
vn -0.017869927116413928 0.2714682506475269 -0.9622814840758528
vn -0.030245530151459872 0.3750521092054948 0.926510185203793
vn -0.06319517702110423 0.6586614796845379 0.7497809178560405
vn -0.0589619521542641 0.572188573303794 -0.8179998317718208
vn -0.08038152605883674 0.8084715882119388 -0.5830201551597664
vn -0.07834939132131036 0.8655847313792073 0.4945952341892971
vn -0.08187866191763216 0.9737406330159214 0.21242660929443594
vn -0.08528413730486333 0.9493627358729081 -0.302385534806267
vn -0.08045343463521085 0.988487772419081 0.12813730383210375
vn -0.08348474075499566 0.9887408627808376 -0.12418455752820404
vn 0.9152039753640685 0.3965355168477011 -0.07184196097081309
vn 0.9124081610911422 0.40296602160702416 0.07162215442506242
vn 0.8616553459349476 0.2518194075979423 -0.44060986232578486
vn 0.8618896057567257 0.2516912309301114 0.44022475141841033
vn 0.695342475406437 -0.7106295358961796 -0.10725905373267534
vn 0.6943585158049694 -0.7109258821684347 0.11158244302825117
vn 0.7293162200334579 -0.6425197114088002 -0.23508779561529963
vn 0.7277178822023137 -0.6428320107605126 0.2391520224973557
vn 0.8184804167124289 -0.396188918389874 -0.4160819010763512
vn 0.8165487579819648 -0.3965538643757789 0.41951538528014326
vn 0.6932149277940906 -0.7186737310157282 -0.054416286453291544
vn 0.7113191697371763 -0.7006477304367931 0.05583723308138747
vn 0.8917949900080778 0.3465565732732757 -0.29086119940201227
vn 0.892192753467323 0.34642687343177975 0.2897939130221311
vn 0.875188440247184 0.18429502708746906 -0.4473036295946304
vn 0.875239571352747 0.18413324997887817 0.4472702080291906
vn 0.9144927395431763 0.3778292331171555 -0.14473458441201376
vn 0.9147741843891755 0.3776853664264944 0.14332465092370994
vn 0.8716196843926737 -0.2086983450855478 -0.4435359360162034
vn 0.8699852158166907 -0.20913942372535246 0.4465270716364391
vn 0.8860463047471591 0.10036112880917637 -0.4526031260034031
vn 0.8858864961332192 0.10016570810529588 0.45295910067971085
vn 0.9007564047324116 0.052908704098413646 -0.4310899771093806
vn 0.8730417152284439 -0.10876464218802112 -0.47536135316271605
vn 0.8966471408899922 -0.10872511876247101 0.4291884822358227
vn 0.8769924438056692 0.052927638212569635 0.4775802745308892
vn 0.9253557612899899 0.37207576715920887 -0.07263840953868243
vn 0.9216958625320403 0.3811062525631615 0.07235164993683323
vn 0.8010133545766014 -0.5399647259406508 -0.2584873314686384
vn 0.7994316783310255 -0.5404067197240174 0.2624301220476931
vn 0.757722512877934 -0.6419827588070124 -0.11710990936930349
vn 0.7566703779718917 -0.6424328653592332 0.1213670161378274
vn 0.905471415611376 0.30497931442586224 -0.29514256433639274
vn 0.905774043401055 0.304812468060761 0.29438536243436253
vn 0.9266483386867957 0.34620937506608285 -0.146498890867316
vn 0.9268949110075514 0.34601963971952965 0.14538305567249005
vn 0.7533239626519225 -0.6549855929558828 -0.059134425799489916
vn 0.7766239331799756 -0.6270077492705919 0.06096350356312683
vn 0.9202435431831598 0.2515850318221843 -0.2997612266333561
vn 0.9204354064226803 0.2513769512937935 0.2993464397011484
vn 0.9379066436927662 0.338985047817467 -0.0736224495188784
vn 0.9334882836376548 0.3510415958358378 0.07327634205017058
vn 0.8739043688550516 -0.39568237003162016 -0.2823590199413044
vn 0.8724357489228338 -0.3962754000902436 0.28604487634770076
vn 0.8321330039865967 -0.5393908531223792 -0.12888821220016433
vn 0.8310653815982106 -0.5400331209009672 0.13302090000816358
vn 0.940799189468366 0.3046741512729563 -0.14856159208143044
vn 0.9410025775514833 0.30443082372913666 0.14777016818378555
vn 0.9346312153146598 0.18413676645924307 -0.30423369734034444
vn 0.934694623463475 0.1838716878664668 0.30419921641846726
vn 0.9305652706801391 -0.20832534731938604 -0.3010794358109779
vn 0.9293581403334499 -0.20904456370064692 0.30429232225469927
vn 0.8267763042971238 -0.5587744283902717 -0.06490054568272148
vn 0.8526500634715851 -0.518177623225779 0.06693145785043418
vn 0.9461647201636214 0.10030485992716634 -0.30775194133049405
vn 0.9460735783722344 0.09998623448228004 0.3081355825282276
vn 0.9523435668328523 0.2957247920838668 -0.07475679272838258
vn 0.9473764590810241 0.3113640208131007 0.07436592850358123
vn 0.9573432610500777 0.05284798917172992 -0.28407916249261816
vn 0.9368387858751787 -0.10864672661847267 -0.3324589870570685
vn 0.9529965469027883 -0.10859484769796432 0.28285109270571596
vn 0.941079436261566 0.05287148901167274 0.3340270951514291
vn 0.9560804996047962 0.25134371869349603 -0.15078598525316655
vn 0.9562304691271891 0.2510339975618371 0.15035033083076152
vn 0.9077483113663962 -0.3951323065805453 -0.1409378001381963
vn 0.9067623186772421 -0.39599895779185135 0.14479959549266444
vn -0.20887551130073445 0.9706483163578397 -0.11921772825611052
vn -0.1408423502622527 0.9823048582290727 0.12345281638004937
vn 0.9677075146911825 0.24035732238868343 -0.07596396240558603
vn 0.9625769663594039 0.26026161091826105 0.07556108599377519
vn -0.16559690701025287 0.9565954816128315 -0.2397973080469266
vn -0.17394104700007088 0.9502696727434677 0.25832549473976013
vn 0.9709615342080276 0.18397621987788748 -0.15292628815163298
vn 0.9710409425116578 0.18359093783778763 0.1528851055855764
vn 0.9037441369718279 -0.4221537342403189 -0.07094194496910974
vn 0.9273877538353223 -0.3669501023530013 0.07279818967115452
vn -0.14391047894616646 0.8431563852668605 -0.5180512368802979
vn -0.15298226588376662 0.8306168272153557 0.5354176992514951
vn 0.9665074450163853 -0.20790590716940596 -0.15046093344109385
vn 0.9657499777264725 -0.20896632734275605 0.15381825170700017
vn -0.09758282967130114 0.6322955401598338 -0.768557051393926
vn -0.1066565981897658 0.6146620375842583 0.7815465114856279
vn 0.9828802896883033 0.10026036211461734 -0.1545774754965384
vn 0.9828663519892348 0.0997841196135804 0.15497375132684996
vn 0.9823168772820153 0.17060956753331188 -0.0771098442029701
vn 0.9776829181348335 0.19556620080608986 0.07674615749096853
vn 0.9876620307700239 -0.02497161940657345 -0.15459667266615273
vn 0.9857073774717063 -0.10846264857966283 0.12890624446059898
vn 0.9819876704527958 0.052807650845803564 0.18141545438809584
vn -0.02603376499365732 0.34399112611741 -0.9386119263213797
vn -0.034679561040486744 0.32364791358086886 0.9455418320099801
vn 0.9672748072252884 -0.2421035138119491 -0.07592980908173504
vn 0.9817169780813817 -0.1740487235925024 0.0770637188473312
vn 0.9933908098488811 0.08422451039354074 -0.07798032288181689
vn 0.9903256380633553 0.11494228575679066 0.07773931784761698
vn 0.06356432590316786 0.017667839732305127 -0.9978213386732465
vn 0.05557029084120283 -0.003456729774019686 0.9984487937771739
vn 0.9970097976936839 -0.06628025097684812 -0.039728977248925636
vn 0.995552055750523 0.052618613769259075 0.07814976504065187
vn 0.15991078310491735 -0.30637222271011777 -0.9383840379068871
vn 0.15258757428095268 -0.32684032232055554 0.9326802431060981
vn 0.24869796036791503 -0.588505954063534 -0.7692919254357272
vn 0.24171511379459745 -0.6063384357113902 0.7575800321697563
vn 0.30798518133247355 -0.8052491111543055 0.5066744487980468
vn 0.3151308990313236 -0.7922552464660096 -0.5225171202197993
vn 0.34398738333929396 -0.9094679578966953 0.23353953340409117
vn 0.35149096379497924 -0.9020968922472469 -0.25035035324188276
vn 0.31860548052454774 -0.9401830639756272 -0.120608266686508
vn 0.39431702994541873 -0.9115118113566405 0.11687727603071435
vn -0.4466282695320163 0.8874862887786202 -0.11353975552549096
vn -0.3641382636280406 0.9240143665914246 0.11662236189772636
vn -0.38577492297754323 0.8938761433020376 -0.22839253323422398
vn -0.3940313357415057 0.8856724478504473 0.24560867568626643
vn -0.32489611412728664 0.8033671027174745 -0.4990428972506473
vn -0.33245662281815463 0.7892754281067395 0.5162527409431068
vn -0.21018376287010562 0.6232086046817282 -0.7532820327582601
vn -0.21683178965320293 0.6033395796335147 0.7674407642570487
vn -0.04916226418696948 0.3595849688623556 -0.9318163563429596
vn -0.05516144281264283 0.3358073120905895 0.9403141306889528
vn 0.13383290589218105 0.049772173672426714 -0.9897532440100292
vn 0.12813367553132762 0.024664655873885784 0.99145015807425
vn -0.681808949957558 0.723818715887408 -0.1059387666950854
vn -0.6093085191332037 0.7854402819280416 0.10875059556848854
vn -0.6205904323067291 0.7540680915386334 -0.2150554083315047
vn -0.6266877888442207 0.744714314354156 0.22948421581790932
vn 0.3087629655104731 -0.2554122813981006 -0.9162041244396337
vn 0.30303539134653285 -0.27934449491444446 0.9111181069172359
vn -0.5287283583450958 0.7015413616408971 -0.4777928850336052
vn -0.5328593469573791 0.6876423633900709 0.49316214010350923
vn 0.44986441617053496 -0.5097072507710501 -0.7333624789795027
vn 0.4436625333242784 -0.5301176445568305 0.7225917515816255
vn -0.3497273267019433 0.5760314652340327 -0.7388359412063313
vn -0.35153791413576474 0.5567382420651267 0.752637777916647
vn 0.5426133909768139 -0.6841057824907196 -0.4874115163754379
vn 0.535601914370168 -0.6993406931921721 0.4733425653461807
vn 0.5881049300154068 -0.7752568155667177 -0.23045490059646334
vn 0.5804587758952064 -0.7851495941583637 0.21588822172410213
vn 0.5546667893120136 -0.8246486730981517 -0.11090229389764741
vn 0.6312000537072298 -0.7681078343534651 0.10768865773525187
vn -0.8415583318152485 0.5311168316637686 -0.09846057726712872
vn -0.7991803964730516 0.5927799936997753 0.09961211252890058
vn -0.0915054949227722 0.36404058474289175 -0.9268771207981089
vn -0.0916809398738486 0.3404140730306203 0.9357953110304364
vn -0.7963600830055324 0.5704892132550584 -0.20087975446780576
vn -0.7992308352168666 0.5625437849503097 0.21160000484955008
vn -0.6943791927972672 0.5579983735094969 -0.454395589515316
vn -0.694570599523177 0.547210736182186 0.46704613528533195
vn 0.19543459137466093 0.09689463903995425 -0.9759184133007924
vn 0.1954733918826872 0.07191230061283699 0.9780689004801484
vn -0.47981971632574927 0.4968469841210241 -0.7231293896633716
vn -0.4757878531516822 0.48183443825694416 0.7358406708676329
vn -0.8996010013844229 0.42639678472399184 0.0943600566192357
vn -0.9166495944178616 0.3877440605235357 -0.09699517813938136
vn -0.8867361584710896 0.41519262713298916 0.2032586225338088
vn -0.8860827559095065 0.4200306778321543 -0.19603973923588774
vn 0.44777770956244306 -0.16468005838091426 -0.8788490207030278
vn 0.44686604329392865 -0.18787965549271685 0.8746496295104496
vn -0.7836627661507016 0.4332063777999762 -0.44520209251805515
vn -0.7812315468047264 0.4270076144587286 0.45534796306929975
vn -0.14795863885876154 0.35383224884503406 -0.9235317974300228
vn -0.140158065882208 0.3346521461165288 0.9318603208999513
vn -0.9362807672740513 0.3374474909078192 0.09750649061847745
vn -0.9387238873142258 0.3282142635328441 -0.10522766080865431
vn 0.6295174100344384 -0.37301136418907976 -0.6815939793229796
vn 0.6271146654687236 -0.39238070957646165 0.672877830743682
vn -0.9139382015139064 0.34558424052312775 0.21281094077979024
vn -0.9143628929511124 0.34710965989250603 -0.20845955004120384
vn -0.5595777426947773 0.4176994214040814 -0.7158211670796787
vn -0.5509477941715064 0.4090187884265313 0.7274339549482439
vn 0.7373708166844908 -0.5104394780619798 -0.44242040859103793
vn 0.7334778648919149 -0.5251735892024877 0.43151236705078866
vn 0.2236863826130134 0.1453584583280631 -0.963761028899796
vn 0.2316258756058367 0.12507896770942464 0.9647303797365221
vn -0.8004344947433643 0.36871756249880855 0.47260128938659557
vn -0.8043716268511256 0.37063737478350106 -0.4643427853757051
vn -0.9352433514777031 0.33640229501648133 0.11024232138520067
vn -0.9260771129005926 0.3565848735092327 -0.1234034397661098
vn 0.7867166507083097 -0.5818003836133949 -0.20636187905135392
vn 0.7818044726144551 -0.5921479308927406 0.1953012916994658
vn -0.9021936358868016 0.35901509106739843 -0.239070717050878
vn -0.9009915616466206 0.36076264174554057 0.2409658111898086
vn 0.7662175575843884 -0.6348330470650944 -0.0994869680081878
vn 0.818246754482464 -0.5666093187471399 0.09708825205871292
vn -0.20133811894447334 0.332978121274136 -0.9211886520212068
vn -0.18634456900178187 0.3210579752251822 0.9285458944757907
vn -0.5647453074232676 0.3683624909979778 0.7384929335946037
vn -0.5760963385878062 0.3713851342995716 -0.728138785319813
vn 0.5310540078175964 -0.06523642991668178 -0.8448229690252238
vn 0.5361914675244169 -0.0831428722291426 0.839991650524873
vn -0.7677804115917353 0.379096502631187 0.5165259734697065
vn -0.7729482129882028 0.37748147707925994 -0.5099596008512872
vn -0.8934496614604924 0.449157014270344 -0.0023830585140652886
vn 0.20502482689344273 0.1792019445592336 -0.9622117664129364
vn 0.22021426848710043 0.1662753898885079 0.9611754109797628
vn -0.8478385566052333 0.4502649837675309 -0.2800557557458511
vn -0.8453129410735017 0.45541732963203396 0.2793583496595256
vn -0.2332953885415426 0.3125771119363969 -0.9207979207072265
vn -0.21461805093327108 0.30751448429873585 0.927024236015481
vn 0.7345834372296576 -0.23099504344683647 -0.6379878240616006
vn 0.7365681658020437 -0.24512260150101067 0.6303826198114838
vn -0.5411529745586348 0.3665134727943917 -0.7568496101515388
vn -0.5286981131311486 0.36725918061323326 0.7652444050281321
vn -0.6979507997783451 0.4414334023172067 -0.5639159799184837
vn -0.6916475248915479 0.4460623842128923 0.5680246919824046
vn 0.847900384061294 -0.33991205174958117 -0.40684731261752294
vn 0.8475448467300207 -0.3503676735955624 0.3986354551223702
vn 0.5401869184208553 0.008052558094866557 -0.8415065356104543
vn 0.5503954117616006 -0.0026633385826854835 0.8348998726430445
vn 0.15004927111673574 0.19038995709239173 -0.9701736341891041
vn 0.16935563649254204 0.18456496528085783 0.9681190226305244
vn -0.23848768168902204 0.30088111180364213 -0.9233602667661198
vn -0.22002424479524277 0.3002866254262994 0.9281256780697151
vn -0.7994551031145768 0.5823117670230711 0.1475958810080078
vn -0.74571920148027 0.646725616337593 -0.16015258260917606
vn 0.898183035616749 -0.39754905168569976 -0.1876752142241562
vn 0.8964184010749052 -0.4049730338408203 0.18008579087777102
vn 0.8935793627835446 -0.43981344213781987 -0.08988914574205886
vn 0.917077835697076 -0.3883638828124467 0.09023157872943864
vn -0.7301818931077713 0.6115186178138341 0.3047611901876765
vn -0.7352639718189626 0.6033982499079172 -0.30870284053287605
vn -0.4750020007537333 0.39330956355297814 -0.7871979970107369
vn -0.46312555085424334 0.3965236986630316 0.7926434763148832
vn 0.7613098809862258 -0.13483159861582328 -0.6342142422931232
vn 0.7663830565869783 -0.1423077641741629 0.6264227892024293
vn 0.4852308522334019 0.03861670995782005 -0.8735329242523604
vn 0.49909935925416044 0.034514075655356365 0.8658571522911519
vn -0.5821905949889663 0.5527027015987804 0.5963001213749691
vn -0.5894111394828804 0.5449768088392472 -0.5963176892235237
vn 0.10503776356152818 0.18031542123874705 0.9779843644401918
vn 0.08563366632440787 0.18110938366920945 -0.9797276490631461
vn 0.8846731004863652 -0.23309037126266416 -0.40376030525607015
vn 0.8864245380367741 -0.23790844510811307 0.3970530318641724
vn -0.223453405335518 0.2972272775669312 -0.928291183365495
vn -0.20778028403406384 0.29941655800031886 0.9312234309562691
vn 0.9398368823554314 -0.2900794782649786 0.18044536805898018
vn 0.9398124668040504 -0.2869944693551901 -0.18543651689788182
vn 0.73495410419507 -0.10447074790396467 0.6700211396360628
vn 0.7274354197684945 -0.10307503754118426 -0.6783901876517067
vn 0.9521497322521608 -0.29145231301007807 0.09201324151019713
vn 0.9457545054172336 -0.3128693762265622 -0.08752810350170784
vn -0.6905547268576194 0.7063468430326466 0.15559018784104706
vn -0.6940485086717676 0.6988971509479187 -0.17274096215830595
vn -0.558110239792565 0.8283594633754907 -0.048306931955513006
vn 0.39146794171541494 0.02557436903367 -0.9198362910092349
vn 0.4070975634155764 0.02648290839051386 0.9130006732879665
vn -0.38808959161061735 0.4472156264090701 0.8058440620734556
vn -0.3982490164503849 0.44077315160069147 -0.8044356715886578
vn -0.6331631225719098 0.6808110966879162 0.36824001797955863
vn -0.6698123497535526 0.6916914588105496 -0.27002655781637164
vn -0.511434064748278 0.7948206145695196 -0.3266425999014599
vn -0.5391911255659527 0.8100007134999346 0.23059005668180424
vn 0.8764169407766156 -0.20842843070587821 0.4341093585644556
vn 0.8732017718517758 -0.2090310960138667 -0.4402552288549913
vn 0.034739989700626105 0.15450498526800285 -0.9873810524022296
vn 0.05130673940899614 0.15713132564141039 0.9862440696873115
vn -0.5219838058922893 0.8529420209643396 0.0047765321593002796
vn 0.9423066591567223 -0.26842894521961636 0.20001015343522133
vn 0.9412080863920285 -0.2697923999220993 -0.20332092625829204
vn -0.4927241073564433 0.82994824278856 -0.26155089050121344
vn -0.48904708637240246 0.8289589272559627 0.27140383975417043
vn 0.6454463852203743 -0.13636352800364443 -0.751534398438522
vn 0.6554283252253057 -0.1327754237470981 0.7434947191077615
vn 0.9509513352663426 -0.29140433189116305 0.10380305058246085
vn 0.9552521516235765 -0.28023936503333385 -0.09465318327579647
vn -0.4401051289674556 0.8979196148127491 0.006916703771564956
vn -0.4879857365166028 0.5860390347657697 0.6468602404593697
vn -0.5453019258857744 0.6118934302699205 -0.5729155606350516
vn -0.408826542881006 0.6984461123867274 -0.5873958511326345
vn -0.4531108218004246 0.7301705245457413 0.5114113689115066
vn -0.18576484690471265 0.30004076281353687 0.9356639152520202
vn -0.1978748108119426 0.29393056686236485 -0.9351205168907945
vn -0.4156502955075442 0.8814101149265766 -0.22439037668672446
vn -0.41119072607861207 0.879846172049288 0.23831261048706365
vn 0.29238581648852724 -0.02917206654173646 -0.9558553890887583
vn 0.3073197944462354 -0.024472822600859135 0.9512915561989765
vn -0.32564202013803195 0.9413418738648338 -0.08850283175732297
vn -0.3602807739465711 0.9277676786225775 0.09718486727743915
vn 0.8243658354596822 -0.2642653992386043 0.5005844265377433
vn 0.8190468085497032 -0.2697886191379527 -0.5063362779696735
vn -0.4043473213306589 0.7519575136429443 -0.5206372455065448
vn -0.3996584362859529 0.7480179004512041 0.5298512573449644
vn 0.6366437574754564 -0.7685170264134695 -0.06376759506309364
vn -0.32696302277591877 0.9287403166829138 -0.17474726293980933
vn -0.3215486475433734 0.927110861486181 0.19254069122494247
vn -0.21873607728578287 0.9757155482994793 0.011562754873928507
vn 0.6094035319151258 -0.7380209766705589 0.28974535938234586
vn 0.5712111835365675 -0.7106610131771646 -0.4107051352890049
vn 0.9089363081974517 -0.3441596761301777 0.23534847559811883
vn 0.9061502800904431 -0.34988143850552533 -0.2376439540180138
vn 0.9118916760375356 -0.3915505942092047 0.12305162879000345
vn 0.9313511359051595 -0.34704110853677334 -0.11021583658320823
vn 0.6942890594869306 -0.6890219165320962 -0.20787376076645753
vn 0.6567215967532953 -0.7299116461209636 0.18959360014195442
vn -0.20955066520383467 0.9725485661802469 -0.10118203957904912
vn -0.2027228445564888 0.9714589239199832 0.12317064354444984
vn 0.04947094660198971 0.9984086899493027 0.027068677027514584
vn -0.05108943572582708 0.9986802424111956 0.005257658673972088
vn -0.3420022285077093 0.825568540413723 -0.4488552782077043
vn -0.3362999306843673 0.8209332035594565 0.46148784590203207
vn -0.31703036114652294 0.44311329403291383 0.8385358422647213
vn -0.37718572713154 0.48425259867869835 -0.7894493954150441
vn -0.27862791723065383 0.5446752694762746 -0.7910090609851795
vn -0.32695212774517707 0.5926720519249156 0.7360992766128844
vn 0.631011473855202 -0.6688995662946529 0.39293496926833943
vn 0.6340293343962315 -0.6695371908994491 -0.38694541362774454
vn 0.01885892382023498 0.10747410820001765 0.994029002121645
vn 0.006039405553274408 0.10003960026563101 -0.994965127006598
vn 0.3564851119403911 0.9260060464195495 -0.1242222482459637
vn 0.5805302803519332 0.790349956314655 0.19578442263859655
vn 0.5310903050906159 -0.2330819393261974 -0.8146262317153158
vn 0.5428761823425744 -0.22556178728754223 0.8089544676684847
vn 0.7859227922181287 -0.5698359592281627 0.24002571579432902
vn 0.845184839036143 -0.4645719081456775 -0.26426412928230164
vn 0.9480183741344747 -0.09849218287034772 0.3025895771781659
vn 0.9288128705114317 0.21587115801736007 -0.3011748573645525
vn 0.49127562702653665 -0.6129732150059637 0.618798914005944
vn 0.4346970711650476 -0.5645335725883499 -0.7016696528574995
vn -0.01674556758293101 0.9994690458297466 0.027950177003043378
vn -0.007126654059615234 0.9999742797339941 -0.0008066426681826121
vn -0.2703146101512207 0.8960730709970101 -0.35211228744930334
vn -0.2636644692023912 0.8916944477718344 0.36791583207726275
vn 0.7463200778971727 -0.44862557695441807 0.491672078757655
vn 0.7529463119773621 -0.4501075358894726 -0.4800781784409662
vn 0.37769892267679067 0.8777296909819112 0.29484591463608656
vn 0.3942284695299821 0.8805913333855375 -0.26295021844130334
vn 0.8110315349299777 0.14859979803754106 0.5658144124819783
vn 0.8277697614235405 0.14639900744948617 -0.5416313808215143
vn -0.28609810532234964 0.6242121029517683 -0.7269849549058719
vn -0.28064973758872797 0.6174348606711132 0.7348536708892601
vn 0.4789604931885294 -0.5052890195046424 0.7178299608769739
vn 0.48455814157445226 -0.5040424043958022 -0.7149438173764509
vn -0.17646298527158072 0.9615762690199791 -0.21031379813663872
vn -0.1687884946793487 0.9586004935531705 0.22933717061021172
vn 0.7123278352010116 -0.4124137354280433 -0.5678943264623518
vn 0.7208903885417752 -0.403064917621616 0.5637869454774279
vn 0.33412418251012926 -0.42635430160514276 0.8405849392921151
vn 0.27829381676358655 -0.3657192178400691 -0.8881452613472659
vn -0.02977455345929819 0.9992424300578985 0.025060764918200456
vn -0.020767234995669254 0.9997807989268119 -0.002660084190437581
vn 0.5189793564386332 -0.22504514713231166 0.8246302864573544
vn 0.5276912703187052 -0.2201859019693977 -0.8204023962686566
vn 0.23509218113084826 0.8814585326884036 -0.40958823411073086
vn 0.22389288720333977 0.8734612404333956 0.4323626215577692
vn 0.4816143814477498 0.3218562705907302 0.815141784393444
vn 0.49421580283132366 0.332441564429185 -0.8032641822412264
vn -0.24535548139130214 0.735653492522219 -0.6313593483041998
vn -0.23886908599589873 0.7283705636352789 0.6421976968076964
vn 0.22669708200793043 -0.13192411026026488 0.964989358563672
vn 0.21395287270134933 -0.14171576243154854 -0.9665096020947155
vn -0.20335072324279382 0.3191513086090709 -0.9256300154866145
vn -0.1331634034075302 0.32784371981771454 -0.9352999536881241
vn -0.15086307423695047 0.2829951998180652 0.9471821628977765
vn 0.8085882386486276 -0.5223759601413661 -0.27075527065136884
vn 0.814839335165749 -0.5133208210094079 0.26932989545326697
vn 0.3043448745619125 -0.2898255995661497 0.907400308113247
vn 0.3095599437132507 -0.28935142162984673 -0.9057860652764733
vn 0.8352660580776216 -0.5498458084378017 0.00044628113500987414
vn -0.19747649427810296 0.8446181240755611 -0.4976175827788949
vn -0.19014173577928176 0.8381921932576816 0.5111555218098689
vn 0.1760150382389272 -0.20616593834965477 0.962556134559515
vn 0.12376257955461968 -0.13152020180242194 -0.9835574515094868
vn -0.13432634953043468 0.944032958322401 -0.30126102539638866
vn -0.12622623024461846 0.9399436260155577 0.31713233627455584
vn 0.2981640521875663 0.016498965040683558 0.9543720354954228
vn 0.3046597096135965 0.021071394201080222 -0.9522281542175604
vn -0.15368147982191022 0.4443129432322581 -0.8825916446670203
vn -0.14743016194589786 0.43440755970163425 0.8885687477188682
vn -0.03972423720834725 0.9991995702123198 0.004712097805715902
vn -0.030920676864714197 0.9994442518652183 0.01245388115416352
vn 0.24082724922386875 0.47635291371315214 0.8456300240816044
vn 0.2492606741887337 0.4846248654615871 -0.8384556375141838
vn 0.1020773334558875 0.8864432516921875 0.45144056034423446
vn 0.1112977027428869 0.8927147248819899 -0.4366614722448377
vn 0.41987797141343236 -0.3917351261496019 0.8186855807098941
vn 0.40741597799861284 -0.4030402314784007 -0.8194942298035239
vn 0.14607217025093153 -0.05822495125177557 -0.9875589988096465
vn 0.14114492023615074 -0.05504883644213492 0.9884572510219639
vn -0.13736155593681312 0.6084544151281126 -0.7816105345130172
vn -0.12992445465625022 0.5981107728198052 0.7908116966251647
vn -0.02820285287169558 0.10897918587404229 -0.9936438678601747
vn 0.027923399906087866 0.03203167925524477 -0.9990967196732126
vn 0.023578416671866845 0.04410565614698399 0.998748591670142
vn -0.02655115624780927 0.13405041104142057 -0.9906187578486138
vn 0.02294332319333895 0.04200899126614312 0.9988537673621937
vn -0.11678885377219733 0.7729509163711279 -0.6236242815314442
vn -0.10846617062556038 0.7642479097522518 0.6357359689911694
vn 0.1225595230911423 0.2345417657752997 0.9643491708954158
vn 0.12806353305817908 0.23444500788445943 -0.96365723666598
vn 0.5602160095909345 -0.6085386450648058 0.5619953203192177
vn 0.5482970810058487 -0.6191183654004679 -0.5621945931653191
vn -0.08758997678230933 0.9199753599969691 -0.38206456648807624
vn -0.07864452456119185 0.9149874129082631 0.39574369606601145
vn 0.08243485563060875 0.5990173370245063 0.796481465271622
vn 0.08953558055917542 0.601516136058881 -0.7938272594681574
vn -0.04296491736419816 0.9987621275085461 -0.02506448743721635
vn -0.033747103896423596 0.998730929065155 0.03738534883154558
vn 0.028404748033528243 0.908853955938973 -0.4161461967424802
vn 0.0197061332549324 0.9056404853018724 0.4235882194942727
vn -0.00439504552461785 0.18974550473388918 -0.9818234703897224
vn 0.0026876380855563454 0.17619873000801184 0.984350945621065
vn -0.0029827202972443276 0.1851034996355023 -0.9827145047277557
vn -0.00790484689990506 0.19251797318544478 0.9812616080312414
vn -0.12174142932814999 0.316955232377359 0.9405947081786891
vn -0.16716756870753863 0.41226976405906746 -0.8955940183001957
vn 0.6283483104035457 -0.7319017531894433 0.2636251590634487
vn 0.6179130307631812 -0.7405704832950959 -0.2640811346634366
vn 0.5916661432112428 -0.7957744789741998 0.12912843835063562
vn 0.673438183254737 -0.7279654279344266 -0.12863649974562555
vn -0.0104798295897363 0.41724288411959887 -0.908734586567128
vn -0.0014652263455907093 0.40217118233865806 0.9155633201521794
vn -0.017292236189975288 0.43057893992174845 0.9023872533803952
vn -0.012116977230367846 0.42566040080426715 -0.9048018578948374
vn 0.15117909393112733 -0.15311116105751363 -0.9765765991041274
vn 0.19091565706825164 -0.32156206892113 -0.9274422072115115
vn 0.19873687322587194 -0.24773216703329434 0.9482259375472661
vn -0.019911320393158537 0.6633721429248762 -0.7480246916455755
vn -0.009415490623708013 0.6505463983491593 0.7594081459473895
vn -0.02939506028391553 0.699512936936759 0.714015112927601
vn -0.022891911848300816 0.697186064279152 -0.7165246347104024
vn -0.1378982402163102 0.4321096074466879 -0.8912156655364144
vn -0.14228486655824735 0.4415777485805856 0.8858691261732756
vn -0.24780239225686107 0.577768306602851 0.7776745837926369
vn -0.2816907548479592 0.6574740156502769 -0.6988406380412393
vn -0.01984298051625307 0.878599132957675 0.47714758690603626
vn -0.030915193741700868 0.8849948917306609 -0.46457323685996915
vn -0.02994604020502495 0.9252315949197452 -0.37821915662523453
vn -0.038462975783617376 0.924717057603362 0.3787069617411983
vn -0.038917881486421634 0.9975298592029922 -0.05847716220087444
vn -0.02857607237479623 0.9974088201122012 0.06602312965936365
vn 0.16080489659135697 -0.15191836338615292 -0.9752243824363274
vn 0.16770143191576356 -0.1676695989310633 0.9714747219190517
vn -0.13185571318523542 0.6069075547524714 0.7837584391155155
vn -0.12732368699023056 0.5995265190570421 -0.7901624084190286
vn -0.33640284030570416 0.7752317422687168 0.534648365576165
vn -0.3549435519535972 0.823934169375117 -0.44175508991148044
vn 0.3152034419486754 -0.6337274219444262 -0.7064250454643998
vn 0.3509369437256746 -0.5355090977324898 0.7681622665649604
vn 0.31965613806192184 -0.4398142064771163 -0.8392755311459057
vn -0.25330845615438696 0.662821833432692 0.7046290110161559
vn -0.250326208825793 0.6548310894795829 -0.7131150211753275
vn 0.14930410785221263 0.11663980919359691 -0.9818876912813075
vn 0.15994481672589564 0.0950305214107461 0.9825410198067669
vn -0.11559429269737567 0.7857133307846346 0.6076944308804457
vn -0.10985640560284897 0.7806885795877319 -0.6151885173256342
vn -0.381815589151007 0.8839839634278938 0.2697947521424045
vn -0.3882160844630725 0.9032258622017343 -0.1829516701593459
vn 0.11573458549282938 0.47195039826884744 -0.8739956105694576
vn 0.13046616523148788 0.45035085594890134 0.8832681847977328
vn -0.3946551557071573 0.9180425219844951 0.03801625839173325
vn -0.07551321241358469 0.9408771374730991 -0.3302241162171652
vn -0.08378184753991119 0.9423568419484852 0.3239508982171166
vn 0.050806937788868384 0.8279300158303582 -0.5585253297386438
vn 0.06679533968240767 0.8182173169559301 0.5710155907067257
vn -0.026600807990432015 0.9954609868684049 -0.09137735297784479
vn -0.014191822711110089 0.9955273803749123 0.09340142981775564
vn -0.2237431744131917 0.756500752973849 0.6145287647079734
vn -0.22041698508737015 0.7496878984180378 -0.6240067368631044
vn 0.30730137605026436 -0.5112204497754105 -0.8026328650192696
vn 0.31171266480383697 -0.5240316396835883 0.7926071253852193
vn -0.329496137534036 0.8215581267952035 0.46526824482969825
vn -0.32799312013241444 0.8170760946982188 -0.4741383433329463
vn 0.3787183248008813 -0.8218770357076474 -0.4255473753137534
vn 0.4476482484948803 -0.7439614868190177 0.4961172762054377
vn 0.4420070826076835 -0.6781489514507039 -0.5871488214847709
vn -0.3683956789719879 0.9045279220314658 0.21474138394870804
vn -0.36748088093629133 0.9031283649680741 -0.2220742185315087
vn -0.18495567949768552 0.859638381129575 0.4762491473068198
vn -0.18034136503407977 0.8542392556091837 -0.48759848875269557
vn 0.3254543799163845 -0.2925642758869292 -0.8991582680863245
vn 0.3344395310151927 -0.31620553145652186 0.887786157794002
vn -0.38188247215405624 0.9178800492731994 -0.10799070611740318
vn -0.3693574063343489 0.9232073956573835 0.10612827610714226
vn -0.28969378699409953 0.8658228879602197 0.40795616977960025
vn -0.287648956818335 0.8615653208674744 -0.41828611681461475
vn 0.4002633272662485 -0.9003841462491973 -0.17058035651521003
vn 0.48834180948473555 -0.8459455547777777 0.21423910814996433
vn 0.5013942568741754 -0.8136851811324427 -0.2941432052233355
vn -0.12206398164155988 0.958503435362269 0.2576267625549361
vn -0.11431789211995558 0.9560041121711317 -0.2701620940345563
vn 0.31520714129045185 0.12069001358372343 -0.9413173634331099
vn 0.33421844518794774 0.08415439807587065 0.9387310947127717
vn 0.39162815152857056 -0.7621742939696305 -0.5154781630119846
vn 0.3928526003191083 -0.768972452078885 0.504329458158357
vn -0.003688370394948024 0.9930261155717445 -0.11783687757371185
vn 0.01211053704982567 0.9936132164144136 0.11218783828458695
vn 0.19089020235166856 0.7207815395888888 -0.6663594396675192
vn 0.21833881103276753 0.7015802549741524 0.6783165259870946
vn 0.4673154661448724 -0.8796418527778109 0.08858027965309588
vn 0.513135448617702 -0.8501659090195403 -0.11794040237716917
vn -0.3266898779284626 0.9258359006717861 0.19000423333796765
vn -0.32528309116032855 0.9243551948579625 -0.19939504593715343
vn -0.237988254047565 0.9169779080964481 0.3201766809098588
vn -0.23460338892641538 0.9131130343091944 -0.3334454025457495
vn -0.326870559927679 0.9404050549503798 0.09377616795507573
vn -0.34257396713386945 0.9343376533169817 -0.09826610115537468
vn 0.44455484608280793 -0.6514736365203362 -0.6147788950047487
vn 0.447818082895684 -0.666470633140647 0.5960502158314678
vn 0.4210173953708279 -0.8771315422183631 -0.23105109919842384
vn 0.4203146958649276 -0.8797277931768456 0.222293873852094
vn -0.14726678374963226 0.9699278581332141 -0.19378453091295664
vn -0.15414501698686175 0.9722010620826639 0.17625098190779098
vn 0.5222866310930508 -0.37000702559080667 -0.7683173016371005
vn 0.5338995392931761 -0.40784587681667667 0.7406841585359919
vn 0.42516040610112954 -0.9051125184952661 -0.0031556215044102236
vn -0.2707934553691217 0.9508149745436029 0.15040541450659062
vn -0.2682552671829615 0.9493482680094595 -0.16363672465567605
vn 0.032105526265404874 0.9915910344226163 -0.12536528879999895
vn 0.052523463949096946 0.9927762023208982 0.10787352705869543
vn 0.45393202349652884 0.4912207255201918 -0.7434029303572612
vn 0.503547701228335 0.44318188929652597 0.7416397545892622
vn -0.26684682905903323 0.9608831313677726 0.0741375591316765
vn -0.29016730838397353 0.9534652809898764 -0.08189561094525338
vn 0.4836300381647743 -0.8295603701578216 -0.2791622797735346
vn 0.4827114655540971 -0.8354257313429108 0.26278030449936407
vn -0.17631250993899086 0.9809413896122471 0.08165714288785053
vn -0.17052024772827187 0.980069910977772 -0.10191081743716444
vn 0.487161489964477 -0.8732901273387361 -0.006167348561982941
vn 0.6065734593907929 -0.7025320500443344 -0.3721792001485186
vn 0.6052744901535244 -0.7201466236144407 0.3391631348866088
vn -0.20328797118842867 0.9776628356709802 -0.05337958896310796
vn -0.15559178670734808 0.9870911896154366 0.03797603576990611
vn 0.07472141446310444 0.9928349621271224 -0.09324938712221191
vn 0.09826864884862258 0.9933749703881368 0.059577184054251206
vn 0.8253021863635467 0.0704688143975927 -0.5602771165958389
vn 0.865951516487423 -0.013702660165894458 0.4999402046220231
vn 0.6115503291262977 -0.7911033865872961 -0.012713248036124026
vn 0.21788027241002955 0.9729318969006769 -0.07701760115572244
vn 0.02282393698142784 0.9995719875467846 0.018300535851128227
vn 0.9772838635084776 -0.20838532934425666 -0.03862388690990301
f 2909/1/2909 2921/1/2921 2939/1/2939
f 2939/1/2939 2931/1/2931 2909/1/2909
f 2869/1/2869 2877/1/2877 2921/1/2921
f 2921/1/2921 2909/1/2909 2869/1/2869
f 2819/1/2819 2827/1/2827 2877/1/2877
f 2877/1/2877 2869/1/2869 2819/1/2819
f 2737/1/2737 2747/1/2747 2827/1/2827
f 2827/1/2827 2819/1/2819 2737/1/2737
f 2669/1/2669 2673/1/2673 2747/1/2747
f 2747/1/2747 2737/1/2737 2669/1/2669
f 2567/1/2567 2575/1/2575 2673/1/2673
f 2673/1/2673 2669/1/2669 2567/1/2567
f 2476/1/2476 2480/1/2480 2575/1/2575
f 2575/1/2575 2567/1/2567 2476/1/2476
f 2358/1/2358 2362/1/2362 2480/1/2480
f 2480/1/2480 2476/1/2476 2358/1/2358
f 2158/1/2158 2162/1/2162 2362/1/2362
f 2362/1/2362 2358/1/2358 2158/1/2158
f 1715/1/1715 1812/1/1812 2162/1/2162
f 2162/1/2162 2158/1/2158 1715/1/1715
f 2901/1/2901 2909/1/2909 2931/1/2931
f 2931/1/2931 2917/1/2917 2901/1/2901
f 2863/1/2863 2869/1/2869 2909/1/2909
f 2909/1/2909 2901/1/2901 2863/1/2863
f 2813/1/2813 2819/1/2819 2869/1/2869
f 2869/1/2869 2863/1/2863 2813/1/2813
f 2729/1/2729 2737/1/2737 2819/1/2819
f 2819/1/2819 2813/1/2813 2729/1/2729
f 2663/1/2663 2669/1/2669 2737/1/2737
f 2737/1/2737 2729/1/2729 2663/1/2663
f 2561/1/2561 2567/1/2567 2669/1/2669
f 2669/1/2669 2663/1/2663 2561/1/2561
f 2468/1/2468 2476/1/2476 2567/1/2567
f 2567/1/2567 2561/1/2561 2468/1/2468
f 2350/1/2350 2358/1/2358 2476/1/2476
f 2476/1/2476 2468/1/2468 2350/1/2350
f 2152/1/2152 2158/1/2158 2358/1/2358
f 2358/1/2358 2350/1/2350 2152/1/2152
f 1717/1/1717 1715/1/1715 2158/1/2158
f 2158/1/2158 2152/1/2152 1717/1/1717
f 2903/1/2903 2901/1/2901 2917/1/2917
f 2917/1/2917 2923/1/2923 2903/1/2903
f 2865/1/2865 2863/1/2863 2901/1/2901
f 2901/1/2901 2903/1/2903 2865/1/2865
f 2815/1/2815 2813/1/2813 2863/1/2863
f 2863/1/2863 2865/1/2865 2815/1/2815
f 2733/1/2733 2729/1/2729 2813/1/2813
f 2813/1/2813 2815/1/2815 2733/1/2733
f 2665/1/2665 2663/1/2663 2729/1/2729
f 2729/1/2729 2733/1/2733 2665/1/2665
f 2564/1/2564 2561/1/2561 2663/1/2663
f 2663/1/2663 2665/1/2665 2564/1/2564
f 2473/1/2473 2468/1/2468 2561/1/2561
f 2561/1/2561 2564/1/2564 2473/1/2473
f 2354/1/2354 2350/1/2350 2468/1/2468
f 2468/1/2468 2473/1/2473 2354/1/2354
f 2155/1/2155 2152/1/2152 2350/1/2350
f 2350/1/2350 2354/1/2354 2155/1/2155
f 1927/1/1927 1717/1/1717 2152/1/2152
f 2152/1/2152 2155/1/2155 1927/1/1927
f 2911/1/2911 2903/1/2903 2923/1/2923
f 2923/1/2923 2935/1/2935 2911/1/2911
f 2875/1/2875 2865/1/2865 2903/1/2903
f 2903/1/2903 2911/1/2911 2875/1/2875
f 2823/1/2823 2815/1/2815 2865/1/2865
f 2865/1/2865 2875/1/2875 2823/1/2823
f 2741/1/2741 2733/1/2733 2815/1/2815
f 2815/1/2815 2823/1/2823 2741/1/2741
f 2671/1/2671 2665/1/2665 2733/1/2733
f 2733/1/2733 2741/1/2741 2671/1/2671
f 2571/1/2571 2564/1/2564 2665/1/2665
f 2665/1/2665 2671/1/2671 2571/1/2571
f 2478/1/2478 2473/1/2473 2564/1/2564
f 2564/1/2564 2571/1/2571 2478/1/2478
f 2360/1/2360 2354/1/2354 2473/1/2473
f 2473/1/2473 2478/1/2478 2360/1/2360
f 2160/1/2160 2155/1/2155 2354/1/2354
f 2354/1/2354 2360/1/2360 2160/1/2160
f 1718/1/1718 1927/1/1927 2155/1/2155
f 2155/1/2155 2160/1/2160 1718/1/1718
f 2929/1/2929 2911/1/2911 2935/1/2935
f 2935/1/2935 2947/1/2947 2929/1/2929
f 2881/1/2881 2875/1/2875 2911/1/2911
f 2911/1/2911 2929/1/2929 2881/1/2881
f 2829/1/2829 2823/1/2823 2875/1/2875
f 2875/1/2875 2881/1/2881 2829/1/2829
f 2751/1/2751 2741/1/2741 2823/1/2823
f 2823/1/2823 2829/1/2829 2751/1/2751
f 2677/1/2677 2671/1/2671 2741/1/2741
f 2741/1/2741 2751/1/2751 2677/1/2677
f 2577/1/2577 2571/1/2571 2671/1/2671
f 2671/1/2671 2677/1/2677 2577/1/2577
f 2482/1/2482 2478/1/2478 2571/1/2571
f 2571/1/2571 2577/1/2577 2482/1/2482
f 2364/1/2364 2360/1/2360 2478/1/2478
f 2478/1/2478 2482/1/2482 2364/1/2364
f 2164/1/2164 2160/1/2160 2360/1/2360
f 2360/1/2360 2364/1/2364 2164/1/2164
f 1842/1/1842 1718/1/1718 2160/1/2160
f 2160/1/2160 2164/1/2164 1842/1/1842
f 2945/1/2945 2929/1/2929 2947/1/2947
f 2947/1/2947 2959/1/2959 2945/1/2945
f 2897/1/2897 2881/1/2881 2929/1/2929
f 2929/1/2929 2945/1/2945 2897/1/2897
f 2835/1/2835 2829/1/2829 2881/1/2881
f 2881/1/2881 2897/1/2897 2835/1/2835
f 2761/1/2761 2751/1/2751 2829/1/2829
f 2829/1/2829 2835/1/2835 2761/1/2761
f 2679/1/2679 2677/1/2677 2751/1/2751
f 2751/1/2751 2761/1/2761 2679/1/2679
f 2579/1/2579 2577/1/2577 2677/1/2677
f 2677/1/2677 2679/1/2679 2579/1/2579
f 2486/1/2486 2482/1/2482 2577/1/2577
f 2577/1/2577 2579/1/2579 2486/1/2486
f 2368/1/2368 2364/1/2364 2482/1/2482
f 2482/1/2482 2486/1/2486 2368/1/2368
f 2172/1/2172 2164/1/2164 2364/1/2364
f 2364/1/2364 2368/1/2368 2172/1/2172
f 1725/1/1725 1842/1/1842 2164/1/2164
f 2164/1/2164 2172/1/2172 1725/1/1725
f 2965/1/2965 2945/1/2945 2959/1/2959
f 2959/1/2959 2981/1/2981 2965/1/2965
f 2907/1/2907 2897/1/2897 2945/1/2945
f 2945/1/2945 2965/1/2965 2907/1/2907
f 2845/1/2845 2835/1/2835 2897/1/2897
f 2897/1/2897 2907/1/2907 2845/1/2845
f 2769/1/2769 2761/1/2761 2835/1/2835
f 2835/1/2835 2845/1/2845 2769/1/2769
f 2685/1/2685 2679/1/2679 2761/1/2761
f 2761/1/2761 2769/1/2769 2685/1/2685
f 2587/1/2587 2579/1/2579 2679/1/2679
f 2679/1/2679 2685/1/2685 2587/1/2587
f 2491/1/2491 2486/1/2486 2579/1/2579
f 2579/1/2579 2587/1/2587 2491/1/2491
f 2370/1/2370 2368/1/2368 2486/1/2486
f 2486/1/2486 2491/1/2491 2370/1/2370
f 2174/1/2174 2172/1/2172 2368/1/2368
f 2368/1/2368 2370/1/2370 2174/1/2174
f 1834/1/1834 1725/1/1725 2172/1/2172
f 2172/1/2172 2174/1/2174 1834/1/1834
f 2982/1/2982 2965/1/2965 2981/1/2981
f 2981/1/2981 2988/1/2988 2982/1/2982
f 2933/1/2933 2907/1/2907 2965/1/2965
f 2965/1/2965 2982/1/2982 2933/1/2933
f 2855/1/2855 2845/1/2845 2907/1/2907
f 2907/1/2907 2933/1/2933 2855/1/2855
f 2779/1/2779 2769/1/2769 2845/1/2845
f 2845/1/2845 2855/1/2855 2779/1/2779
f 2691/1/2691 2685/1/2685 2769/1/2769
f 2769/1/2769 2779/1/2779 2691/1/2691
f 2595/1/2595 2587/1/2587 2685/1/2685
f 2685/1/2685 2691/1/2691 2595/1/2595
f 2500/1/2500 2491/1/2491 2587/1/2587
f 2587/1/2587 2595/1/2595 2500/1/2500
f 2374/1/2374 2370/1/2370 2491/1/2491
f 2491/1/2491 2500/1/2500 2374/1/2374
f 2178/1/2178 2174/1/2174 2370/1/2370
f 2370/1/2370 2374/1/2374 2178/1/2178
f 1716/1/1716 1834/1/1834 2174/1/2174
f 2174/1/2174 2178/1/2178 1716/1/1716
f 2990/1/2990 2982/1/2982 2988/1/2988
f 2988/1/2988 3002/1/3002 2990/1/2990
f 2949/1/2949 2933/1/2933 2982/1/2982
f 2982/1/2982 2990/1/2990 2949/1/2949
f 2871/1/2871 2855/1/2855 2933/1/2933
f 2933/1/2933 2949/1/2949 2871/1/2871
f 2791/1/2791 2779/1/2779 2855/1/2855
f 2855/1/2855 2871/1/2871 2791/1/2791
f 2699/1/2699 2691/1/2691 2779/1/2779
f 2779/1/2779 2791/1/2791 2699/1/2699
f 2601/1/2601 2595/1/2595 2691/1/2691
f 2691/1/2691 2699/1/2699 2601/1/2601
f 2506/1/2506 2500/1/2500 2595/1/2595
f 2595/1/2595 2601/1/2601 2506/1/2506
f 2378/1/2378 2374/1/2374 2500/1/2500
f 2500/1/2500 2506/1/2506 2378/1/2378
f 2180/1/2180 2178/1/2178 2374/1/2374
f 2374/1/2374 2378/1/2378 2180/1/2180
f 1714/1/1714 1716/1/1716 2178/1/2178
f 2178/1/2178 2180/1/2180 1714/1/1714
f 3008/1/3008 2990/1/2990 3002/1/3002
f 3002/1/3002 3024/1/3024 3008/1/3008
f 2973/1/2973 2949/1/2949 2990/1/2990
f 2990/1/2990 3008/1/3008 2973/1/2973
f 2889/1/2889 2871/1/2871 2949/1/2949
f 2949/1/2949 2973/1/2973 2889/1/2889
f 2805/1/2805 2791/1/2791 2871/1/2871
f 2871/1/2871 2889/1/2889 2805/1/2805
f 2711/1/2711 2699/1/2699 2791/1/2791
f 2791/1/2791 2805/1/2805 2711/1/2711
f 2611/1/2611 2601/1/2601 2699/1/2699
f 2699/1/2699 2711/1/2711 2611/1/2611
f 2521/1/2521 2506/1/2506 2601/1/2601
f 2601/1/2601 2611/1/2611 2521/1/2521
f 2387/1/2387 2378/1/2378 2506/1/2506
f 2506/1/2506 2521/1/2521 2387/1/2387
f 2191/1/2191 2180/1/2180 2378/1/2378
f 2378/1/2378 2387/1/2387 2191/1/2191
f 1810/1/1810 1714/1/1714 2180/1/2180
f 2180/1/2180 2191/1/2191 1810/1/1810
f 1464/1/1464 1460/1/1460 1813/1/1813
f 1813/1/1813 1821/1/1821 1464/1/1464
f 1264/1/1264 1260/1/1260 1460/1/1460
f 1460/1/1460 1464/1/1464 1264/1/1264
f 1146/1/1146 1142/1/1142 1260/1/1260
f 1260/1/1260 1264/1/1264 1146/1/1146
f 1055/1/1055 1047/1/1047 1142/1/1142
f 1142/1/1142 1146/1/1146 1055/1/1055
f 953/1/953 949/1/949 1047/1/1047
f 1047/1/1047 1055/1/1055 953/1/953
f 885/1/885 875/1/875 949/1/949
f 949/1/949 953/1/953 885/1/885
f 803/1/803 795/1/795 875/1/875
f 875/1/875 885/1/885 803/1/803
f 753/1/753 745/1/745 795/1/795
f 795/1/795 803/1/803 753/1/753
f 713/1/713 701/1/701 745/1/745
f 745/1/745 753/1/753 713/1/713
f 691/1/691 683/1/683 701/1/701
f 701/1/701 713/1/713 691/1/691
f 1470/1/1470 1464/1/1464 1821/1/1821
f 1821/1/1821 1829/1/1829 1470/1/1470
f 1272/1/1272 1264/1/1264 1464/1/1464
f 1464/1/1464 1470/1/1470 1272/1/1272
f 1154/1/1154 1146/1/1146 1264/1/1264
f 1264/1/1264 1272/1/1272 1154/1/1154
f 1061/1/1061 1055/1/1055 1146/1/1146
f 1146/1/1146 1154/1/1154 1061/1/1061
f 959/1/959 953/1/953 1055/1/1055
f 1055/1/1055 1061/1/1061 959/1/959
f 893/1/893 885/1/885 953/1/953
f 953/1/953 959/1/959 893/1/893
f 809/1/809 803/1/803 885/1/885
f 885/1/885 893/1/893 809/1/809
f 759/1/759 753/1/753 803/1/803
f 803/1/803 809/1/809 759/1/759
f 721/1/721 713/1/713 753/1/753
f 753/1/753 759/1/759 721/1/721
f 705/1/705 691/1/691 713/1/713
f 713/1/713 721/1/721 705/1/705
f 1469/1/1469 1470/1/1470 1829/1/1829
f 1829/1/1829 1835/1/1835 1469/1/1469
f 1268/1/1268 1272/1/1272 1470/1/1470
f 1470/1/1470 1469/1/1469 1268/1/1268
f 1151/1/1151 1154/1/1154 1272/1/1272
f 1272/1/1272 1268/1/1268 1151/1/1151
f 1060/1/1060 1061/1/1061 1154/1/1154
f 1154/1/1154 1151/1/1151 1060/1/1060
f 957/1/957 959/1/959 1061/1/1061
f 1061/1/1061 1060/1/1060 957/1/957
f 889/1/889 893/1/893 959/1/959
f 959/1/959 957/1/957 889/1/889
f 807/1/807 809/1/809 893/1/893
f 893/1/893 889/1/889 807/1/807
f 757/1/757 759/1/759 809/1/809
f 809/1/809 807/1/807 757/1/757
f 719/1/719 721/1/721 759/1/759
f 759/1/759 757/1/757 719/1/719
f 699/1/699 705/1/705 721/1/721
f 721/1/721 719/1/719 699/1/699
f 1462/1/1462 1469/1/1469 1835/1/1835
f 1835/1/1835 1839/1/1839 1462/1/1462
f 1262/1/1262 1268/1/1268 1469/1/1469
f 1469/1/1469 1462/1/1462 1262/1/1262
f 1144/1/1144 1151/1/1151 1268/1/1268
f 1268/1/1268 1262/1/1262 1144/1/1144
f 1051/1/1051 1060/1/1060 1151/1/1151
f 1151/1/1151 1144/1/1144 1051/1/1051
f 951/1/951 957/1/957 1060/1/1060
f 1060/1/1060 1051/1/1051 951/1/951
f 881/1/881 889/1/889 957/1/957
f 957/1/957 951/1/951 881/1/881
f 799/1/799 807/1/807 889/1/889
f 889/1/889 881/1/881 799/1/799
f 747/1/747 757/1/757 807/1/807
f 807/1/807 799/1/799 747/1/747
f 711/1/711 719/1/719 757/1/757
f 757/1/757 747/1/747 711/1/711
f 687/1/687 699/1/699 719/1/719
f 719/1/719 711/1/711 687/1/687
f 1458/1/1458 1462/1/1462 1839/1/1839
f 1839/1/1839 1843/1/1843 1458/1/1458
f 1258/1/1258 1262/1/1262 1462/1/1462
f 1462/1/1462 1458/1/1458 1258/1/1258
f 1140/1/1140 1144/1/1144 1262/1/1262
f 1262/1/1262 1258/1/1258 1140/1/1140
f 1045/1/1045 1051/1/1051 1144/1/1144
f 1144/1/1144 1140/1/1140 1045/1/1045
f 945/1/945 951/1/951 1051/1/1051
f 1051/1/1051 1045/1/1045 945/1/945
f 871/1/871 881/1/881 951/1/951
f 951/1/951 945/1/945 871/1/871
f 793/1/793 799/1/799 881/1/881
f 881/1/881 871/1/871 793/1/793
f 741/1/741 747/1/747 799/1/799
f 799/1/799 793/1/793 741/1/741
f 693/1/693 711/1/711 747/1/747
f 747/1/747 741/1/741 693/1/693
f 675/1/675 687/1/687 711/1/711
f 711/1/711 693/1/693 675/1/675
f 1450/1/1450 1458/1/1458 1843/1/1843
f 1843/1/1843 1838/1/1838 1450/1/1450
f 1254/1/1254 1258/1/1258 1458/1/1458
f 1458/1/1458 1450/1/1450 1254/1/1254
f 1136/1/1136 1140/1/1140 1258/1/1258
f 1258/1/1258 1254/1/1254 1136/1/1136
f 1043/1/1043 1045/1/1045 1140/1/1140
f 1140/1/1140 1136/1/1136 1043/1/1043
f 943/1/943 945/1/945 1045/1/1045
f 1045/1/1045 1043/1/1043 943/1/943
f 861/1/861 871/1/871 945/1/945
f 945/1/945 943/1/943 861/1/861
f 787/1/787 793/1/793 871/1/871
f 871/1/871 861/1/861 787/1/787
f 725/1/725 741/1/741 793/1/793
f 793/1/793 787/1/787 725/1/725
f 677/1/677 693/1/693 741/1/741
f 741/1/741 725/1/725 677/1/677
f 663/1/663 675/1/675 693/1/693
f 693/1/693 677/1/677 663/1/663
f 1448/1/1448 1450/1/1450 1838/1/1838
f 1838/1/1838 1834/1/1834 1448/1/1448
f 1252/1/1252 1254/1/1254 1450/1/1450
f 1450/1/1450 1448/1/1448 1252/1/1252
f 1133/1/1133 1136/1/1136 1254/1/1254
f 1254/1/1254 1252/1/1252 1133/1/1133
f 1035/1/1035 1043/1/1043 1136/1/1136
f 1136/1/1136 1133/1/1133 1035/1/1035
f 937/1/937 943/1/943 1043/1/1043
f 1043/1/1043 1035/1/1035 937/1/937
f 853/1/853 861/1/861 943/1/943
f 943/1/943 937/1/937 853/1/853
f 777/1/777 787/1/787 861/1/861
f 861/1/861 853/1/853 777/1/777
f 715/1/715 725/1/725 787/1/787
f 787/1/787 777/1/777 715/1/715
f 657/1/657 677/1/677 725/1/725
f 725/1/725 715/1/715 657/1/657
f 642/1/642 663/1/663 677/1/677
f 677/1/677 657/1/657 642/1/642
f 1444/1/1444 1448/1/1448 1834/1/1834
f 1834/1/1834 1828/1/1828 1444/1/1444
f 1248/1/1248 1252/1/1252 1448/1/1448
f 1448/1/1448 1444/1/1444 1248/1/1248
f 1122/1/1122 1133/1/1133 1252/1/1252
f 1252/1/1252 1248/1/1248 1122/1/1122
f 1027/1/1027 1035/1/1035 1133/1/1133
f 1133/1/1133 1122/1/1122 1027/1/1027
f 931/1/931 937/1/937 1035/1/1035
f 1035/1/1035 1027/1/1027 931/1/931
f 843/1/843 853/1/853 937/1/937
f 937/1/937 931/1/931 843/1/843
f 767/1/767 777/1/777 853/1/853
f 853/1/853 843/1/843 767/1/767
f 689/1/689 715/1/715 777/1/777
f 777/1/777 767/1/767 689/1/689
f 640/1/640 657/1/657 715/1/715
f 715/1/715 689/1/689 640/1/640
f 634/1/634 642/1/642 657/1/657
f 657/1/657 640/1/640 634/1/634
f 1442/1/1442 1444/1/1444 1828/1/1828
f 1828/1/1828 1820/1/1820 1442/1/1442
f 1244/1/1244 1248/1/1248 1444/1/1444
f 1444/1/1444 1442/1/1442 1244/1/1244
f 1116/1/1116 1122/1/1122 1248/1/1248
f 1248/1/1248 1244/1/1244 1116/1/1116
f 1021/1/1021 1027/1/1027 1122/1/1122
f 1122/1/1122 1116/1/1116 1021/1/1021
f 923/1/923 931/1/931 1027/1/1027
f 1027/1/1027 1021/1/1021 923/1/923
f 831/1/831 843/1/843 931/1/931
f 931/1/931 923/1/923 831/1/831
f 751/1/751 767/1/767 843/1/843
f 843/1/843 831/1/831 751/1/751
f 673/1/673 689/1/689 767/1/767
f 767/1/767 751/1/751 673/1/673
f 632/1/632 640/1/640 689/1/689
f 689/1/689 673/1/673 632/1/632
f 620/1/620 634/1/634 640/1/640
f 640/1/640 632/1/632 620/1/620
f 1429/1/1429 1442/1/1442 1820/1/1820
f 1820/1/1820 1811/1/1811 1429/1/1429
f 1233/1/1233 1244/1/1244 1442/1/1442
f 1442/1/1442 1429/1/1429 1233/1/1233
f 1106/1/1106 1116/1/1116 1244/1/1244
f 1244/1/1244 1233/1/1233 1106/1/1106
f 1011/1/1011 1021/1/1021 1116/1/1116
f 1116/1/1116 1106/1/1106 1011/1/1011
f 911/1/911 923/1/923 1021/1/1021
f 1021/1/1021 1011/1/1011 911/1/911
f 817/1/817 831/1/831 923/1/923
f 923/1/923 911/1/911 817/1/817
f 733/1/733 751/1/751 831/1/831
f 831/1/831 817/1/817 733/1/733
f 649/1/649 673/1/673 751/1/751
f 751/1/751 733/1/733 649/1/649
f 614/1/614 632/1/632 673/1/673
f 673/1/673 649/1/649 614/1/614
f 597/1/597 620/1/620 632/1/632
f 632/1/632 614/1/614 597/1/597
f 714/1/714 702/1/702 684/1/684
f 684/1/684 692/1/692 714/1/714
f 754/1/754 746/1/746 702/1/702
f 702/1/702 714/1/714 754/1/754
f 804/1/804 796/1/796 746/1/746
f 746/1/746 754/1/754 804/1/804
f 886/1/886 876/1/876 796/1/796
f 796/1/796 804/1/804 886/1/886
f 954/1/954 950/1/950 876/1/876
f 876/1/876 886/1/886 954/1/954
f 1056/1/1056 1048/1/1048 950/1/950
f 950/1/950 954/1/954 1056/1/1056
f 1147/1/1147 1143/1/1143 1048/1/1048
f 1048/1/1048 1056/1/1056 1147/1/1147
f 1265/1/1265 1261/1/1261 1143/1/1143
f 1143/1/1143 1147/1/1147 1265/1/1265
f 1465/1/1465 1461/1/1461 1261/1/1261
f 1261/1/1261 1265/1/1265 1465/1/1465
f 1915/1/1915 1817/1/1817 1461/1/1461
f 1461/1/1461 1465/1/1465 1915/1/1915
f 722/1/722 714/1/714 692/1/692
f 692/1/692 706/1/706 722/1/722
f 760/1/760 754/1/754 714/1/714
f 714/1/714 722/1/722 760/1/760
f 810/1/810 804/1/804 754/1/754
f 754/1/754 760/1/760 810/1/810
f 894/1/894 886/1/886 804/1/804
f 804/1/804 810/1/810 894/1/894
f 960/1/960 954/1/954 886/1/886
f 886/1/886 894/1/894 960/1/960
f 1062/1/1062 1056/1/1056 954/1/954
f 954/1/954 960/1/960 1062/1/1062
f 1155/1/1155 1147/1/1147 1056/1/1056
f 1056/1/1056 1062/1/1062 1155/1/1155
f 1273/1/1273 1265/1/1265 1147/1/1147
f 1147/1/1147 1155/1/1155 1273/1/1273
f 1471/1/1471 1465/1/1465 1265/1/1265
f 1265/1/1265 1273/1/1273 1471/1/1471
f 1917/1/1917 1915/1/1915 1465/1/1465
f 1465/1/1465 1471/1/1471 1917/1/1917
f 720/1/720 722/1/722 706/1/706
f 706/1/706 700/1/700 720/1/720
f 758/1/758 760/1/760 722/1/722
f 722/1/722 720/1/720 758/1/758
f 808/1/808 810/1/810 760/1/760
f 760/1/760 758/1/758 808/1/808
f 890/1/890 894/1/894 810/1/810
f 810/1/810 808/1/808 890/1/890
f 958/1/958 960/1/960 894/1/894
f 894/1/894 890/1/890 958/1/958
f 1059/1/1059 1062/1/1062 960/1/960
f 960/1/960 958/1/958 1059/1/1059
f 1150/1/1150 1155/1/1155 1062/1/1062
f 1062/1/1062 1059/1/1059 1150/1/1150
f 1269/1/1269 1273/1/1273 1155/1/1155
f 1155/1/1155 1150/1/1150 1269/1/1269
f 1468/1/1468 1471/1/1471 1273/1/1273
f 1273/1/1273 1269/1/1269 1468/1/1468
f 1697/1/1697 1917/1/1917 1471/1/1471
f 1471/1/1471 1468/1/1468 1697/1/1697
f 712/1/712 720/1/720 700/1/700
f 700/1/700 688/1/688 712/1/712
f 748/1/748 758/1/758 720/1/720
f 720/1/720 712/1/712 748/1/748
f 800/1/800 808/1/808 758/1/758
f 758/1/758 748/1/748 800/1/800
f 882/1/882 890/1/890 808/1/808
f 808/1/808 800/1/800 882/1/882
f 952/1/952 958/1/958 890/1/890
f 890/1/890 882/1/882 952/1/952
f 1052/1/1052 1059/1/1059 958/1/958
f 958/1/958 952/1/952 1052/1/1052
f 1145/1/1145 1150/1/1150 1059/1/1059
f 1059/1/1059 1052/1/1052 1145/1/1145
f 1263/1/1263 1269/1/1269 1150/1/1150
f 1150/1/1150 1145/1/1145 1263/1/1263
f 1463/1/1463 1468/1/1468 1269/1/1269
f 1269/1/1269 1263/1/1263 1463/1/1463
f 1919/1/1919 1697/1/1697 1468/1/1468
f 1468/1/1468 1463/1/1463 1919/1/1919
f 694/1/694 712/1/712 688/1/688
f 688/1/688 676/1/676 694/1/694
f 742/1/742 748/1/748 712/1/712
f 712/1/712 694/1/694 742/1/742
f 794/1/794 800/1/800 748/1/748
f 748/1/748 742/1/742 794/1/794
f 872/1/872 882/1/882 800/1/800
f 800/1/800 794/1/794 872/1/872
f 946/1/946 952/1/952 882/1/882
f 882/1/882 872/1/872 946/1/946
f 1046/1/1046 1052/1/1052 952/1/952
f 952/1/952 946/1/946 1046/1/1046
f 1141/1/1141 1145/1/1145 1052/1/1052
f 1052/1/1052 1046/1/1046 1141/1/1141
f 1259/1/1259 1263/1/1263 1145/1/1145
f 1145/1/1145 1141/1/1141 1259/1/1259
f 1459/1/1459 1463/1/1463 1263/1/1263
f 1263/1/1263 1259/1/1259 1459/1/1459
f 1845/1/1845 1919/1/1919 1463/1/1463
f 1463/1/1463 1459/1/1459 1845/1/1845
f 678/1/678 694/1/694 676/1/676
f 676/1/676 664/1/664 678/1/678
f 726/1/726 742/1/742 694/1/694
f 694/1/694 678/1/678 726/1/726
f 788/1/788 794/1/794 742/1/742
f 742/1/742 726/1/726 788/1/788
f 862/1/862 872/1/872 794/1/794
f 794/1/794 788/1/788 862/1/862
f 944/1/944 946/1/946 872/1/872
f 872/1/872 862/1/862 944/1/944
f 1044/1/1044 1046/1/1046 946/1/946
f 946/1/946 944/1/944 1044/1/1044
f 1137/1/1137 1141/1/1141 1046/1/1046
f 1046/1/1046 1044/1/1044 1137/1/1137
f 1255/1/1255 1259/1/1259 1141/1/1141
f 1141/1/1141 1137/1/1137 1255/1/1255
f 1451/1/1451 1459/1/1459 1259/1/1259
f 1259/1/1259 1255/1/1255 1451/1/1451
f 1898/1/1898 1845/1/1845 1459/1/1459
f 1459/1/1459 1451/1/1451 1898/1/1898
f 658/1/658 678/1/678 664/1/664
f 664/1/664 642/1/642 658/1/658
f 716/1/716 726/1/726 678/1/678
f 678/1/678 658/1/658 716/1/716
f 778/1/778 788/1/788 726/1/726
f 726/1/726 716/1/716 778/1/778
f 854/1/854 862/1/862 788/1/788
f 788/1/788 778/1/778 854/1/854
f 938/1/938 944/1/944 862/1/862
f 862/1/862 854/1/854 938/1/938
f 1036/1/1036 1044/1/1044 944/1/944
f 944/1/944 938/1/938 1036/1/1036
f 1132/1/1132 1137/1/1137 1044/1/1044
f 1044/1/1044 1036/1/1036 1132/1/1132
f 1253/1/1253 1255/1/1255 1137/1/1137
f 1137/1/1137 1132/1/1132 1253/1/1253
f 1449/1/1449 1451/1/1451 1255/1/1255
f 1255/1/1255 1253/1/1253 1449/1/1449
f 1837/1/1837 1898/1/1898 1451/1/1451
f 1451/1/1451 1449/1/1449 1837/1/1837
f 641/1/641 658/1/658 642/1/642
f 642/1/642 635/1/635 641/1/641
f 690/1/690 716/1/716 658/1/658
f 658/1/658 641/1/641 690/1/690
f 768/1/768 778/1/778 716/1/716
f 716/1/716 690/1/690 768/1/768
f 844/1/844 854/1/854 778/1/778
f 778/1/778 768/1/768 844/1/844
f 932/1/932 938/1/938 854/1/854
f 854/1/854 844/1/844 932/1/932
f 1028/1/1028 1036/1/1036 938/1/938
f 938/1/938 932/1/932 1028/1/1028
f 1123/1/1123 1132/1/1132 1036/1/1036
f 1036/1/1036 1028/1/1028 1123/1/1123
f 1249/1/1249 1253/1/1253 1132/1/1132
f 1132/1/1132 1123/1/1123 1249/1/1249
f 1445/1/1445 1449/1/1449 1253/1/1253
f 1253/1/1253 1249/1/1249 1445/1/1445
f 1918/1/1918 1837/1/1837 1449/1/1449
f 1449/1/1449 1445/1/1445 1918/1/1918
f 633/1/633 641/1/641 635/1/635
f 635/1/635 621/1/621 633/1/633
f 674/1/674 690/1/690 641/1/641
f 641/1/641 633/1/633 674/1/674
f 752/1/752 768/1/768 690/1/690
f 690/1/690 674/1/674 752/1/752
f 832/1/832 844/1/844 768/1/768
f 768/1/768 752/1/752 832/1/832
f 924/1/924 932/1/932 844/1/844
f 844/1/844 832/1/832 924/1/924
f 1022/1/1022 1028/1/1028 932/1/932
f 932/1/932 924/1/924 1022/1/1022
f 1117/1/1117 1123/1/1123 1028/1/1028
f 1028/1/1028 1022/1/1022 1117/1/1117
f 1245/1/1245 1249/1/1249 1123/1/1123
f 1123/1/1123 1117/1/1117 1245/1/1245
f 1443/1/1443 1445/1/1445 1249/1/1249
f 1249/1/1249 1245/1/1245 1443/1/1443
f 1916/1/1916 1918/1/1918 1445/1/1445
f 1445/1/1445 1443/1/1443 1916/1/1916
f 616/1/616 633/1/633 621/1/621
f 621/1/621 600/1/600 616/1/616
f 654/1/654 674/1/674 633/1/633
f 633/1/633 616/1/616 654/1/654
f 737/1/737 752/1/752 674/1/674
f 674/1/674 654/1/654 737/1/737
f 822/1/822 832/1/832 752/1/752
f 752/1/752 737/1/737 822/1/822
f 914/1/914 924/1/924 832/1/832
f 832/1/832 822/1/822 914/1/914
f 1014/1/1014 1022/1/1022 924/1/924
f 924/1/924 914/1/914 1014/1/1014
f 1104/1/1104 1117/1/1117 1022/1/1022
f 1022/1/1022 1014/1/1014 1104/1/1104
f 1237/1/1237 1245/1/1245 1117/1/1117
f 1117/1/1117 1104/1/1104 1237/1/1237
f 1433/1/1433 1443/1/1443 1245/1/1245
f 1245/1/1245 1237/1/1237 1433/1/1433
f 1819/1/1819 1916/1/1916 1443/1/1443
f 1443/1/1443 1433/1/1433 1819/1/1819
f 2159/1/2159 2163/1/2163 1816/1/1816
f 1816/1/1816 1822/1/1822 2159/1/2159
f 2359/1/2359 2363/1/2363 2163/1/2163
f 2163/1/2163 2159/1/2159 2359/1/2359
f 2477/1/2477 2481/1/2481 2363/1/2363
f 2363/1/2363 2359/1/2359 2477/1/2477
f 2568/1/2568 2576/1/2576 2481/1/2481
f 2481/1/2481 2477/1/2477 2568/1/2568
f 2670/1/2670 2674/1/2674 2576/1/2576
f 2576/1/2576 2568/1/2568 2670/1/2670
f 2738/1/2738 2748/1/2748 2674/1/2674
f 2674/1/2674 2670/1/2670 2738/1/2738
f 2820/1/2820 2828/1/2828 2748/1/2748
f 2748/1/2748 2738/1/2738 2820/1/2820
f 2870/1/2870 2878/1/2878 2828/1/2828
f 2828/1/2828 2820/1/2820 2870/1/2870
f 2910/1/2910 2922/1/2922 2878/1/2878
f 2878/1/2878 2870/1/2870 2910/1/2910
f 2932/1/2932 2940/1/2940 2922/1/2922
f 2922/1/2922 2910/1/2910 2932/1/2932
f 2153/1/2153 2159/1/2159 1822/1/1822
f 1822/1/1822 1830/1/1830 2153/1/2153
f 2351/1/2351 2359/1/2359 2159/1/2159
f 2159/1/2159 2153/1/2153 2351/1/2351
f 2469/1/2469 2477/1/2477 2359/1/2359
f 2359/1/2359 2351/1/2351 2469/1/2469
f 2562/1/2562 2568/1/2568 2477/1/2477
f 2477/1/2477 2469/1/2469 2562/1/2562
f 2664/1/2664 2670/1/2670 2568/1/2568
f 2568/1/2568 2562/1/2562 2664/1/2664
f 2730/1/2730 2738/1/2738 2670/1/2670
f 2670/1/2670 2664/1/2664 2730/1/2730
f 2814/1/2814 2820/1/2820 2738/1/2738
f 2738/1/2738 2730/1/2730 2814/1/2814
f 2864/1/2864 2870/1/2870 2820/1/2820
f 2820/1/2820 2814/1/2814 2864/1/2864
f 2902/1/2902 2910/1/2910 2870/1/2870
f 2870/1/2870 2864/1/2864 2902/1/2902
f 2918/1/2918 2932/1/2932 2910/1/2910
f 2910/1/2910 2902/1/2902 2918/1/2918
f 2154/1/2154 2153/1/2153 1830/1/1830
f 1830/1/1830 1836/1/1836 2154/1/2154
f 2355/1/2355 2351/1/2351 2153/1/2153
f 2153/1/2153 2154/1/2154 2355/1/2355
f 2472/1/2472 2469/1/2469 2351/1/2351
f 2351/1/2351 2355/1/2355 2472/1/2472
f 2563/1/2563 2562/1/2562 2469/1/2469
f 2469/1/2469 2472/1/2472 2563/1/2563
f 2666/1/2666 2664/1/2664 2562/1/2562
f 2562/1/2562 2563/1/2563 2666/1/2666
f 2734/1/2734 2730/1/2730 2664/1/2664
f 2664/1/2664 2666/1/2666 2734/1/2734
f 2816/1/2816 2814/1/2814 2730/1/2730
f 2730/1/2730 2734/1/2734 2816/1/2816
f 2866/1/2866 2864/1/2864 2814/1/2814
f 2814/1/2814 2816/1/2816 2866/1/2866
f 2904/1/2904 2902/1/2902 2864/1/2864
f 2864/1/2864 2866/1/2866 2904/1/2904
f 2924/1/2924 2918/1/2918 2902/1/2902
f 2902/1/2902 2904/1/2904 2924/1/2924
f 2161/1/2161 2154/1/2154 1836/1/1836
f 1836/1/1836 1840/1/1840 2161/1/2161
f 2361/1/2361 2355/1/2355 2154/1/2154
f 2154/1/2154 2161/1/2161 2361/1/2361
f 2479/1/2479 2472/1/2472 2355/1/2355
f 2355/1/2355 2361/1/2361 2479/1/2479
f 2572/1/2572 2563/1/2563 2472/1/2472
f 2472/1/2472 2479/1/2479 2572/1/2572
f 2672/1/2672 2666/1/2666 2563/1/2563
f 2563/1/2563 2572/1/2572 2672/1/2672
f 2742/1/2742 2734/1/2734 2666/1/2666
f 2666/1/2666 2672/1/2672 2742/1/2742
f 2824/1/2824 2816/1/2816 2734/1/2734
f 2734/1/2734 2742/1/2742 2824/1/2824
f 2876/1/2876 2866/1/2866 2816/1/2816
f 2816/1/2816 2824/1/2824 2876/1/2876
f 2912/1/2912 2904/1/2904 2866/1/2866
f 2866/1/2866 2876/1/2876 2912/1/2912
f 2936/1/2936 2924/1/2924 2904/1/2904
f 2904/1/2904 2912/1/2912 2936/1/2936
f 2165/1/2165 2161/1/2161 1840/1/1840
f 1840/1/1840 1844/1/1844 2165/1/2165
f 2365/1/2365 2361/1/2361 2161/1/2161
f 2161/1/2161 2165/1/2165 2365/1/2365
f 2483/1/2483 2479/1/2479 2361/1/2361
f 2361/1/2361 2365/1/2365 2483/1/2483
f 2578/1/2578 2572/1/2572 2479/1/2479
f 2479/1/2479 2483/1/2483 2578/1/2578
f 2678/1/2678 2672/1/2672 2572/1/2572
f 2572/1/2572 2578/1/2578 2678/1/2678
f 2752/1/2752 2742/1/2742 2672/1/2672
f 2672/1/2672 2678/1/2678 2752/1/2752
f 2830/1/2830 2824/1/2824 2742/1/2742
f 2742/1/2742 2752/1/2752 2830/1/2830
f 2882/1/2882 2876/1/2876 2824/1/2824
f 2824/1/2824 2830/1/2830 2882/1/2882
f 2930/1/2930 2912/1/2912 2876/1/2876
f 2876/1/2876 2882/1/2882 2930/1/2930
f 2948/1/2948 2936/1/2936 2912/1/2912
f 2912/1/2912 2930/1/2930 2948/1/2948
f 2173/1/2173 2165/1/2165 1844/1/1844
f 1844/1/1844 1841/1/1841 2173/1/2173
f 2369/1/2369 2365/1/2365 2165/1/2165
f 2165/1/2165 2173/1/2173 2369/1/2369
f 2487/1/2487 2483/1/2483 2365/1/2365
f 2365/1/2365 2369/1/2369 2487/1/2487
f 2580/1/2580 2578/1/2578 2483/1/2483
f 2483/1/2483 2487/1/2487 2580/1/2580
f 2680/1/2680 2678/1/2678 2578/1/2578
f 2578/1/2578 2580/1/2580 2680/1/2680
f 2762/1/2762 2752/1/2752 2678/1/2678
f 2678/1/2678 2680/1/2680 2762/1/2762
f 2836/1/2836 2830/1/2830 2752/1/2752
f 2752/1/2752 2762/1/2762 2836/1/2836
f 2898/1/2898 2882/1/2882 2830/1/2830
f 2830/1/2830 2836/1/2836 2898/1/2898
f 2946/1/2946 2930/1/2930 2882/1/2882
f 2882/1/2882 2898/1/2898 2946/1/2946
f 2960/1/2960 2948/1/2948 2930/1/2930
f 2930/1/2930 2946/1/2946 2960/1/2960
f 2175/1/2175 2173/1/2173 1841/1/1841
f 1841/1/1841 1837/1/1837 2175/1/2175
f 2371/1/2371 2369/1/2369 2173/1/2173
f 2173/1/2173 2175/1/2175 2371/1/2371
f 2490/1/2490 2487/1/2487 2369/1/2369
f 2369/1/2369 2371/1/2371 2490/1/2490
f 2588/1/2588 2580/1/2580 2487/1/2487
f 2487/1/2487 2490/1/2490 2588/1/2588
f 2686/1/2686 2680/1/2680 2580/1/2580
f 2580/1/2580 2588/1/2588 2686/1/2686
f 2770/1/2770 2762/1/2762 2680/1/2680
f 2680/1/2680 2686/1/2686 2770/1/2770
f 2846/1/2846 2836/1/2836 2762/1/2762
f 2762/1/2762 2770/1/2770 2846/1/2846
f 2908/1/2908 2898/1/2898 2836/1/2836
f 2836/1/2836 2846/1/2846 2908/1/2908
f 2966/1/2966 2946/1/2946 2898/1/2898
f 2898/1/2898 2908/1/2908 2966/1/2966
f 2981/1/2981 2960/1/2960 2946/1/2946
f 2946/1/2946 2966/1/2966 2981/1/2981
f 2179/1/2179 2175/1/2175 1837/1/1837
f 1837/1/1837 1831/1/1831 2179/1/2179
f 2375/1/2375 2371/1/2371 2175/1/2175
f 2175/1/2175 2179/1/2179 2375/1/2375
f 2501/1/2501 2490/1/2490 2371/1/2371
f 2371/1/2371 2375/1/2375 2501/1/2501
f 2596/1/2596 2588/1/2588 2490/1/2490
f 2490/1/2490 2501/1/2501 2596/1/2596
f 2692/1/2692 2686/1/2686 2588/1/2588
f 2588/1/2588 2596/1/2596 2692/1/2692
f 2780/1/2780 2770/1/2770 2686/1/2686
f 2686/1/2686 2692/1/2692 2780/1/2780
f 2856/1/2856 2846/1/2846 2770/1/2770
f 2770/1/2770 2780/1/2780 2856/1/2856
f 2934/1/2934 2908/1/2908 2846/1/2846
f 2846/1/2846 2856/1/2856 2934/1/2934
f 2983/1/2983 2966/1/2966 2908/1/2908
f 2908/1/2908 2934/1/2934 2983/1/2983
f 2989/1/2989 2981/1/2981 2966/1/2966
f 2966/1/2966 2983/1/2983 2989/1/2989
f 2181/1/2181 2179/1/2179 1831/1/1831
f 1831/1/1831 1823/1/1823 2181/1/2181
f 2379/1/2379 2375/1/2375 2179/1/2179
f 2179/1/2179 2181/1/2181 2379/1/2379
f 2507/1/2507 2501/1/2501 2375/1/2375
f 2375/1/2375 2379/1/2379 2507/1/2507
f 2602/1/2602 2596/1/2596 2501/1/2501
f 2501/1/2501 2507/1/2507 2602/1/2602
f 2700/1/2700 2692/1/2692 2596/1/2596
f 2596/1/2596 2602/1/2602 2700/1/2700
f 2792/1/2792 2780/1/2780 2692/1/2692
f 2692/1/2692 2700/1/2700 2792/1/2792
f 2872/1/2872 2856/1/2856 2780/1/2780
f 2780/1/2780 2792/1/2792 2872/1/2872
f 2950/1/2950 2934/1/2934 2856/1/2856
f 2856/1/2856 2872/1/2872 2950/1/2950
f 2991/1/2991 2983/1/2983 2934/1/2934
f 2934/1/2934 2950/1/2950 2991/1/2991
f 3003/1/3003 2989/1/2989 2983/1/2983
f 2983/1/2983 2991/1/2991 3003/1/3003
f 2194/1/2194 2181/1/2181 1823/1/1823
f 1823/1/1823 1818/1/1818 2194/1/2194
f 2391/1/2391 2379/1/2379 2181/1/2181
f 2181/1/2181 2194/1/2194 2391/1/2391
f 2518/1/2518 2507/1/2507 2379/1/2379
f 2379/1/2379 2391/1/2391 2518/1/2518
f 2614/1/2614 2602/1/2602 2507/1/2507
f 2507/1/2507 2518/1/2518 2614/1/2614
f 2712/1/2712 2700/1/2700 2602/1/2602
f 2602/1/2602 2614/1/2614 2712/1/2712
f 2806/1/2806 2792/1/2792 2700/1/2700
f 2700/1/2700 2712/1/2712 2806/1/2806
f 2890/1/2890 2872/1/2872 2792/1/2792
f 2792/1/2792 2806/1/2806 2890/1/2890
f 2974/1/2974 2950/1/2950 2872/1/2872
f 2872/1/2872 2890/1/2890 2974/1/2974
f 3009/1/3009 2991/1/2991 2950/1/2950
f 2950/1/2950 2974/1/2974 3009/1/3009
f 3025/1/3025 3003/1/3003 2991/1/2991
f 2991/1/2991 3009/1/3009 3025/1/3025
f 3040/1/3040 3008/1/3008 3024/1/3024
f 3024/1/3024 3048/1/3048 3040/1/3040
f 3018/1/3018 2973/1/2973 3008/1/3008
f 3008/1/3008 3040/1/3040 3018/1/3018
f 2943/1/2943 2889/1/2889 2973/1/2973
f 2973/1/2973 3018/1/3018 2943/1/2943
f 2841/1/2841 2805/1/2805 2889/1/2889
f 2889/1/2889 2943/1/2943 2841/1/2841
f 2731/1/2731 2711/1/2711 2805/1/2805
f 2805/1/2805 2841/1/2841 2731/1/2731
f 2645/1/2645 2611/1/2611 2711/1/2711
f 2711/1/2711 2731/1/2731 2645/1/2645
f 2529/1/2529 2521/1/2521 2611/1/2611
f 2611/1/2611 2645/1/2645 2529/1/2529
f 2402/1/2402 2387/1/2387 2521/1/2521
f 2521/1/2521 2529/1/2529 2402/1/2402
f 2208/1/2208 2191/1/2191 2387/1/2387
f 2387/1/2387 2402/1/2402 2208/1/2208
f 1806/1/1806 1810/1/1810 2191/1/2191
f 2191/1/2191 2208/1/2208 1806/1/1806
f 3072/1/3072 3040/1/3040 3048/1/3048
f 3048/1/3048 3078/1/3078 3072/1/3072
f 3044/1/3044 3018/1/3018 3040/1/3040
f 3040/1/3040 3072/1/3072 3044/1/3044
f 2994/1/2994 2943/1/2943 3018/1/3018
f 3018/1/3018 3044/1/3044 2994/1/2994
f 2883/1/2883 2841/1/2841 2943/1/2943
f 2943/1/2943 2994/1/2994 2883/1/2883
f 2773/1/2773 2731/1/2731 2841/1/2841
f 2841/1/2841 2883/1/2883 2773/1/2773
f 2659/1/2659 2645/1/2645 2731/1/2731
f 2731/1/2731 2773/1/2773 2659/1/2659
f 2539/1/2539 2529/1/2529 2645/1/2645
f 2645/1/2645 2659/1/2659 2539/1/2539
f 2410/1/2410 2402/1/2402 2529/1/2529
f 2529/1/2529 2539/1/2539 2410/1/2410
f 2222/1/2222 2208/1/2208 2402/1/2402
f 2402/1/2402 2410/1/2410 2222/1/2222
f 1694/1/1694 1806/1/1806 2208/1/2208
f 2208/1/2208 2222/1/2222 1694/1/1694
f 3092/1/3092 3072/1/3072 3078/1/3078
f 3078/1/3078 3116/1/3116 3092/1/3092
f 3074/1/3074 3044/1/3044 3072/1/3072
f 3072/1/3072 3092/1/3092 3074/1/3074
f 3030/1/3030 2994/1/2994 3044/1/3044
f 3044/1/3044 3074/1/3074 3030/1/3030
f 2937/1/2937 2883/1/2883 2994/1/2994
f 2994/1/2994 3030/1/3030 2937/1/2937
f 2810/1/2810 2773/1/2773 2883/1/2883
f 2883/1/2883 2937/1/2937 2810/1/2810
f 2683/1/2683 2659/1/2659 2773/1/2773
f 2773/1/2773 2810/1/2810 2683/1/2683
f 2554/1/2554 2539/1/2539 2659/1/2659
f 2659/1/2659 2683/1/2683 2554/1/2554
f 2420/1/2420 2410/1/2410 2539/1/2539
f 2539/1/2539 2554/1/2554 2420/1/2420
f 2238/1/2238 2222/1/2222 2410/1/2410
f 2410/1/2410 2420/1/2420 2238/1/2238
f 1930/1/1930 1694/1/1694 2222/1/2222
f 2222/1/2222 2238/1/2238 1930/1/1930
f 3132/1/3132 3092/1/3092 3116/1/3116
f 3116/1/3116 3142/1/3142 3132/1/3132
f 3090/1/3090 3074/1/3074 3092/1/3092
f 3092/1/3092 3132/1/3132 3090/1/3090
f 3054/1/3054 3030/1/3030 3074/1/3074
f 3074/1/3074 3090/1/3090 3054/1/3054
f 2984/1/2984 2937/1/2937 3030/1/3030
f 3030/1/3030 3054/1/3054 2984/1/2984
f 2837/1/2837 2810/1/2810 2937/1/2937
f 2937/1/2937 2984/1/2984 2837/1/2837
f 2705/1/2705 2683/1/2683 2810/1/2810
f 2810/1/2810 2837/1/2837 2705/1/2705
f 2574/1/2574 2554/1/2554 2683/1/2683
f 2683/1/2683 2705/1/2705 2574/1/2574
f 2430/1/2430 2420/1/2420 2554/1/2554
f 2554/1/2554 2574/1/2574 2430/1/2430
f 2247/1/2247 2238/1/2238 2420/1/2420
f 2420/1/2420 2430/1/2430 2247/1/2247
f 1913/1/1913 1930/1/1930 2238/1/2238
f 2238/1/2238 2247/1/2247 1913/1/1913
f 3150/1/3150 3132/1/3132 3142/1/3142
f 3142/1/3142 3156/1/3156 3150/1/3150
f 3128/1/3128 3090/1/3090 3132/1/3132
f 3132/1/3132 3150/1/3150 3128/1/3128
f 3076/1/3076 3054/1/3054 3090/1/3090
f 3090/1/3090 3128/1/3128 3076/1/3076
f 3014/1/3014 2984/1/2984 3054/1/3054
f 3054/1/3054 3076/1/3076 3014/1/3014
f 2861/1/2861 2837/1/2837 2984/1/2984
f 2984/1/2984 3014/1/3014 2861/1/2861
f 2723/1/2723 2705/1/2705 2837/1/2837
f 2837/1/2837 2861/1/2861 2723/1/2723
f 2585/1/2585 2574/1/2574 2705/1/2705
f 2705/1/2705 2723/1/2723 2585/1/2585
f 2438/1/2438 2430/1/2430 2574/1/2574
f 2574/1/2574 2585/1/2585 2438/1/2438
f 2253/1/2253 2247/1/2247 2430/1/2430
f 2430/1/2430 2438/1/2438 2253/1/2253
f 1711/1/1711 1913/1/1913 2247/1/2247
f 2247/1/2247 2253/1/2253 1711/1/1711
f 3162/1/3162 3150/1/3150 3156/1/3156
f 3156/1/3156 3172/1/3172 3162/1/3162
f 3148/1/3148 3128/1/3128 3150/1/3150
f 3150/1/3150 3162/1/3162 3148/1/3148
f 3088/1/3088 3076/1/3076 3128/1/3128
f 3128/1/3128 3148/1/3148 3088/1/3088
f 3036/1/3036 3014/1/3014 3076/1/3076
f 3076/1/3076 3088/1/3088 3036/1/3036
f 2893/1/2893 2861/1/2861 3014/1/3014
f 3014/1/3014 3036/1/3036 2893/1/2893
f 2743/1/2743 2723/1/2723 2861/1/2861
f 2861/1/2861 2893/1/2893 2743/1/2743
f 2599/1/2599 2585/1/2585 2723/1/2723
f 2723/1/2723 2743/1/2743 2599/1/2599
f 2450/1/2450 2438/1/2438 2585/1/2585
f 2585/1/2585 2599/1/2599 2450/1/2450
f 2267/1/2267 2253/1/2253 2438/1/2438
f 2438/1/2438 2450/1/2450 2267/1/2267
f 1794/1/1794 1711/1/1711 2253/1/2253
f 2253/1/2253 2267/1/2267 1794/1/1794
f 3178/1/3178 3162/1/3162 3172/1/3172
f 3172/1/3172 3184/1/3184 3178/1/3178
f 3154/1/3154 3148/1/3148 3162/1/3162
f 3162/1/3162 3178/1/3178 3154/1/3154
f 3118/1/3118 3088/1/3088 3148/1/3148
f 3148/1/3148 3154/1/3154 3118/1/3118
f 3046/1/3046 3036/1/3036 3088/1/3088
f 3088/1/3088 3118/1/3118 3046/1/3046
f 2915/1/2915 2893/1/2893 3036/1/3036
f 3036/1/3036 3046/1/3046 2915/1/2915
f 2763/1/2763 2743/1/2743 2893/1/2893
f 2893/1/2893 2915/1/2915 2763/1/2763
f 2615/1/2615 2599/1/2599 2743/1/2743
f 2743/1/2743 2763/1/2763 2615/1/2615
f 2452/1/2452 2450/1/2450 2599/1/2599
f 2599/1/2599 2615/1/2615 2452/1/2452
f 2277/1/2277 2267/1/2267 2450/1/2450
f 2450/1/2450 2452/1/2452 2277/1/2277
f 1710/1/1710 1794/1/1794 2267/1/2267
f 2267/1/2267 2277/1/2277 1710/1/1710
f 3188/1/3188 3178/1/3178 3184/1/3184
f 3184/1/3184 3200/1/3200 3188/1/3188
f 3164/1/3164 3154/1/3154 3178/1/3178
f 3178/1/3178 3188/1/3188 3164/1/3164
f 3130/1/3130 3118/1/3118 3154/1/3154
f 3154/1/3154 3164/1/3164 3130/1/3130
f 3058/1/3058 3046/1/3046 3118/1/3118
f 3118/1/3118 3130/1/3130 3058/1/3058
f 2941/1/2941 2915/1/2915 3046/1/3046
f 3046/1/3046 3058/1/3058 2941/1/2941
f 2775/1/2775 2763/1/2763 2915/1/2915
f 2915/1/2915 2941/1/2941 2775/1/2775
f 2627/1/2627 2615/1/2615 2763/1/2763
f 2763/1/2763 2775/1/2775 2627/1/2627
f 2458/1/2458 2452/1/2452 2615/1/2615
f 2615/1/2615 2627/1/2627 2458/1/2458
f 2287/1/2287 2277/1/2277 2452/1/2452
f 2452/1/2452 2458/1/2458 2287/1/2287
f 1910/1/1910 1710/1/1710 2277/1/2277
f 2277/1/2277 2287/1/2287 1910/1/1910
f 3198/1/3198 3188/1/3188 3200/1/3200
f 3200/1/3200 3209/1/3209 3198/1/3198
f 3170/1/3170 3164/1/3164 3188/1/3188
f 3188/1/3188 3198/1/3198 3170/1/3170
f 3136/1/3136 3130/1/3130 3164/1/3164
f 3164/1/3164 3170/1/3170 3136/1/3136
f 3064/1/3064 3058/1/3058 3130/1/3130
f 3130/1/3130 3136/1/3136 3064/1/3064
f 2955/1/2955 2941/1/2941 3058/1/3058
f 3058/1/3058 3064/1/3064 2955/1/2955
f 2781/1/2781 2775/1/2775 2941/1/2941
f 2941/1/2941 2955/1/2955 2781/1/2781
f 2636/1/2636 2627/1/2627 2775/1/2775
f 2775/1/2775 2781/1/2781 2636/1/2636
f 2462/1/2462 2458/1/2458 2627/1/2627
f 2627/1/2627 2636/1/2636 2462/1/2462
f 2295/1/2295 2287/1/2287 2458/1/2458
f 2458/1/2458 2462/1/2462 2295/1/2295
f 1909/1/1909 1910/1/1910 2287/1/2287
f 2287/1/2287 2295/1/2295 1909/1/1909
f 3202/1/3202 3198/1/3198 3209/1/3209
f 3209/1/3209 3213/1/3213 3202/1/3202
f 3174/1/3174 3170/1/3170 3198/1/3198
f 3198/1/3198 3202/1/3202 3174/1/3174
f 3138/1/3138 3136/1/3136 3170/1/3170
f 3170/1/3170 3174/1/3174 3138/1/3138
f 3066/1/3066 3064/1/3064 3136/1/3136
f 3136/1/3136 3138/1/3138 3066/1/3066
f 2961/1/2961 2955/1/2955 3064/1/3064
f 3064/1/3064 3066/1/3066 2961/1/2961
f 2783/1/2783 2781/1/2781 2955/1/2955
f 2955/1/2955 2961/1/2961 2783/1/2783
f 2642/1/2642 2636/1/2636 2781/1/2781
f 2781/1/2781 2783/1/2783 2642/1/2642
f 2464/1/2464 2462/1/2462 2636/1/2636
f 2636/1/2636 2642/1/2642 2464/1/2464
f 2297/1/2297 2295/1/2295 2462/1/2462
f 2462/1/2462 2464/1/2464 2297/1/2297
f 1784/1/1784 1909/1/1909 2295/1/2295
f 2295/1/2295 2297/1/2297 1784/1/1784
f 1414/1/1414 1429/1/1429 1811/1/1811
f 1811/1/1811 1807/1/1807 1414/1/1414
f 1220/1/1220 1233/1/1233 1429/1/1429
f 1429/1/1429 1414/1/1414 1220/1/1220
f 1093/1/1093 1106/1/1106 1233/1/1233
f 1233/1/1233 1220/1/1220 1093/1/1093
f 977/1/977 1011/1/1011 1106/1/1106
f 1106/1/1106 1093/1/1093 977/1/977
f 891/1/891 911/1/911 1011/1/1011
f 1011/1/1011 977/1/977 891/1/891
f 781/1/781 817/1/817 911/1/911
f 911/1/911 891/1/891 781/1/781
f 679/1/679 733/1/733 817/1/817
f 817/1/817 781/1/781 679/1/679
f 604/1/604 649/1/649 733/1/733
f 733/1/733 679/1/679 604/1/604
f 571/1/571 614/1/614 649/1/649
f 649/1/649 604/1/604 571/1/571
f 561/1/561 597/1/597 614/1/614
f 614/1/614 571/1/571 561/1/561
f 1400/1/1400 1414/1/1414 1807/1/1807
f 1807/1/1807 1804/1/1804 1400/1/1400
f 1212/1/1212 1220/1/1220 1414/1/1414
f 1414/1/1414 1400/1/1400 1212/1/1212
f 1083/1/1083 1093/1/1093 1220/1/1220
f 1220/1/1220 1212/1/1212 1083/1/1083
f 963/1/963 977/1/977 1093/1/1093
f 1093/1/1093 1083/1/1083 963/1/963
f 849/1/849 891/1/891 977/1/977
f 977/1/977 963/1/963 849/1/849
f 739/1/739 781/1/781 891/1/891
f 891/1/891 849/1/849 739/1/739
f 628/1/628 679/1/679 781/1/781
f 781/1/781 739/1/739 628/1/628
f 565/1/565 604/1/604 679/1/679
f 679/1/679 628/1/628 565/1/565
f 530/1/530 571/1/571 604/1/604
f 604/1/604 565/1/565 530/1/530
f 524/1/524 561/1/561 571/1/571
f 571/1/571 530/1/530 524/1/524
f 1386/1/1386 1400/1/1400 1804/1/1804
f 1804/1/1804 1802/1/1802 1386/1/1386
f 1202/1/1202 1212/1/1212 1400/1/1400
f 1400/1/1400 1386/1/1386 1202/1/1202
f 1070/1/1070 1083/1/1083 1212/1/1212
f 1212/1/1212 1202/1/1202 1070/1/1070
f 939/1/939 963/1/963 1083/1/1083
f 1083/1/1083 1070/1/1070 939/1/939
f 814/1/814 849/1/849 963/1/963
f 963/1/963 939/1/939 814/1/814
f 685/1/685 739/1/739 849/1/849
f 849/1/849 814/1/814 685/1/685
f 585/1/585 628/1/628 739/1/739
f 739/1/739 685/1/685 585/1/585
f 528/1/528 565/1/565 628/1/628
f 628/1/628 585/1/585 528/1/528
f 510/1/510 530/1/530 565/1/565
f 565/1/565 528/1/528 510/1/510
f 508/1/508 524/1/524 530/1/530
f 530/1/530 510/1/510 508/1/508
f 1375/1/1375 1386/1/1386 1802/1/1802
f 1802/1/1802 1800/1/1800 1375/1/1375
f 1192/1/1192 1202/1/1202 1386/1/1386
f 1386/1/1386 1375/1/1375 1192/1/1192
f 1050/1/1050 1070/1/1070 1202/1/1202
f 1202/1/1202 1192/1/1192 1050/1/1050
f 917/1/917 939/1/939 1070/1/1070
f 1070/1/1070 1050/1/1050 917/1/917
f 785/1/785 814/1/814 939/1/939
f 939/1/939 917/1/917 785/1/785
f 638/1/638 685/1/685 814/1/814
f 814/1/814 785/1/785 638/1/638
f 553/1/553 585/1/585 685/1/685
f 685/1/685 638/1/638 553/1/553
f 512/1/512 528/1/528 585/1/585
f 585/1/585 553/1/553 512/1/512
f 492/1/492 510/1/510 528/1/528
f 528/1/528 512/1/512 492/1/492
f 482/1/482 508/1/508 510/1/510
f 510/1/510 492/1/492 482/1/482
f 1369/1/1369 1375/1/1375 1800/1/1800
f 1800/1/1800 1798/1/1798 1369/1/1369
f 1184/1/1184 1192/1/1192 1375/1/1375
f 1375/1/1375 1369/1/1369 1184/1/1184
f 1037/1/1037 1050/1/1050 1192/1/1192
f 1192/1/1192 1184/1/1184 1037/1/1037
f 899/1/899 917/1/917 1050/1/1050
f 1050/1/1050 1037/1/1037 899/1/899
f 761/1/761 785/1/785 917/1/917
f 917/1/917 899/1/899 761/1/761
f 608/1/608 638/1/638 785/1/785
f 785/1/785 761/1/761 608/1/608
f 526/1/526 553/1/553 638/1/638
f 638/1/638 608/1/608 526/1/526
f 496/1/496 512/1/512 553/1/553
f 553/1/553 526/1/526 496/1/496
f 454/1/454 492/1/492 512/1/512
f 512/1/512 496/1/496 454/1/454
f 448/1/448 482/1/482 492/1/492
f 492/1/492 454/1/454 448/1/448
f 1355/1/1355 1369/1/1369 1798/1/1798
f 1798/1/1798 1795/1/1795 1355/1/1355
f 1172/1/1172 1184/1/1184 1369/1/1369
f 1369/1/1369 1355/1/1355 1172/1/1172
f 1023/1/1023 1037/1/1037 1184/1/1184
f 1184/1/1184 1172/1/1172 1023/1/1023
f 879/1/879 899/1/899 1037/1/1037
f 1037/1/1037 1023/1/1023 879/1/879
f 729/1/729 761/1/761 899/1/899
f 899/1/899 879/1/879 729/1/729
f 579/1/579 608/1/608 761/1/761
f 761/1/761 729/1/729 579/1/579
f 514/1/514 526/1/526 608/1/608
f 608/1/608 579/1/579 514/1/514
f 457/1/457 496/1/496 526/1/526
f 526/1/526 514/1/514 457/1/457
f 442/1/442 454/1/454 496/1/496
f 496/1/496 457/1/457 442/1/442
f 432/1/432 448/1/448 454/1/454
f 454/1/454 442/1/442 432/1/432
f 1345/1/1345 1355/1/1355 1795/1/1795
f 1795/1/1795 1792/1/1792 1345/1/1345
f 1170/1/1170 1172/1/1172 1355/1/1355
f 1355/1/1355 1345/1/1345 1170/1/1170
f 1007/1/1007 1023/1/1023 1172/1/1172
f 1172/1/1172 1170/1/1170 1007/1/1007
f 859/1/859 879/1/879 1023/1/1023
f 1023/1/1023 1007/1/1007 859/1/859
f 707/1/707 729/1/729 879/1/879
f 879/1/879 859/1/859 707/1/707
f 563/1/563 579/1/579 729/1/729
f 729/1/729 707/1/707 563/1/563
f 506/1/506 514/1/514 579/1/579
f 579/1/579 563/1/563 506/1/506
f 450/1/450 457/1/457 514/1/514
f 514/1/514 506/1/506 450/1/450
f 420/1/420 442/1/442 457/1/457
f 457/1/457 450/1/450 420/1/420
f 412/1/412 432/1/432 442/1/442
f 442/1/442 420/1/420 412/1/412
f 1335/1/1335 1345/1/1345 1792/1/1792
f 1792/1/1792 1790/1/1790 1335/1/1335
f 1164/1/1164 1170/1/1170 1345/1/1345
f 1345/1/1345 1335/1/1335 1164/1/1164
f 995/1/995 1007/1/1007 1170/1/1170
f 1170/1/1170 1164/1/1164 995/1/995
f 847/1/847 859/1/859 1007/1/1007
f 1007/1/1007 995/1/995 847/1/847
f 681/1/681 707/1/707 859/1/859
f 859/1/859 847/1/847 681/1/681
f 547/1/547 563/1/563 707/1/707
f 707/1/707 681/1/681 547/1/547
f 494/1/494 506/1/506 563/1/563
f 563/1/563 547/1/547 494/1/494
f 440/1/440 450/1/450 506/1/506
f 506/1/506 494/1/494 440/1/440
f 410/1/410 420/1/420 450/1/450
f 450/1/450 440/1/440 410/1/410
f 398/1/398 412/1/412 420/1/420
f 420/1/420 410/1/410 398/1/398
f 1327/1/1327 1335/1/1335 1790/1/1790
f 1790/1/1790 1788/1/1788 1327/1/1327
f 1160/1/1160 1164/1/1164 1335/1/1335
f 1335/1/1335 1327/1/1327 1160/1/1160
f 988/1/988 995/1/995 1164/1/1164
f 1164/1/1164 1160/1/1160 988/1/988
f 841/1/841 847/1/847 995/1/995
f 995/1/995 988/1/988 841/1/841
f 667/1/667 681/1/681 847/1/847
f 847/1/847 841/1/841 667/1/667
f 538/1/538 547/1/547 681/1/681
f 681/1/681 667/1/667 538/1/538
f 488/1/488 494/1/494 547/1/547
f 547/1/547 538/1/538 488/1/488
f 434/1/434 440/1/440 494/1/494
f 494/1/494 488/1/488 434/1/434
f 400/1/400 410/1/410 440/1/440
f 440/1/440 434/1/434 400/1/400
f 381/1/381 398/1/398 410/1/410
f 410/1/410 400/1/400 381/1/381
f 1324/1/1324 1327/1/1327 1788/1/1788
f 1788/1/1788 1785/1/1785 1324/1/1324
f 1156/1/1156 1160/1/1160 1327/1/1327
f 1327/1/1327 1324/1/1324 1156/1/1156
f 979/1/979 988/1/988 1160/1/1160
f 1160/1/1160 1156/1/1156 979/1/979
f 837/1/837 841/1/841 988/1/988
f 988/1/988 979/1/979 837/1/837
f 659/1/659 667/1/667 841/1/841
f 841/1/841 837/1/837 659/1/659
f 534/1/534 538/1/538 667/1/667
f 667/1/667 659/1/659 534/1/534
f 484/1/484 488/1/488 538/1/538
f 538/1/538 534/1/534 484/1/484
f 428/1/428 434/1/434 488/1/488
f 488/1/488 484/1/484 428/1/428
f 395/1/395 400/1/400 434/1/434
f 434/1/434 428/1/428 395/1/395
f 374/1/374 381/1/381 400/1/400
f 400/1/400 395/1/395 374/1/374
f 572/1/572 616/1/616 600/1/600
f 600/1/600 562/1/562 572/1/572
f 605/1/605 654/1/654 616/1/616
f 616/1/616 572/1/572 605/1/605
f 680/1/680 737/1/737 654/1/654
f 654/1/654 605/1/605 680/1/680
f 782/1/782 822/1/822 737/1/737
f 737/1/737 680/1/680 782/1/782
f 892/1/892 914/1/914 822/1/822
f 822/1/822 782/1/782 892/1/892
f 978/1/978 1014/1/1014 914/1/914
f 914/1/914 892/1/892 978/1/978
f 1094/1/1094 1104/1/1104 1014/1/1014
f 1014/1/1014 978/1/978 1094/1/1094
f 1221/1/1221 1237/1/1237 1104/1/1104
f 1104/1/1104 1094/1/1094 1221/1/1221
f 1415/1/1415 1433/1/1433 1237/1/1237
f 1237/1/1237 1221/1/1221 1415/1/1415
f 1809/1/1809 1819/1/1819 1433/1/1433
f 1433/1/1433 1415/1/1415 1809/1/1809
f 531/1/531 572/1/572 562/1/562
f 562/1/562 525/1/525 531/1/531
f 566/1/566 605/1/605 572/1/572
f 572/1/572 531/1/531 566/1/566
f 629/1/629 680/1/680 605/1/605
f 605/1/605 566/1/566 629/1/629
f 740/1/740 782/1/782 680/1/680
f 680/1/680 629/1/629 740/1/740
f 850/1/850 892/1/892 782/1/782
f 782/1/782 740/1/740 850/1/850
f 964/1/964 978/1/978 892/1/892
f 892/1/892 850/1/850 964/1/964
f 1084/1/1084 1094/1/1094 978/1/978
f 978/1/978 964/1/964 1084/1/1084
f 1213/1/1213 1221/1/1221 1094/1/1094
f 1094/1/1094 1084/1/1084 1213/1/1213
f 1401/1/1401 1415/1/1415 1221/1/1221
f 1221/1/1221 1213/1/1213 1401/1/1401
f 1931/1/1931 1809/1/1809 1415/1/1415
f 1415/1/1415 1401/1/1401 1931/1/1931
f 511/1/511 531/1/531 525/1/525
f 525/1/525 509/1/509 511/1/511
f 529/1/529 566/1/566 531/1/531
f 531/1/531 511/1/511 529/1/529
f 586/1/586 629/1/629 566/1/566
f 566/1/566 529/1/529 586/1/586
f 686/1/686 740/1/740 629/1/629
f 629/1/629 586/1/586 686/1/686
f 813/1/813 850/1/850 740/1/740
f 740/1/740 686/1/686 813/1/813
f 940/1/940 964/1/964 850/1/850
f 850/1/850 813/1/813 940/1/940
f 1069/1/1069 1084/1/1084 964/1/964
f 964/1/964 940/1/940 1069/1/1069
f 1203/1/1203 1213/1/1213 1084/1/1084
f 1084/1/1084 1069/1/1069 1203/1/1203
f 1385/1/1385 1401/1/1401 1213/1/1213
f 1213/1/1213 1203/1/1203 1385/1/1385
f 1693/1/1693 1931/1/1931 1401/1/1401
f 1401/1/1401 1385/1/1385 1693/1/1693
f 493/1/493 511/1/511 509/1/509
f 509/1/509 483/1/483 493/1/493
f 513/1/513 529/1/529 511/1/511
f 511/1/511 493/1/493 513/1/513
f 554/1/554 586/1/586 529/1/529
f 529/1/529 513/1/513 554/1/554
f 639/1/639 686/1/686 586/1/586
f 586/1/586 554/1/554 639/1/639
f 786/1/786 813/1/813 686/1/686
f 686/1/686 639/1/639 786/1/786
f 918/1/918 940/1/940 813/1/813
f 813/1/813 786/1/786 918/1/918
f 1049/1/1049 1069/1/1069 940/1/940
f 940/1/940 918/1/918 1049/1/1049
f 1193/1/1193 1203/1/1203 1069/1/1069
f 1069/1/1069 1049/1/1049 1193/1/1193
f 1376/1/1376 1385/1/1385 1203/1/1203
f 1203/1/1203 1193/1/1193 1376/1/1376
f 1712/1/1712 1693/1/1693 1385/1/1385
f 1385/1/1385 1376/1/1376 1712/1/1712
f 455/1/455 493/1/493 483/1/483
f 483/1/483 449/1/449 455/1/455
f 497/1/497 513/1/513 493/1/493
f 493/1/493 455/1/455 497/1/497
f 527/1/527 554/1/554 513/1/513
f 513/1/513 497/1/497 527/1/527
f 609/1/609 639/1/639 554/1/554
f 554/1/554 527/1/527 609/1/609
f 762/1/762 786/1/786 639/1/639
f 639/1/639 609/1/609 762/1/762
f 900/1/900 918/1/918 786/1/786
f 786/1/786 762/1/762 900/1/900
f 1038/1/1038 1049/1/1049 918/1/918
f 918/1/918 900/1/900 1038/1/1038
f 1185/1/1185 1193/1/1193 1049/1/1049
f 1049/1/1049 1038/1/1038 1185/1/1185
f 1370/1/1370 1376/1/1376 1193/1/1193
f 1193/1/1193 1185/1/1185 1370/1/1370
f 1912/1/1912 1712/1/1712 1376/1/1376
f 1376/1/1376 1370/1/1370 1912/1/1912
f 443/1/443 455/1/455 449/1/449
f 449/1/449 433/1/433 443/1/443
f 458/1/458 497/1/497 455/1/455
f 455/1/455 443/1/443 458/1/458
f 515/1/515 527/1/527 497/1/497
f 497/1/497 458/1/458 515/1/515
f 580/1/580 609/1/609 527/1/527
f 527/1/527 515/1/515 580/1/580
f 730/1/730 762/1/762 609/1/609
f 609/1/609 580/1/580 730/1/730
f 880/1/880 900/1/900 762/1/762
f 762/1/762 730/1/730 880/1/880
f 1024/1/1024 1038/1/1038 900/1/900
f 900/1/900 880/1/880 1024/1/1024
f 1173/1/1173 1185/1/1185 1038/1/1038
f 1038/1/1038 1024/1/1024 1173/1/1173
f 1356/1/1356 1370/1/1370 1185/1/1185
f 1185/1/1185 1173/1/1173 1356/1/1356
f 1797/1/1797 1912/1/1912 1370/1/1370
f 1370/1/1370 1356/1/1356 1797/1/1797
f 421/1/421 443/1/443 433/1/433
f 433/1/433 413/1/413 421/1/421
f 451/1/451 458/1/458 443/1/443
f 443/1/443 421/1/421 451/1/451
f 507/1/507 515/1/515 458/1/458
f 458/1/458 451/1/451 507/1/507
f 564/1/564 580/1/580 515/1/515
f 515/1/515 507/1/507 564/1/564
f 708/1/708 730/1/730 580/1/580
f 580/1/580 564/1/564 708/1/708
f 860/1/860 880/1/880 730/1/730
f 730/1/730 708/1/708 860/1/860
f 1008/1/1008 1024/1/1024 880/1/880
f 880/1/880 860/1/860 1008/1/1008
f 1171/1/1171 1173/1/1173 1024/1/1024
f 1024/1/1024 1008/1/1008 1171/1/1171
f 1346/1/1346 1356/1/1356 1173/1/1173
f 1173/1/1173 1171/1/1171 1346/1/1346
f 1911/1/1911 1797/1/1797 1356/1/1356
f 1356/1/1356 1346/1/1346 1911/1/1911
f 411/1/411 421/1/421 413/1/413
f 413/1/413 399/1/399 411/1/411
f 441/1/441 451/1/451 421/1/421
f 421/1/421 411/1/411 441/1/441
f 495/1/495 507/1/507 451/1/451
f 451/1/451 441/1/441 495/1/495
f 548/1/548 564/1/564 507/1/507
f 507/1/507 495/1/495 548/1/548
f 682/1/682 708/1/708 564/1/564
f 564/1/564 548/1/548 682/1/682
f 848/1/848 860/1/860 708/1/708
f 708/1/708 682/1/682 848/1/848
f 996/1/996 1008/1/1008 860/1/860
f 860/1/860 848/1/848 996/1/996
f 1165/1/1165 1171/1/1171 1008/1/1008
f 1008/1/1008 996/1/996 1165/1/1165
f 1336/1/1336 1346/1/1346 1171/1/1171
f 1171/1/1171 1165/1/1165 1336/1/1336
f 1709/1/1709 1911/1/1911 1346/1/1346
f 1346/1/1346 1336/1/1336 1709/1/1709
f 401/1/401 411/1/411 399/1/399
f 399/1/399 382/1/382 401/1/401
f 435/1/435 441/1/441 411/1/411
f 411/1/411 401/1/401 435/1/435
f 489/1/489 495/1/495 441/1/441
f 441/1/441 435/1/435 489/1/489
f 539/1/539 548/1/548 495/1/495
f 495/1/495 489/1/489 539/1/539
f 668/1/668 682/1/682 548/1/548
f 548/1/548 539/1/539 668/1/668
f 842/1/842 848/1/848 682/1/682
f 682/1/682 668/1/668 842/1/842
f 987/1/987 996/1/996 848/1/848
f 848/1/848 842/1/842 987/1/987
f 1161/1/1161 1165/1/1165 996/1/996
f 996/1/996 987/1/987 1161/1/1161
f 1328/1/1328 1336/1/1336 1165/1/1165
f 1165/1/1165 1161/1/1161 1328/1/1328
f 1708/1/1708 1709/1/1709 1336/1/1336
f 1336/1/1336 1328/1/1328 1708/1/1708
f 397/1/397 401/1/401 382/1/382
f 382/1/382 376/1/376 397/1/397
f 431/1/431 435/1/435 401/1/401
f 401/1/401 397/1/397 431/1/431
f 487/1/487 489/1/489 435/1/435
f 435/1/435 431/1/431 487/1/487
f 537/1/537 539/1/539 489/1/489
f 489/1/489 487/1/487 537/1/537
f 662/1/662 668/1/668 539/1/539
f 539/1/539 537/1/537 662/1/662
f 840/1/840 842/1/842 668/1/668
f 668/1/668 662/1/662 840/1/840
f 981/1/981 987/1/987 842/1/842
f 842/1/842 840/1/840 981/1/981
f 1159/1/1159 1161/1/1161 987/1/987
f 987/1/987 981/1/981 1159/1/1159
f 1326/1/1326 1328/1/1328 1161/1/1161
f 1161/1/1161 1159/1/1159 1326/1/1326
f 1787/1/1787 1708/1/1708 1328/1/1328
f 1328/1/1328 1326/1/1326 1787/1/1787
f 2209/1/2209 2194/1/2194 1818/1/1818
f 1818/1/1818 1808/1/1808 2209/1/2209
f 2403/1/2403 2391/1/2391 2194/1/2194
f 2194/1/2194 2209/1/2209 2403/1/2403
f 2530/1/2530 2518/1/2518 2391/1/2391
f 2391/1/2391 2403/1/2403 2530/1/2530
f 2646/1/2646 2614/1/2614 2518/1/2518
f 2518/1/2518 2530/1/2530 2646/1/2646
f 2732/1/2732 2712/1/2712 2614/1/2614
f 2614/1/2614 2646/1/2646 2732/1/2732
f 2842/1/2842 2806/1/2806 2712/1/2712
f 2712/1/2712 2732/1/2732 2842/1/2842
f 2944/1/2944 2890/1/2890 2806/1/2806
f 2806/1/2806 2842/1/2842 2944/1/2944
f 3019/1/3019 2974/1/2974 2890/1/2890
f 2890/1/2890 2944/1/2944 3019/1/3019
f 3041/1/3041 3009/1/3009 2974/1/2974
f 2974/1/2974 3019/1/3019 3041/1/3041
f 3049/1/3049 3025/1/3025 3009/1/3009
f 3009/1/3009 3041/1/3041 3049/1/3049
f 2223/1/2223 2209/1/2209 1808/1/1808
f 1808/1/1808 1805/1/1805 2223/1/2223
f 2411/1/2411 2403/1/2403 2209/1/2209
f 2209/1/2209 2223/1/2223 2411/1/2411
f 2540/1/2540 2530/1/2530 2403/1/2403
f 2403/1/2403 2411/1/2411 2540/1/2540
f 2660/1/2660 2646/1/2646 2530/1/2530
f 2530/1/2530 2540/1/2540 2660/1/2660
f 2774/1/2774 2732/1/2732 2646/1/2646
f 2646/1/2646 2660/1/2660 2774/1/2774
f 2884/1/2884 2842/1/2842 2732/1/2732
f 2732/1/2732 2774/1/2774 2884/1/2884
f 2995/1/2995 2944/1/2944 2842/1/2842
f 2842/1/2842 2884/1/2884 2995/1/2995
f 3045/1/3045 3019/1/3019 2944/1/2944
f 2944/1/2944 2995/1/2995 3045/1/3045
f 3073/1/3073 3041/1/3041 3019/1/3019
f 3019/1/3019 3045/1/3045 3073/1/3073
f 3079/1/3079 3049/1/3049 3041/1/3041
f 3041/1/3041 3073/1/3073 3079/1/3079
f 2237/1/2237 2223/1/2223 1805/1/1805
f 1805/1/1805 1803/1/1803 2237/1/2237
f 2421/1/2421 2411/1/2411 2223/1/2223
f 2223/1/2223 2237/1/2237 2421/1/2421
f 2553/1/2553 2540/1/2540 2411/1/2411
f 2411/1/2411 2421/1/2421 2553/1/2553
f 2684/1/2684 2660/1/2660 2540/1/2540
f 2540/1/2540 2553/1/2553 2684/1/2684
f 2809/1/2809 2774/1/2774 2660/1/2660
f 2660/1/2660 2684/1/2684 2809/1/2809
f 2938/1/2938 2884/1/2884 2774/1/2774
f 2774/1/2774 2809/1/2809 2938/1/2938
f 3031/1/3031 2995/1/2995 2884/1/2884
f 2884/1/2884 2938/1/2938 3031/1/3031
f 3075/1/3075 3045/1/3045 2995/1/2995
f 2995/1/2995 3031/1/3031 3075/1/3075
f 3093/1/3093 3073/1/3073 3045/1/3045
f 3045/1/3045 3075/1/3075 3093/1/3093
f 3117/1/3117 3079/1/3079 3073/1/3073
f 3073/1/3073 3093/1/3093 3117/1/3117
f 2248/1/2248 2237/1/2237 1803/1/1803
f 1803/1/1803 1801/1/1801 2248/1/2248
f 2431/1/2431 2421/1/2421 2237/1/2237
f 2237/1/2237 2248/1/2248 2431/1/2431
f 2573/1/2573 2553/1/2553 2421/1/2421
f 2421/1/2421 2431/1/2431 2573/1/2573
f 2706/1/2706 2684/1/2684 2553/1/2553
f 2553/1/2553 2573/1/2573 2706/1/2706
f 2838/1/2838 2809/1/2809 2684/1/2684
f 2684/1/2684 2706/1/2706 2838/1/2838
f 2985/1/2985 2938/1/2938 2809/1/2809
f 2809/1/2809 2838/1/2838 2985/1/2985
f 3055/1/3055 3031/1/3031 2938/1/2938
f 2938/1/2938 2985/1/2985 3055/1/3055
f 3091/1/3091 3075/1/3075 3031/1/3031
f 3031/1/3031 3055/1/3055 3091/1/3091
f 3133/1/3133 3093/1/3093 3075/1/3075
f 3075/1/3075 3091/1/3091 3133/1/3133
f 3143/1/3143 3117/1/3117 3093/1/3093
f 3093/1/3093 3133/1/3133 3143/1/3143
f 2254/1/2254 2248/1/2248 1801/1/1801
f 1801/1/1801 1799/1/1799 2254/1/2254
f 2439/1/2439 2431/1/2431 2248/1/2248
f 2248/1/2248 2254/1/2254 2439/1/2439
f 2586/1/2586 2573/1/2573 2431/1/2431
f 2431/1/2431 2439/1/2439 2586/1/2586
f 2724/1/2724 2706/1/2706 2573/1/2573
f 2573/1/2573 2586/1/2586 2724/1/2724
f 2862/1/2862 2838/1/2838 2706/1/2706
f 2706/1/2706 2724/1/2724 2862/1/2862
f 3015/1/3015 2985/1/2985 2838/1/2838
f 2838/1/2838 2862/1/2862 3015/1/3015
f 3077/1/3077 3055/1/3055 2985/1/2985
f 2985/1/2985 3015/1/3015 3077/1/3077
f 3129/1/3129 3091/1/3091 3055/1/3055
f 3055/1/3055 3077/1/3077 3129/1/3129
f 3151/1/3151 3133/1/3133 3091/1/3091
f 3091/1/3091 3129/1/3129 3151/1/3151
f 3157/1/3157 3143/1/3143 3133/1/3133
f 3133/1/3133 3151/1/3151 3157/1/3157
f 2268/1/2268 2254/1/2254 1799/1/1799
f 1799/1/1799 1796/1/1796 2268/1/2268
f 2451/1/2451 2439/1/2439 2254/1/2254
f 2254/1/2254 2268/1/2268 2451/1/2451
f 2600/1/2600 2586/1/2586 2439/1/2439
f 2439/1/2439 2451/1/2451 2600/1/2600
f 2744/1/2744 2724/1/2724 2586/1/2586
f 2586/1/2586 2600/1/2600 2744/1/2744
f 2894/1/2894 2862/1/2862 2724/1/2724
f 2724/1/2724 2744/1/2744 2894/1/2894
f 3037/1/3037 3015/1/3015 2862/1/2862
f 2862/1/2862 2894/1/2894 3037/1/3037
f 3089/1/3089 3077/1/3077 3015/1/3015
f 3015/1/3015 3037/1/3037 3089/1/3089
f 3149/1/3149 3129/1/3129 3077/1/3077
f 3077/1/3077 3089/1/3089 3149/1/3149
f 3163/1/3163 3151/1/3151 3129/1/3129
f 3129/1/3129 3149/1/3149 3163/1/3163
f 3173/1/3173 3157/1/3157 3151/1/3151
f 3151/1/3151 3163/1/3163 3173/1/3173
f 2278/1/2278 2268/1/2268 1796/1/1796
f 1796/1/1796 1793/1/1793 2278/1/2278
f 2453/1/2453 2451/1/2451 2268/1/2268
f 2268/1/2268 2278/1/2278 2453/1/2453
f 2616/1/2616 2600/1/2600 2451/1/2451
f 2451/1/2451 2453/1/2453 2616/1/2616
f 2764/1/2764 2744/1/2744 2600/1/2600
f 2600/1/2600 2616/1/2616 2764/1/2764
f 2916/1/2916 2894/1/2894 2744/1/2744
f 2744/1/2744 2764/1/2764 2916/1/2916
f 3047/1/3047 3037/1/3037 2894/1/2894
f 2894/1/2894 2916/1/2916 3047/1/3047
f 3119/1/3119 3089/1/3089 3037/1/3037
f 3037/1/3037 3047/1/3047 3119/1/3119
f 3155/1/3155 3149/1/3149 3089/1/3089
f 3089/1/3089 3119/1/3119 3155/1/3155
f 3179/1/3179 3163/1/3163 3149/1/3149
f 3149/1/3149 3155/1/3155 3179/1/3179
f 3185/1/3185 3173/1/3173 3163/1/3163
f 3163/1/3163 3179/1/3179 3185/1/3185
f 2288/1/2288 2278/1/2278 1793/1/1793
f 1793/1/1793 1791/1/1791 2288/1/2288
f 2459/1/2459 2453/1/2453 2278/1/2278
f 2278/1/2278 2288/1/2288 2459/1/2459
f 2628/1/2628 2616/1/2616 2453/1/2453
f 2453/1/2453 2459/1/2459 2628/1/2628
f 2776/1/2776 2764/1/2764 2616/1/2616
f 2616/1/2616 2628/1/2628 2776/1/2776
f 2942/1/2942 2916/1/2916 2764/1/2764
f 2764/1/2764 2776/1/2776 2942/1/2942
f 3059/1/3059 3047/1/3047 2916/1/2916
f 2916/1/2916 2942/1/2942 3059/1/3059
f 3131/1/3131 3119/1/3119 3047/1/3047
f 3047/1/3047 3059/1/3059 3131/1/3131
f 3165/1/3165 3155/1/3155 3119/1/3119
f 3119/1/3119 3131/1/3131 3165/1/3165
f 3189/1/3189 3179/1/3179 3155/1/3155
f 3155/1/3155 3165/1/3165 3189/1/3189
f 3201/1/3201 3185/1/3185 3179/1/3179
f 3179/1/3179 3189/1/3189 3201/1/3201
f 2296/1/2296 2288/1/2288 1791/1/1791
f 1791/1/1791 1789/1/1789 2296/1/2296
f 2463/1/2463 2459/1/2459 2288/1/2288
f 2288/1/2288 2296/1/2296 2463/1/2463
f 2635/1/2635 2628/1/2628 2459/1/2459
f 2459/1/2459 2463/1/2463 2635/1/2635
f 2782/1/2782 2776/1/2776 2628/1/2628
f 2628/1/2628 2635/1/2635 2782/1/2782
f 2956/1/2956 2942/1/2942 2776/1/2776
f 2776/1/2776 2782/1/2782 2956/1/2956
f 3065/1/3065 3059/1/3059 2942/1/2942
f 2942/1/2942 2956/1/2956 3065/1/3065
f 3137/1/3137 3131/1/3131 3059/1/3059
f 3059/1/3059 3065/1/3065 3137/1/3137
f 3171/1/3171 3165/1/3165 3131/1/3131
f 3131/1/3131 3137/1/3137 3171/1/3171
f 3199/1/3199 3189/1/3189 3165/1/3165
f 3165/1/3165 3171/1/3171 3199/1/3199
f 3210/1/3210 3201/1/3201 3189/1/3189
f 3189/1/3189 3199/1/3199 3210/1/3210
f 2299/1/2299 2296/1/2296 1789/1/1789
f 1789/1/1789 1786/1/1786 2299/1/2299
f 2467/1/2467 2463/1/2463 2296/1/2296
f 2296/1/2296 2299/1/2299 2467/1/2467
f 2644/1/2644 2635/1/2635 2463/1/2463
f 2463/1/2463 2467/1/2467 2644/1/2644
f 2786/1/2786 2782/1/2782 2635/1/2635
f 2635/1/2635 2644/1/2644 2786/1/2786
f 2964/1/2964 2956/1/2956 2782/1/2782
f 2782/1/2782 2786/1/2786 2964/1/2964
f 3069/1/3069 3065/1/3065 2956/1/2956
f 2956/1/2956 2964/1/2964 3069/1/3069
f 3141/1/3141 3137/1/3137 3065/1/3065
f 3065/1/3065 3069/1/3069 3141/1/3141
f 3177/1/3177 3171/1/3171 3137/1/3137
f 3137/1/3137 3141/1/3141 3177/1/3177
f 3204/1/3204 3199/1/3199 3171/1/3171
f 3171/1/3171 3177/1/3177 3204/1/3204
f 3214/1/3214 3210/1/3210 3199/1/3199
f 3199/1/3199 3204/1/3204 3214/1/3214
f 3194/1/3194 3202/1/3202 3213/1/3213
f 3213/1/3213 3207/1/3207 3194/1/3194
f 3166/1/3166 3175/1/3175 3202/1/3202
f 3202/1/3202 3194/1/3194 3166/1/3166
f 3134/1/3134 3139/1/3139 3175/1/3175
f 3175/1/3175 3166/1/3166 3134/1/3134
f 3060/1/3060 3067/1/3067 3139/1/3139
f 3139/1/3139 3134/1/3134 3060/1/3060
f 2953/1/2953 2962/1/2962 3067/1/3067
f 3067/1/3067 3060/1/3060 2953/1/2953
f 2777/1/2777 2784/1/2784 2962/1/2962
f 2962/1/2962 2953/1/2953 2777/1/2777
f 2629/1/2629 2643/1/2643 2784/1/2784
f 2784/1/2784 2777/1/2777 2629/1/2629
f 2460/1/2460 2465/1/2465 2643/1/2643
f 2643/1/2643 2629/1/2629 2460/1/2460
f 2293/1/2293 2298/1/2298 2465/1/2465
f 2465/1/2465 2460/1/2460 2293/1/2293
f 1696/1/1696 1785/1/1785 2298/1/2298
f 2298/1/2298 2293/1/2293 1696/1/1696
f 3180/1/3180 3194/1/3194 3207/1/3207
f 3207/1/3207 3190/1/3190 3180/1/3180
f 3158/1/3158 3166/1/3166 3194/1/3194
f 3194/1/3194 3180/1/3180 3158/1/3158
f 3124/1/3124 3134/1/3134 3166/1/3166
f 3166/1/3166 3158/1/3158 3124/1/3124
f 3050/1/3050 3060/1/3060 3134/1/3134
f 3134/1/3134 3124/1/3124 3050/1/3050
f 2927/1/2927 2953/1/2953 3060/1/3060
f 3060/1/3060 3050/1/3050 2927/1/2927
f 2767/1/2767 2777/1/2777 2953/1/2953
f 2953/1/2953 2927/1/2927 2767/1/2767
f 2619/1/2619 2629/1/2629 2777/1/2777
f 2777/1/2777 2767/1/2767 2619/1/2619
f 2454/1/2454 2460/1/2460 2629/1/2629
f 2629/1/2629 2619/1/2619 2454/1/2454
f 2283/1/2283 2293/1/2293 2460/1/2460
f 2460/1/2460 2454/1/2454 2283/1/2283
f 1695/1/1695 1696/1/1696 2293/1/2293
f 2293/1/2293 2283/1/2283 1695/1/1695
f 3160/1/3160 3180/1/3180 3190/1/3190
f 3190/1/3190 3168/1/3168 3160/1/3160
f 3144/1/3144 3158/1/3158 3180/1/3180
f 3180/1/3180 3160/1/3160 3144/1/3144
f 3086/1/3086 3124/1/3124 3158/1/3158
f 3158/1/3158 3144/1/3144 3086/1/3086
f 3032/1/3032 3050/1/3050 3124/1/3124
f 3124/1/3124 3086/1/3086 3032/1/3032
f 2891/1/2891 2927/1/2927 3050/1/3050
f 3050/1/3050 3032/1/3032 2891/1/2891
f 2739/1/2739 2767/1/2767 2927/1/2927
f 2927/1/2927 2891/1/2891 2739/1/2739
f 2597/1/2597 2619/1/2619 2767/1/2767
f 2767/1/2767 2739/1/2739 2597/1/2597
f 2448/1/2448 2454/1/2454 2619/1/2619
f 2619/1/2619 2597/1/2597 2448/1/2448
f 2265/1/2265 2283/1/2283 2454/1/2454
f 2454/1/2454 2448/1/2448 2265/1/2265
f 1707/1/1707 1695/1/1695 2283/1/2283
f 2283/1/2283 2265/1/2265 1707/1/1707
f 3146/1/3146 3160/1/3160 3168/1/3168
f 3168/1/3168 3152/1/3152 3146/1/3146
f 3122/1/3122 3144/1/3144 3160/1/3160
f 3160/1/3160 3146/1/3146 3122/1/3122
f 3070/1/3070 3086/1/3086 3144/1/3144
f 3144/1/3144 3122/1/3122 3070/1/3070
f 2998/1/2998 3032/1/3032 3086/1/3086
f 3086/1/3086 3070/1/3070 2998/1/2998
f 2853/1/2853 2891/1/2891 3032/1/3032
f 3032/1/3032 2998/1/2998 2853/1/2853
f 2717/1/2717 2739/1/2739 2891/1/2891
f 2891/1/2891 2853/1/2853 2717/1/2717
f 2582/1/2582 2597/1/2597 2739/1/2739
f 2739/1/2739 2717/1/2717 2582/1/2582
f 2434/1/2434 2448/1/2448 2597/1/2597
f 2597/1/2597 2582/1/2582 2434/1/2434
f 2251/1/2251 2265/1/2265 2448/1/2448
f 2448/1/2448 2434/1/2434 2251/1/2251
f 1907/1/1907 1707/1/1707 2265/1/2265
f 2265/1/2265 2251/1/2251 1907/1/1907
f 3120/1/3120 3146/1/3146 3152/1/3152
f 3152/1/3152 3126/1/3126 3120/1/3120
f 3082/1/3082 3122/1/3122 3146/1/3146
f 3146/1/3146 3120/1/3120 3082/1/3082
f 3042/1/3042 3070/1/3070 3122/1/3122
f 3122/1/3122 3082/1/3082 3042/1/3042
f 2957/1/2957 2998/1/2998 3070/1/3070
f 3070/1/3070 3042/1/3042 2957/1/2957
f 2825/1/2825 2853/1/2853 2998/1/2998
f 2998/1/2998 2957/1/2957 2825/1/2825
f 2693/1/2693 2717/1/2717 2853/1/2853
f 2853/1/2853 2825/1/2825 2693/1/2693
f 2556/1/2556 2582/1/2582 2717/1/2717
f 2717/1/2717 2693/1/2693 2556/1/2556
f 2424/1/2424 2434/1/2434 2582/1/2582
f 2582/1/2582 2556/1/2556 2424/1/2424
f 2239/1/2239 2251/1/2251 2434/1/2434
f 2434/1/2434 2424/1/2424 2239/1/2239
f 1906/1/1906 1907/1/1907 2251/1/2251
f 2251/1/2251 2239/1/2239 1906/1/1906
f 3080/1/3080 3120/1/3120 3126/1/3126
f 3126/1/3126 3084/1/3084 3080/1/3080
f 3056/1/3056 3082/1/3082 3120/1/3120
f 3120/1/3120 3080/1/3080 3056/1/3056
f 3012/1/3012 3042/1/3042 3082/1/3082
f 3082/1/3082 3056/1/3056 3012/1/3012
f 2899/1/2899 2957/1/2957 3042/1/3042
f 3042/1/3042 3012/1/3012 2899/1/2899
f 2789/1/2789 2825/1/2825 2957/1/2957
f 2957/1/2957 2899/1/2899 2789/1/2789
f 2675/1/2675 2693/1/2693 2825/1/2825
f 2825/1/2825 2789/1/2789 2675/1/2675
f 2545/1/2545 2556/1/2556 2693/1/2693
f 2693/1/2693 2675/1/2675 2545/1/2545
f 2416/1/2416 2424/1/2424 2556/1/2556
f 2556/1/2556 2545/1/2545 2416/1/2416
f 2228/1/2228 2239/1/2239 2424/1/2424
f 2424/1/2424 2416/1/2416 2228/1/2228
f 1770/1/1770 1906/1/1906 2239/1/2239
f 2239/1/2239 2228/1/2228 1770/1/1770
f 3053/1/3053 3080/1/3080 3084/1/3084
f 3084/1/3084 3062/1/3062 3053/1/3053
f 3028/1/3028 3056/1/3056 3080/1/3080
f 3080/1/3080 3053/1/3053 3028/1/3028
f 2978/1/2978 3012/1/3012 3056/1/3056
f 3056/1/3056 3028/1/3028 2978/1/2978
f 2860/1/2860 2899/1/2899 3012/1/3012
f 3012/1/3012 2978/1/2978 2860/1/2860
f 2754/1/2754 2789/1/2789 2899/1/2899
f 2899/1/2899 2860/1/2860 2754/1/2754
f 2652/1/2652 2675/1/2675 2789/1/2789
f 2789/1/2789 2754/1/2754 2652/1/2652
f 2534/1/2534 2545/1/2545 2675/1/2675
f 2675/1/2675 2652/1/2652 2534/1/2534
f 2406/1/2406 2416/1/2416 2545/1/2545
f 2545/1/2545 2534/1/2534 2406/1/2406
f 2217/1/2217 2228/1/2228 2416/1/2416
f 2416/1/2416 2406/1/2406 2217/1/2217
f 1929/1/1929 1770/1/1770 2228/1/2228
f 2228/1/2228 2217/1/2217 1929/1/1929
f 3035/1/3035 3053/1/3053 3062/1/3062
f 3062/1/3062 3039/1/3039 3035/1/3035
f 2997/1/2997 3028/1/3028 3053/1/3053
f 3053/1/3053 3035/1/3035 2997/1/2997
f 2920/1/2920 2978/1/2978 3028/1/3028
f 3028/1/3028 2997/1/2997 2920/1/2920
f 2832/1/2832 2860/1/2860 2978/1/2978
f 2978/1/2978 2920/1/2920 2832/1/2832
f 2728/1/2728 2754/1/2754 2860/1/2860
f 2860/1/2860 2832/1/2832 2728/1/2728
f 2634/1/2634 2652/1/2652 2754/1/2754
f 2754/1/2754 2728/1/2728 2634/1/2634
f 2528/1/2528 2534/1/2534 2652/1/2652
f 2652/1/2652 2634/1/2634 2528/1/2528
f 2396/1/2396 2406/1/2406 2534/1/2534
f 2534/1/2534 2528/1/2528 2396/1/2396
f 2202/1/2202 2217/1/2217 2406/1/2406
f 2406/1/2406 2396/1/2396 2202/1/2202
f 1765/1/1765 1929/1/1929 2217/1/2217
f 2217/1/2217 2202/1/2202 1765/1/1765
f 3017/1/3017 3035/1/3035 3039/1/3039
f 3039/1/3039 3027/1/3027 3017/1/3017
f 2980/1/2980 2997/1/2997 3035/1/3035
f 3035/1/3035 3017/1/3017 2980/1/2980
f 2896/1/2896 2920/1/2920 2997/1/2997
f 2997/1/2997 2980/1/2980 2896/1/2896
f 2812/1/2812 2832/1/2832 2920/1/2920
f 2920/1/2920 2896/1/2896 2812/1/2812
f 2715/1/2715 2728/1/2728 2832/1/2832
f 2832/1/2832 2812/1/2812 2715/1/2715
f 2618/1/2618 2634/1/2634 2728/1/2728
f 2728/1/2728 2715/1/2715 2618/1/2618
f 2523/1/2523 2528/1/2528 2634/1/2634
f 2634/1/2634 2618/1/2618 2523/1/2523
f 2392/1/2392 2396/1/2396 2528/1/2528
f 2528/1/2528 2523/1/2523 2392/1/2392
f 2196/1/2196 2202/1/2202 2396/1/2396
f 2396/1/2396 2392/1/2392 2196/1/2196
f 1724/1/1724 1765/1/1765 2202/1/2202
f 2202/1/2202 2196/1/2196 1724/1/1724
f 3007/1/3007 3017/1/3017 3027/1/3027
f 3027/1/3027 3023/1/3023 3007/1/3007
f 2969/1/2969 2980/1/2980 3017/1/3017
f 3017/1/3017 3007/1/3007 2969/1/2969
f 2887/1/2887 2896/1/2896 2980/1/2980
f 2980/1/2980 2969/1/2969 2887/1/2887
f 2802/1/2802 2812/1/2812 2896/1/2896
f 2896/1/2896 2887/1/2887 2802/1/2802
f 2709/1/2709 2715/1/2715 2812/1/2812
f 2812/1/2812 2802/1/2802 2709/1/2709
f 2609/1/2609 2618/1/2618 2715/1/2715
f 2715/1/2715 2709/1/2709 2609/1/2609
f 2519/1/2519 2523/1/2523 2618/1/2618
f 2618/1/2618 2609/1/2609 2519/1/2519
f 2386/1/2386 2392/1/2392 2523/1/2523
f 2523/1/2523 2519/1/2519 2386/1/2386
f 2190/1/2190 2196/1/2196 2392/1/2392
f 2392/1/2392 2386/1/2386 2190/1/2190
f 1759/1/1759 1724/1/1724 2196/1/2196
f 2196/1/2196 2190/1/2190 1759/1/1759
f 1329/1/1329 1324/1/1324 1785/1/1785
f 1785/1/1785 1782/1/1782 1329/1/1329
f 1162/1/1162 1157/1/1157 1324/1/1324
f 1324/1/1324 1329/1/1329 1162/1/1162
f 993/1/993 982/1/982 1157/1/1157
f 1157/1/1157 1162/1/1162 993/1/993
f 845/1/845 838/1/838 982/1/982
f 982/1/982 993/1/993 845/1/845
f 669/1/669 660/1/660 838/1/838
f 838/1/838 845/1/845 669/1/669
f 542/1/542 535/1/535 660/1/660
f 660/1/660 669/1/669 542/1/542
f 490/1/490 485/1/485 535/1/535
f 535/1/535 542/1/542 490/1/490
f 438/1/438 429/1/429 485/1/485
f 485/1/485 490/1/490 438/1/438
f 404/1/404 396/1/396 429/1/429
f 429/1/429 438/1/438 404/1/404
f 387/1/387 376/1/376 396/1/396
f 396/1/396 404/1/404 387/1/387
f 1339/1/1339 1329/1/1329 1782/1/1782
f 1782/1/1782 1780/1/1780 1339/1/1339
f 1168/1/1168 1162/1/1162 1329/1/1329
f 1329/1/1329 1339/1/1339 1168/1/1168
f 1003/1/1003 993/1/993 1162/1/1162
f 1162/1/1162 1168/1/1168 1003/1/1003
f 855/1/855 845/1/845 993/1/993
f 993/1/993 1003/1/1003 855/1/855
f 695/1/695 669/1/669 845/1/845
f 845/1/845 855/1/855 695/1/695
f 559/1/559 542/1/542 669/1/669
f 669/1/669 695/1/695 559/1/559
f 500/1/500 490/1/490 542/1/542
f 542/1/542 559/1/559 500/1/500
f 446/1/446 438/1/438 490/1/490
f 490/1/490 500/1/500 446/1/446
f 416/1/416 404/1/404 438/1/438
f 438/1/438 446/1/446 416/1/416
f 408/1/408 387/1/387 404/1/404
f 404/1/404 416/1/416 408/1/408
f 1357/1/1357 1339/1/1339 1780/1/1780
f 1780/1/1780 1778/1/1778 1357/1/1357
f 1174/1/1174 1168/1/1168 1339/1/1339
f 1339/1/1339 1357/1/1357 1174/1/1174
f 1025/1/1025 1003/1/1003 1168/1/1168
f 1168/1/1168 1174/1/1174 1025/1/1025
f 883/1/883 855/1/855 1003/1/1003
f 1003/1/1003 1025/1/1025 883/1/883
f 731/1/731 695/1/695 855/1/855
f 855/1/855 883/1/883 731/1/731
f 583/1/583 559/1/559 695/1/695
f 695/1/695 731/1/731 583/1/583
f 516/1/516 500/1/500 559/1/559
f 559/1/559 583/1/583 516/1/516
f 467/1/467 446/1/446 500/1/500
f 500/1/500 516/1/516 467/1/467
f 444/1/444 416/1/416 446/1/446
f 446/1/446 467/1/467 444/1/444
f 436/1/436 408/1/408 416/1/416
f 416/1/416 444/1/444 436/1/436
f 1371/1/1371 1357/1/1357 1778/1/1778
f 1778/1/1778 1776/1/1776 1371/1/1371
f 1188/1/1188 1174/1/1174 1357/1/1357
f 1357/1/1357 1371/1/1371 1188/1/1188
f 1042/1/1042 1025/1/1025 1174/1/1174
f 1174/1/1174 1188/1/1188 1042/1/1042
f 905/1/905 883/1/883 1025/1/1025
f 1025/1/1025 1042/1/1042 905/1/905
f 769/1/769 731/1/731 883/1/883
f 883/1/883 905/1/905 769/1/769
f 624/1/624 583/1/583 731/1/731
f 731/1/731 769/1/769 624/1/624
f 532/1/532 516/1/516 583/1/583
f 583/1/583 624/1/624 532/1/532
f 502/1/502 467/1/467 516/1/516
f 516/1/516 532/1/532 502/1/502
f 459/1/459 444/1/444 467/1/467
f 467/1/467 502/1/502 459/1/459
f 452/1/452 436/1/436 444/1/444
f 444/1/444 459/1/459 452/1/452
f 1383/1/1383 1371/1/1371 1776/1/1776
f 1776/1/1776 1774/1/1774 1383/1/1383
f 1198/1/1198 1188/1/1188 1371/1/1371
f 1371/1/1371 1383/1/1383 1198/1/1198
f 1068/1/1068 1042/1/1042 1188/1/1188
f 1188/1/1188 1198/1/1198 1068/1/1068
f 929/1/929 905/1/905 1042/1/1042
f 1042/1/1042 1068/1/1068 929/1/929
f 797/1/797 769/1/769 905/1/905
f 905/1/905 929/1/929 797/1/797
f 665/1/665 624/1/624 769/1/769
f 769/1/769 797/1/797 665/1/665
f 569/1/569 532/1/532 624/1/624
f 624/1/624 665/1/665 569/1/569
f 520/1/520 502/1/502 532/1/532
f 532/1/532 569/1/569 520/1/520
f 504/1/504 459/1/459 502/1/502
f 502/1/502 520/1/520 504/1/504
f 498/1/498 452/1/452 459/1/459
f 459/1/459 504/1/504 498/1/498
f 1394/1/1394 1383/1/1383 1774/1/1774
f 1774/1/1774 1771/1/1771 1394/1/1394
f 1206/1/1206 1198/1/1198 1383/1/1383
f 1383/1/1383 1394/1/1394 1206/1/1206
f 1077/1/1077 1068/1/1068 1198/1/1198
f 1198/1/1198 1206/1/1206 1077/1/1077
f 947/1/947 929/1/929 1068/1/1068
f 1068/1/1068 1077/1/1077 947/1/947
f 833/1/833 797/1/797 929/1/929
f 929/1/929 947/1/947 833/1/833
f 723/1/723 665/1/665 797/1/797
f 797/1/797 833/1/833 723/1/723
f 610/1/610 569/1/569 665/1/665
f 665/1/665 723/1/723 610/1/610
f 549/1/549 520/1/520 569/1/569
f 569/1/569 610/1/610 549/1/549
f 522/1/522 504/1/504 520/1/520
f 520/1/520 549/1/549 522/1/522
f 518/1/518 498/1/498 504/1/504
f 504/1/504 522/1/522 518/1/518
f 1407/1/1407 1394/1/1394 1771/1/1771
f 1771/1/1771 1768/1/1768 1407/1/1407
f 1216/1/1216 1206/1/1206 1394/1/1394
f 1394/1/1394 1407/1/1407 1216/1/1216
f 1090/1/1090 1077/1/1077 1206/1/1206
f 1206/1/1206 1216/1/1216 1090/1/1090
f 972/1/972 947/1/947 1077/1/1077
f 1077/1/1077 1090/1/1090 972/1/972
f 870/1/870 833/1/833 947/1/947
f 947/1/947 972/1/972 870/1/870
f 764/1/764 723/1/723 833/1/833
f 833/1/833 870/1/870 764/1/764
f 646/1/646 610/1/610 723/1/723
f 723/1/723 764/1/764 646/1/646
f 587/1/587 549/1/549 610/1/610
f 610/1/610 646/1/646 587/1/587
f 556/1/556 522/1/522 549/1/549
f 549/1/549 587/1/587 556/1/556
f 540/1/540 518/1/518 522/1/522
f 522/1/522 556/1/556 540/1/540
f 1420/1/1420 1407/1/1407 1768/1/1768
f 1768/1/1768 1764/1/1764 1420/1/1420
f 1226/1/1226 1216/1/1216 1407/1/1407
f 1407/1/1407 1420/1/1420 1226/1/1226
f 1096/1/1096 1090/1/1090 1216/1/1216
f 1216/1/1216 1226/1/1226 1096/1/1096
f 990/1/990 972/1/972 1090/1/1090
f 1090/1/1090 1096/1/1096 990/1/990
f 896/1/896 870/1/870 972/1/972
f 972/1/972 990/1/990 896/1/896
f 792/1/792 764/1/764 870/1/870
f 870/1/870 896/1/896 792/1/792
f 704/1/704 646/1/646 764/1/764
f 764/1/764 792/1/792 704/1/704
f 627/1/627 587/1/587 646/1/646
f 646/1/646 704/1/704 627/1/627
f 582/1/582 556/1/556 587/1/587
f 587/1/587 627/1/627 582/1/582
f 574/1/574 540/1/540 556/1/556
f 556/1/556 582/1/582 574/1/574
f 1426/1/1426 1420/1/1420 1764/1/1764
f 1764/1/1764 1762/1/1762 1426/1/1426
f 1230/1/1230 1226/1/1226 1420/1/1420
f 1420/1/1420 1426/1/1426 1230/1/1230
f 1101/1/1101 1096/1/1096 1226/1/1226
f 1226/1/1226 1230/1/1230 1101/1/1101
f 1006/1/1006 990/1/990 1096/1/1096
f 1096/1/1096 1101/1/1101 1006/1/1006
f 907/1/907 896/1/896 990/1/990
f 990/1/990 1006/1/1006 907/1/907
f 812/1/812 792/1/792 896/1/896
f 896/1/896 907/1/907 812/1/812
f 728/1/728 704/1/704 792/1/792
f 792/1/792 812/1/812 728/1/728
f 644/1/644 627/1/627 704/1/704
f 704/1/704 728/1/728 644/1/644
f 607/1/607 582/1/582 627/1/627
f 627/1/627 644/1/644 607/1/607
f 592/1/592 574/1/574 582/1/582
f 582/1/582 607/1/607 592/1/592
f 1430/1/1430 1426/1/1426 1762/1/1762
f 1762/1/1762 1758/1/1758 1430/1/1430
f 1234/1/1234 1230/1/1230 1426/1/1426
f 1426/1/1426 1430/1/1430 1234/1/1234
f 1107/1/1107 1101/1/1101 1230/1/1230
f 1230/1/1230 1234/1/1234 1107/1/1107
f 1012/1/1012 1006/1/1006 1101/1/1101
f 1101/1/1101 1107/1/1107 1012/1/1012
f 912/1/912 907/1/907 1006/1/1006
f 1006/1/1006 1012/1/1012 912/1/912
f 819/1/819 812/1/812 907/1/907
f 907/1/907 912/1/912 819/1/819
f 738/1/738 728/1/728 812/1/812
f 812/1/812 819/1/819 738/1/738
f 651/1/651 644/1/644 728/1/728
f 728/1/728 738/1/738 651/1/651
f 618/1/618 607/1/607 644/1/644
f 644/1/644 651/1/651 618/1/618
f 601/1/601 592/1/592 607/1/607
f 607/1/607 618/1/618 601/1/601
f 405/1/405 397/1/397 376/1/376
f 376/1/376 388/1/388 405/1/405
f 439/1/439 430/1/430 397/1/397
f 397/1/397 405/1/405 439/1/439
f 491/1/491 486/1/486 430/1/430
f 430/1/430 439/1/439 491/1/491
f 543/1/543 536/1/536 486/1/486
f 486/1/486 491/1/491 543/1/543
f 670/1/670 661/1/661 536/1/536
f 536/1/536 543/1/543 670/1/670
f 846/1/846 839/1/839 661/1/661
f 661/1/661 670/1/670 846/1/846
f 994/1/994 980/1/980 839/1/839
f 839/1/839 846/1/846 994/1/994
f 1163/1/1163 1158/1/1158 980/1/980
f 980/1/980 994/1/994 1163/1/1163
f 1330/1/1330 1325/1/1325 1158/1/1158
f 1158/1/1158 1163/1/1163 1330/1/1330
f 1926/1/1926 1786/1/1786 1325/1/1325
f 1325/1/1325 1330/1/1330 1926/1/1926
f 417/1/417 405/1/405 388/1/388
f 388/1/388 409/1/409 417/1/417
f 447/1/447 439/1/439 405/1/405
f 405/1/405 417/1/417 447/1/447
f 501/1/501 491/1/491 439/1/439
f 439/1/439 447/1/447 501/1/501
f 560/1/560 543/1/543 491/1/491
f 491/1/491 501/1/501 560/1/560
f 696/1/696 670/1/670 543/1/543
f 543/1/543 560/1/560 696/1/696
f 856/1/856 846/1/846 670/1/670
f 670/1/670 696/1/696 856/1/856
f 1004/1/1004 994/1/994 846/1/846
f 846/1/846 856/1/856 1004/1/1004
f 1169/1/1169 1163/1/1163 994/1/994
f 994/1/994 1004/1/1004 1169/1/1169
f 1340/1/1340 1330/1/1330 1163/1/1163
f 1163/1/1163 1169/1/1169 1340/1/1340
f 1925/1/1925 1926/1/1926 1330/1/1330
f 1330/1/1330 1340/1/1340 1925/1/1925
f 445/1/445 417/1/417 409/1/409
f 409/1/409 437/1/437 445/1/445
f 468/1/468 447/1/447 417/1/417
f 417/1/417 445/1/445 468/1/468
f 517/1/517 501/1/501 447/1/447
f 447/1/447 468/1/468 517/1/517
f 584/1/584 560/1/560 501/1/501
f 501/1/501 517/1/517 584/1/584
f 732/1/732 696/1/696 560/1/560
f 560/1/560 584/1/584 732/1/732
f 884/1/884 856/1/856 696/1/696
f 696/1/696 732/1/732 884/1/884
f 1026/1/1026 1004/1/1004 856/1/856
f 856/1/856 884/1/884 1026/1/1026
f 1175/1/1175 1169/1/1169 1004/1/1004
f 1004/1/1004 1026/1/1026 1175/1/1175
f 1358/1/1358 1340/1/1340 1169/1/1169
f 1169/1/1169 1175/1/1175 1358/1/1358
f 1908/1/1908 1925/1/1925 1340/1/1340
f 1340/1/1340 1358/1/1358 1908/1/1908
f 460/1/460 445/1/445 437/1/437
f 437/1/437 453/1/453 460/1/460
f 503/1/503 468/1/468 445/1/445
f 445/1/445 460/1/460 503/1/503
f 533/1/533 517/1/517 468/1/468
f 468/1/468 503/1/503 533/1/533
f 625/1/625 584/1/584 517/1/517
f 517/1/517 533/1/533 625/1/625
f 770/1/770 732/1/732 584/1/584
f 584/1/584 625/1/625 770/1/770
f 906/1/906 884/1/884 732/1/732
f 732/1/732 770/1/770 906/1/906
f 1041/1/1041 1026/1/1026 884/1/884
f 884/1/884 906/1/906 1041/1/1041
f 1189/1/1189 1175/1/1175 1026/1/1026
f 1026/1/1026 1041/1/1041 1189/1/1189
f 1372/1/1372 1358/1/1358 1175/1/1175
f 1175/1/1175 1189/1/1189 1372/1/1372
f 1706/1/1706 1908/1/1908 1358/1/1358
f 1358/1/1358 1372/1/1372 1706/1/1706
f 505/1/505 460/1/460 453/1/453
f 453/1/453 499/1/499 505/1/505
f 521/1/521 503/1/503 460/1/460
f 460/1/460 505/1/505 521/1/521
f 570/1/570 533/1/533 503/1/503
f 503/1/503 521/1/521 570/1/570
f 666/1/666 625/1/625 533/1/533
f 533/1/533 570/1/570 666/1/666
f 798/1/798 770/1/770 625/1/625
f 625/1/625 666/1/666 798/1/798
f 930/1/930 906/1/906 770/1/770
f 770/1/770 798/1/798 930/1/930
f 1067/1/1067 1041/1/1041 906/1/906
f 906/1/906 930/1/930 1067/1/1067
f 1199/1/1199 1189/1/1189 1041/1/1041
f 1041/1/1041 1067/1/1067 1199/1/1199
f 1384/1/1384 1372/1/1372 1189/1/1189
f 1189/1/1189 1199/1/1199 1384/1/1384
f 1705/1/1705 1706/1/1706 1372/1/1372
f 1372/1/1372 1384/1/1384 1705/1/1705
f 523/1/523 505/1/505 499/1/499
f 499/1/499 519/1/519 523/1/523
f 550/1/550 521/1/521 505/1/505
f 505/1/505 523/1/523 550/1/550
f 611/1/611 570/1/570 521/1/521
f 521/1/521 550/1/550 611/1/611
f 724/1/724 666/1/666 570/1/570
f 570/1/570 611/1/611 724/1/724
f 834/1/834 798/1/798 666/1/666
f 666/1/666 724/1/724 834/1/834
f 948/1/948 930/1/930 798/1/798
f 798/1/798 834/1/834 948/1/948
f 1078/1/1078 1067/1/1067 930/1/930
f 930/1/930 948/1/948 1078/1/1078
f 1207/1/1207 1199/1/1199 1067/1/1067
f 1067/1/1067 1078/1/1078 1207/1/1207
f 1395/1/1395 1384/1/1384 1199/1/1199
f 1199/1/1199 1207/1/1207 1395/1/1395
f 1773/1/1773 1705/1/1705 1384/1/1384
f 1384/1/1384 1395/1/1395 1773/1/1773
f 555/1/555 523/1/523 519/1/519
f 519/1/519 541/1/541 555/1/555
f 588/1/588 550/1/550 523/1/523
f 523/1/523 555/1/555 588/1/588
f 645/1/645 611/1/611 550/1/550
f 550/1/550 588/1/588 645/1/645
f 763/1/763 724/1/724 611/1/611
f 611/1/611 645/1/645 763/1/763
f 869/1/869 834/1/834 724/1/724
f 724/1/724 763/1/763 869/1/869
f 971/1/971 948/1/948 834/1/834
f 834/1/834 869/1/869 971/1/971
f 1089/1/1089 1078/1/1078 948/1/948
f 948/1/948 971/1/971 1089/1/1089
f 1217/1/1217 1207/1/1207 1078/1/1078
f 1078/1/1078 1089/1/1089 1217/1/1217
f 1406/1/1406 1395/1/1395 1207/1/1207
f 1207/1/1207 1217/1/1217 1406/1/1406
f 1692/1/1692 1773/1/1773 1395/1/1395
f 1395/1/1395 1406/1/1406 1692/1/1692
f 581/1/581 555/1/555 541/1/541
f 541/1/541 573/1/573 581/1/581
f 626/1/626 588/1/588 555/1/555
f 555/1/555 581/1/581 626/1/626
f 703/1/703 645/1/645 588/1/588
f 588/1/588 626/1/626 703/1/703
f 791/1/791 763/1/763 645/1/645
f 645/1/645 703/1/703 791/1/791
f 895/1/895 869/1/869 763/1/763
f 763/1/763 791/1/791 895/1/895
f 989/1/989 971/1/971 869/1/869
f 869/1/869 895/1/895 989/1/989
f 1095/1/1095 1089/1/1089 971/1/971
f 971/1/971 989/1/989 1095/1/1095
f 1227/1/1227 1217/1/1217 1089/1/1089
f 1089/1/1089 1095/1/1095 1227/1/1227
f 1421/1/1421 1406/1/1406 1217/1/1217
f 1217/1/1217 1227/1/1227 1421/1/1421
f 1766/1/1766 1692/1/1692 1406/1/1406
f 1406/1/1406 1421/1/1421 1766/1/1766
f 606/1/606 581/1/581 573/1/573
f 573/1/573 591/1/591 606/1/606
f 643/1/643 626/1/626 581/1/581
f 581/1/581 606/1/606 643/1/643
f 727/1/727 703/1/703 626/1/626
f 626/1/626 643/1/643 727/1/727
f 811/1/811 791/1/791 703/1/703
f 703/1/703 727/1/727 811/1/811
f 908/1/908 895/1/895 791/1/791
f 791/1/791 811/1/811 908/1/908
f 1005/1/1005 989/1/989 895/1/895
f 895/1/895 908/1/908 1005/1/1005
f 1100/1/1100 1095/1/1095 989/1/989
f 989/1/989 1005/1/1005 1100/1/1100
f 1231/1/1231 1227/1/1227 1095/1/1095
f 1095/1/1095 1100/1/1100 1231/1/1231
f 1427/1/1427 1421/1/1421 1227/1/1227
f 1227/1/1227 1231/1/1231 1427/1/1427
f 1897/1/1897 1766/1/1766 1421/1/1421
f 1421/1/1421 1427/1/1427 1897/1/1897
f 615/1/615 606/1/606 591/1/591
f 591/1/591 598/1/598 615/1/615
f 653/1/653 643/1/643 606/1/606
f 606/1/606 615/1/615 653/1/653
f 735/1/735 727/1/727 643/1/643
f 643/1/643 653/1/653 735/1/735
f 820/1/820 811/1/811 727/1/727
f 727/1/727 735/1/735 820/1/820
f 913/1/913 908/1/908 811/1/811
f 811/1/811 820/1/820 913/1/913
f 1013/1/1013 1005/1/1005 908/1/908
f 908/1/908 913/1/913 1013/1/1013
f 1103/1/1103 1100/1/1100 1005/1/1005
f 1005/1/1005 1013/1/1013 1103/1/1103
f 1236/1/1236 1231/1/1231 1100/1/1100
f 1100/1/1100 1103/1/1103 1236/1/1236
f 1432/1/1432 1427/1/1427 1231/1/1231
f 1231/1/1231 1236/1/1236 1432/1/1432
f 1760/1/1760 1897/1/1897 1427/1/1427
f 1427/1/1427 1432/1/1432 1760/1/1760
f 2294/1/2294 2299/1/2299 1786/1/1786
f 1786/1/1786 1783/1/1783 2294/1/2294
f 2461/1/2461 2466/1/2466 2299/1/2299
f 2299/1/2299 2294/1/2294 2461/1/2461
f 2630/1/2630 2641/1/2641 2466/1/2466
f 2466/1/2466 2461/1/2461 2630/1/2630
f 2778/1/2778 2785/1/2785 2641/1/2641
f 2641/1/2641 2630/1/2630 2778/1/2778
f 2954/1/2954 2963/1/2963 2785/1/2785
f 2785/1/2785 2778/1/2778 2954/1/2954
f 3061/1/3061 3068/1/3068 2963/1/2963
f 2963/1/2963 2954/1/2954 3061/1/3061
f 3135/1/3135 3140/1/3140 3068/1/3068
f 3068/1/3068 3061/1/3061 3135/1/3135
f 3167/1/3167 3176/1/3176 3140/1/3140
f 3140/1/3140 3135/1/3135 3167/1/3167
f 3195/1/3195 3203/1/3203 3176/1/3176
f 3176/1/3176 3167/1/3167 3195/1/3195
f 3208/1/3208 3213/1/3213 3203/1/3203
f 3203/1/3203 3195/1/3195 3208/1/3208
f 2284/1/2284 2294/1/2294 1783/1/1783
f 1783/1/1783 1781/1/1781 2284/1/2284
f 2455/1/2455 2461/1/2461 2294/1/2294
f 2294/1/2294 2284/1/2284 2455/1/2455
f 2620/1/2620 2630/1/2630 2461/1/2461
f 2461/1/2461 2455/1/2455 2620/1/2620
f 2768/1/2768 2778/1/2778 2630/1/2630
f 2630/1/2630 2620/1/2620 2768/1/2768
f 2928/1/2928 2954/1/2954 2778/1/2778
f 2778/1/2778 2768/1/2768 2928/1/2928
f 3051/1/3051 3061/1/3061 2954/1/2954
f 2954/1/2954 2928/1/2928 3051/1/3051
f 3125/1/3125 3135/1/3135 3061/1/3061
f 3061/1/3061 3051/1/3051 3125/1/3125
f 3159/1/3159 3167/1/3167 3135/1/3135
f 3135/1/3135 3125/1/3125 3159/1/3159
f 3181/1/3181 3195/1/3195 3167/1/3167
f 3167/1/3167 3159/1/3159 3181/1/3181
f 3191/1/3191 3208/1/3208 3195/1/3195
f 3195/1/3195 3181/1/3181 3191/1/3191
f 2266/1/2266 2284/1/2284 1781/1/1781
f 1781/1/1781 1779/1/1779 2266/1/2266
f 2449/1/2449 2455/1/2455 2284/1/2284
f 2284/1/2284 2266/1/2266 2449/1/2449
f 2598/1/2598 2620/1/2620 2455/1/2455
f 2455/1/2455 2449/1/2449 2598/1/2598
f 2740/1/2740 2768/1/2768 2620/1/2620
f 2620/1/2620 2598/1/2598 2740/1/2740
f 2892/1/2892 2928/1/2928 2768/1/2768
f 2768/1/2768 2740/1/2740 2892/1/2892
f 3033/1/3033 3051/1/3051 2928/1/2928
f 2928/1/2928 2892/1/2892 3033/1/3033
f 3087/1/3087 3125/1/3125 3051/1/3051
f 3051/1/3051 3033/1/3033 3087/1/3087
f 3145/1/3145 3159/1/3159 3125/1/3125
f 3125/1/3125 3087/1/3087 3145/1/3145
f 3161/1/3161 3181/1/3181 3159/1/3159
f 3159/1/3159 3145/1/3145 3161/1/3161
f 3169/1/3169 3191/1/3191 3181/1/3181
f 3181/1/3181 3161/1/3161 3169/1/3169
f 2252/1/2252 2266/1/2266 1779/1/1779
f 1779/1/1779 1777/1/1777 2252/1/2252
f 2435/1/2435 2449/1/2449 2266/1/2266
f 2266/1/2266 2252/1/2252 2435/1/2435
f 2581/1/2581 2598/1/2598 2449/1/2449
f 2449/1/2449 2435/1/2435 2581/1/2581
f 2718/1/2718 2740/1/2740 2598/1/2598
f 2598/1/2598 2581/1/2581 2718/1/2718
f 2854/1/2854 2892/1/2892 2740/1/2740
f 2740/1/2740 2718/1/2718 2854/1/2854
f 2999/1/2999 3033/1/3033 2892/1/2892
f 2892/1/2892 2854/1/2854 2999/1/2999
f 3071/1/3071 3087/1/3087 3033/1/3033
f 3033/1/3033 2999/1/2999 3071/1/3071
f 3123/1/3123 3145/1/3145 3087/1/3087
f 3087/1/3087 3071/1/3071 3123/1/3123
f 3147/1/3147 3161/1/3161 3145/1/3145
f 3145/1/3145 3123/1/3123 3147/1/3147
f 3153/1/3153 3169/1/3169 3161/1/3161
f 3161/1/3161 3147/1/3147 3153/1/3153
f 2240/1/2240 2252/1/2252 1777/1/1777
f 1777/1/1777 1775/1/1775 2240/1/2240
f 2425/1/2425 2435/1/2435 2252/1/2252
f 2252/1/2252 2240/1/2240 2425/1/2425
f 2555/1/2555 2581/1/2581 2435/1/2435
f 2435/1/2435 2425/1/2425 2555/1/2555
f 2694/1/2694 2718/1/2718 2581/1/2581
f 2581/1/2581 2555/1/2555 2694/1/2694
f 2826/1/2826 2854/1/2854 2718/1/2718
f 2718/1/2718 2694/1/2694 2826/1/2826
f 2958/1/2958 2999/1/2999 2854/1/2854
f 2854/1/2854 2826/1/2826 2958/1/2958
f 3043/1/3043 3071/1/3071 2999/1/2999
f 2999/1/2999 2958/1/2958 3043/1/3043
f 3083/1/3083 3123/1/3123 3071/1/3071
f 3071/1/3071 3043/1/3043 3083/1/3083
f 3121/1/3121 3147/1/3147 3123/1/3123
f 3123/1/3123 3083/1/3083 3121/1/3121
f 3127/1/3127 3153/1/3153 3147/1/3147
f 3147/1/3147 3121/1/3121 3127/1/3127
f 2229/1/2229 2240/1/2240 1775/1/1775
f 1775/1/1775 1772/1/1772 2229/1/2229
f 2417/1/2417 2425/1/2425 2240/1/2240
f 2240/1/2240 2229/1/2229 2417/1/2417
f 2546/1/2546 2555/1/2555 2425/1/2425
f 2425/1/2425 2417/1/2417 2546/1/2546
f 2676/1/2676 2694/1/2694 2555/1/2555
f 2555/1/2555 2546/1/2546 2676/1/2676
f 2790/1/2790 2826/1/2826 2694/1/2694
f 2694/1/2694 2676/1/2676 2790/1/2790
f 2900/1/2900 2958/1/2958 2826/1/2826
f 2826/1/2826 2790/1/2790 2900/1/2900
f 3013/1/3013 3043/1/3043 2958/1/2958
f 2958/1/2958 2900/1/2900 3013/1/3013
f 3057/1/3057 3083/1/3083 3043/1/3043
f 3043/1/3043 3013/1/3013 3057/1/3057
f 3081/1/3081 3121/1/3121 3083/1/3083
f 3083/1/3083 3057/1/3057 3081/1/3081
f 3085/1/3085 3127/1/3127 3121/1/3121
f 3121/1/3121 3081/1/3081 3085/1/3085
f 2216/1/2216 2229/1/2229 1772/1/1772
f 1772/1/1772 1769/1/1769 2216/1/2216
f 2407/1/2407 2417/1/2417 2229/1/2229
f 2229/1/2229 2216/1/2216 2407/1/2407
f 2533/1/2533 2546/1/2546 2417/1/2417
f 2417/1/2417 2407/1/2407 2533/1/2533
f 2651/1/2651 2676/1/2676 2546/1/2546
f 2546/1/2546 2533/1/2533 2651/1/2651
f 2753/1/2753 2790/1/2790 2676/1/2676
f 2676/1/2676 2651/1/2651 2753/1/2753
f 2859/1/2859 2900/1/2900 2790/1/2790
f 2790/1/2790 2753/1/2753 2859/1/2859
f 2977/1/2977 3013/1/3013 2900/1/2900
f 2900/1/2900 2859/1/2859 2977/1/2977
f 3029/1/3029 3057/1/3057 3013/1/3013
f 3013/1/3013 2977/1/2977 3029/1/3029
f 3052/1/3052 3081/1/3081 3057/1/3057
f 3057/1/3057 3029/1/3029 3052/1/3052
f 3063/1/3063 3085/1/3085 3081/1/3081
f 3081/1/3081 3052/1/3052 3063/1/3063
f 2203/1/2203 2216/1/2216 1769/1/1769
f 1769/1/1769 1767/1/1767 2203/1/2203
f 2397/1/2397 2407/1/2407 2216/1/2216
f 2216/1/2216 2203/1/2203 2397/1/2397
f 2527/1/2527 2533/1/2533 2407/1/2407
f 2407/1/2407 2397/1/2397 2527/1/2527
f 2633/1/2633 2651/1/2651 2533/1/2533
f 2533/1/2533 2527/1/2527 2633/1/2633
f 2727/1/2727 2753/1/2753 2651/1/2651
f 2651/1/2651 2633/1/2633 2727/1/2727
f 2831/1/2831 2859/1/2859 2753/1/2753
f 2753/1/2753 2727/1/2727 2831/1/2831
f 2919/1/2919 2977/1/2977 2859/1/2859
f 2859/1/2859 2831/1/2831 2919/1/2919
f 2996/1/2996 3029/1/3029 2977/1/2977
f 2977/1/2977 2919/1/2919 2996/1/2996
f 3034/1/3034 3052/1/3052 3029/1/3029
f 3029/1/3029 2996/1/2996 3034/1/3034
f 3038/1/3038 3063/1/3063 3052/1/3052
f 3052/1/3052 3034/1/3034 3038/1/3038
f 2197/1/2197 2203/1/2203 1767/1/1767
f 1767/1/1767 1763/1/1763 2197/1/2197
f 2393/1/2393 2397/1/2397 2203/1/2203
f 2203/1/2203 2197/1/2197 2393/1/2393
f 2522/1/2522 2527/1/2527 2397/1/2397
f 2397/1/2397 2393/1/2393 2522/1/2522
f 2617/1/2617 2633/1/2633 2527/1/2527
f 2527/1/2527 2522/1/2522 2617/1/2617
f 2716/1/2716 2727/1/2727 2633/1/2633
f 2633/1/2633 2617/1/2617 2716/1/2716
f 2811/1/2811 2831/1/2831 2727/1/2727
f 2727/1/2727 2716/1/2716 2811/1/2811
f 2895/1/2895 2919/1/2919 2831/1/2831
f 2831/1/2831 2811/1/2811 2895/1/2895
f 2979/1/2979 2996/1/2996 2919/1/2919
f 2919/1/2919 2895/1/2895 2979/1/2979
f 3016/1/3016 3034/1/3034 2996/1/2996
f 2996/1/2996 2979/1/2979 3016/1/3016
f 3026/1/3026 3038/1/3038 3034/1/3034
f 3034/1/3034 3016/1/3016 3026/1/3026
f 2193/1/2193 2197/1/2197 1763/1/1763
f 1763/1/1763 1761/1/1761 2193/1/2193
f 2389/1/2389 2393/1/2393 2197/1/2197
f 2197/1/2197 2193/1/2193 2389/1/2389
f 2516/1/2516 2522/1/2522 2393/1/2393
f 2393/1/2393 2389/1/2389 2516/1/2516
f 2610/1/2610 2617/1/2617 2522/1/2522
f 2522/1/2522 2516/1/2516 2610/1/2610
f 2710/1/2710 2716/1/2716 2617/1/2617
f 2617/1/2617 2610/1/2610 2710/1/2710
f 2803/1/2803 2811/1/2811 2716/1/2716
f 2716/1/2716 2710/1/2710 2803/1/2803
f 2885/1/2885 2895/1/2895 2811/1/2811
f 2811/1/2811 2803/1/2803 2885/1/2885
f 2971/1/2971 2979/1/2979 2895/1/2895
f 2895/1/2895 2885/1/2885 2971/1/2971
f 3005/1/3005 3016/1/3016 2979/1/2979
f 2979/1/2979 2971/1/2971 3005/1/3005
f 3022/1/3022 3026/1/3026 3016/1/3016
f 3016/1/3016 3005/1/3005 3022/1/3022
f 461/1/461 545/1/545 544/1/544
f 544/1/544 456/1/456 461/1/461
f 463/1/463 551/1/551 545/1/545
f 545/1/545 461/1/461 463/1/463
f 465/1/465 557/1/557 551/1/551
f 551/1/551 463/1/463 465/1/465
f 469/1/469 567/1/567 557/1/557
f 557/1/557 465/1/465 469/1/469
f 471/1/471 575/1/575 567/1/567
f 567/1/567 469/1/469 471/1/471
f 473/1/473 577/1/577 575/1/575
f 575/1/575 471/1/471 473/1/473
f 475/1/475 589/1/589 577/1/577
f 577/1/577 473/1/473 475/1/475
f 477/1/477 593/1/593 589/1/589
f 589/1/589 475/1/475 477/1/477
f 479/1/479 595/1/595 593/1/593
f 593/1/593 477/1/477 479/1/479
f 481/1/481 599/1/599 595/1/595
f 595/1/595 479/1/479 481/1/481
f 389/1/389 461/1/461 456/1/456
f 456/1/456 392/1/392 389/1/389
f 386/1/386 463/1/463 461/1/461
f 461/1/461 389/1/389 386/1/386
f 379/1/379 465/1/465 463/1/463
f 463/1/463 386/1/386 379/1/379
f 373/1/373 469/1/469 465/1/465
f 465/1/465 379/1/379 373/1/373
f 371/1/371 471/1/471 469/1/469
f 469/1/469 373/1/373 371/1/371
f 369/1/369 473/1/473 471/1/471
f 471/1/471 371/1/371 369/1/369
f 366/1/366 475/1/475 473/1/473
f 473/1/473 369/1/369 366/1/366
f 364/1/364 477/1/477 475/1/475
f 475/1/475 366/1/366 364/1/364
f 362/1/362 479/1/479 477/1/477
f 477/1/477 364/1/364 362/1/362
f 361/1/361 481/1/481 479/1/479
f 479/1/479 362/1/362 361/1/361
f 335/1/335 389/1/389 392/1/392
f 392/1/392 337/1/337 335/1/335
f 333/1/333 386/1/386 389/1/389
f 389/1/389 335/1/335 333/1/333
f 331/1/331 379/1/379 386/1/386
f 386/1/386 333/1/333 331/1/331
f 329/1/329 373/1/373 379/1/379
f 379/1/379 331/1/331 329/1/329
f 328/1/328 371/1/371 373/1/373
f 373/1/373 329/1/329 328/1/328
f 325/1/325 369/1/369 371/1/371
f 371/1/371 328/1/328 325/1/325
f 323/1/323 366/1/366 369/1/369
f 369/1/369 325/1/325 323/1/323
f 321/1/321 364/1/364 366/1/366
f 366/1/366 323/1/323 321/1/321
f 319/1/319 362/1/362 364/1/364
f 364/1/364 321/1/321 319/1/319
f 316/1/316 361/1/361 362/1/362
f 362/1/362 319/1/319 316/1/316
f 298/1/298 335/1/335 337/1/337
f 337/1/337 302/1/302 298/1/298
f 290/1/290 333/1/333 335/1/335
f 335/1/335 298/1/298 290/1/290
f 288/1/288 331/1/331 333/1/333
f 333/1/333 290/1/290 288/1/288
f 286/1/286 329/1/329 331/1/331
f 331/1/331 288/1/288 286/1/286
f 281/1/281 328/1/328 329/1/329
f 329/1/329 286/1/286 281/1/281
f 275/1/275 325/1/325 328/1/328
f 328/1/328 281/1/281 275/1/275
f 265/1/265 323/1/323 325/1/325
f 325/1/325 275/1/275 265/1/265
f 259/1/259 321/1/321 323/1/323
f 323/1/323 265/1/265 259/1/259
f 255/1/255 319/1/319 321/1/321
f 321/1/321 259/1/259 255/1/255
f 249/1/249 316/1/316 319/1/319
f 319/1/319 255/1/255 249/1/249
f 269/1/269 298/1/298 302/1/302
f 302/1/302 271/1/271 269/1/269
f 261/1/261 290/1/290 298/1/298
f 298/1/298 269/1/269 261/1/261
f 251/1/251 288/1/288 290/1/290
f 290/1/290 261/1/261 251/1/251
f 238/1/238 286/1/286 288/1/288
f 288/1/288 251/1/251 238/1/238
f 230/1/230 281/1/281 286/1/286
f 286/1/286 238/1/238 230/1/230
f 218/1/218 275/1/275 281/1/281
f 281/1/281 230/1/230 218/1/218
f 208/1/208 265/1/265 275/1/275
f 275/1/275 218/1/218 208/1/208
f 196/1/196 259/1/259 265/1/265
f 265/1/265 208/1/208 196/1/196
f 186/1/186 255/1/255 259/1/259
f 259/1/259 196/1/196 186/1/186
f 181/1/181 249/1/249 255/1/255
f 255/1/255 186/1/186 181/1/181
f 228/1/228 269/1/269 271/1/271
f 271/1/271 234/1/234 228/1/228
f 222/1/222 261/1/261 269/1/269
f 269/1/269 228/1/228 222/1/222
f 212/1/212 251/1/251 261/1/261
f 261/1/261 222/1/222 212/1/212
f 200/1/200 238/1/238 251/1/251
f 251/1/251 212/1/212 200/1/200
f 177/1/177 230/1/230 238/1/238
f 238/1/238 200/1/200 177/1/177
f 160/1/160 218/1/218 230/1/230
f 230/1/230 177/1/177 160/1/160
f 134/1/134 208/1/208 218/1/218
f 218/1/218 160/1/160 134/1/134
f 112/1/112 196/1/196 208/1/208
f 208/1/208 134/1/134 112/1/112
f 102/1/102 186/1/186 196/1/196
f 196/1/196 112/1/112 102/1/102
f 96/1/96 181/1/181 186/1/186
f 186/1/186 102/1/102 96/1/96
f 198/1/198 228/1/228 234/1/234
f 234/1/234 205/1/205 198/1/198
f 182/1/182 222/1/222 228/1/228
f 228/1/228 198/1/198 182/1/182
f 168/1/168 212/1/212 222/1/222
f 222/1/222 182/1/182 168/1/168
f 146/1/146 200/1/200 212/1/212
f 212/1/212 168/1/168 146/1/146
f 118/1/118 177/1/177 200/1/200
f 200/1/200 146/1/146 118/1/118
f 92/1/92 160/1/160 177/1/177
f 177/1/177 118/1/118 92/1/92
f 74/1/74 134/1/134 160/1/160
f 160/1/160 92/1/92 74/1/74
f 63/1/63 112/1/112 134/1/134
f 134/1/134 74/1/74 63/1/63
f 53/1/53 102/1/102 112/1/112
f 112/1/112 63/1/63 53/1/53
f 50/1/50 96/1/96 102/1/102
f 102/1/102 53/1/53 50/1/50
f 167/1/167 198/1/198 205/1/205
f 205/1/205 170/1/170 167/1/167
f 154/1/154 182/1/182 198/1/198
f 198/1/198 167/1/167 154/1/154
f 126/1/126 168/1/168 182/1/182
f 182/1/182 154/1/154 126/1/126
f 100/1/100 146/1/146 168/1/168
f 168/1/168 126/1/126 100/1/100
f 83/1/83 118/1/118 146/1/146
f 146/1/146 100/1/100 83/1/83
f 61/1/61 92/1/92 118/1/118
f 118/1/118 83/1/83 61/1/61
f 46/1/46 74/1/74 92/1/92
f 92/1/92 61/1/61 46/1/46
f 32/1/32 63/1/63 74/1/74
f 74/1/74 46/1/46 32/1/32
f 25/1/25 53/1/53 63/1/63
f 63/1/63 32/1/32 25/1/25
f 21/1/21 50/1/50 53/1/53
f 53/1/53 25/1/25 21/1/21
f 143/1/143 167/1/167 170/1/170
f 170/1/170 150/1/150 143/1/143
f 124/1/124 154/1/154 167/1/167
f 167/1/167 143/1/143 124/1/124
f 104/1/104 126/1/126 154/1/154
f 154/1/154 124/1/124 104/1/104
f 84/1/84 100/1/100 126/1/126
f 126/1/126 104/1/104 84/1/84
f 65/1/65 83/1/83 100/1/100
f 100/1/100 84/1/84 65/1/65
f 44/1/44 61/1/61 83/1/83
f 83/1/83 65/1/65 44/1/44
f 30/1/30 46/1/46 61/1/61
f 61/1/61 44/1/44 30/1/30
f 17/1/17 32/1/32 46/1/46
f 46/1/46 30/1/30 17/1/17
f 9/1/9 25/1/25 32/1/32
f 32/1/32 17/1/17 9/1/9
f 5/1/5 21/1/21 25/1/25
f 25/1/25 9/1/9 5/1/5
f 132/1/132 143/1/143 150/1/150
f 150/1/150 140/1/140 132/1/132
f 116/1/116 124/1/124 143/1/143
f 143/1/143 132/1/132 116/1/116
f 94/1/94 104/1/104 124/1/124
f 124/1/124 116/1/116 94/1/94
f 76/1/76 84/1/84 104/1/104
f 104/1/104 94/1/94 76/1/76
f 55/1/55 65/1/65 84/1/84
f 84/1/84 76/1/76 55/1/55
f 40/1/40 44/1/44 65/1/65
f 65/1/65 55/1/55 40/1/40
f 22/1/22 30/1/30 44/1/44
f 44/1/44 40/1/40 22/1/22
f 11/1/11 17/1/17 30/1/30
f 30/1/30 22/1/22 11/1/11
f 2/1/2 9/1/9 17/1/17
f 17/1/17 11/1/11 2/1/2
f 1/1/1 5/1/5 9/1/9
f 9/1/9 2/1/2 1/1/1
f 480/1/480 596/1/596 599/1/599
f 599/1/599 481/1/481 480/1/480
f 478/1/478 594/1/594 596/1/596
f 596/1/596 480/1/480 478/1/478
f 476/1/476 590/1/590 594/1/594
f 594/1/594 478/1/478 476/1/476
f 474/1/474 578/1/578 590/1/590
f 590/1/590 476/1/476 474/1/474
f 472/1/472 576/1/576 578/1/578
f 578/1/578 474/1/474 472/1/472
f 470/1/470 568/1/568 576/1/576
f 576/1/576 472/1/472 470/1/470
f 466/1/466 558/1/558 568/1/568
f 568/1/568 470/1/470 466/1/466
f 464/1/464 552/1/552 558/1/558
f 558/1/558 466/1/466 464/1/464
f 462/1/462 546/1/546 552/1/552
f 552/1/552 464/1/464 462/1/462
f 456/1/456 544/1/544 546/1/546
f 546/1/546 462/1/462 456/1/456
f 363/1/363 480/1/480 481/1/481
f 481/1/481 360/1/360 363/1/363
f 365/1/365 478/1/478 480/1/480
f 480/1/480 363/1/363 365/1/365
f 367/1/367 476/1/476 478/1/478
f 478/1/478 365/1/365 367/1/367
f 368/1/368 474/1/474 476/1/476
f 476/1/476 367/1/367 368/1/368
f 370/1/370 472/1/472 474/1/474
f 474/1/474 368/1/368 370/1/370
f 372/1/372 470/1/470 472/1/472
f 472/1/472 370/1/370 372/1/372
f 380/1/380 466/1/466 470/1/470
f 470/1/470 372/1/372 380/1/380
f 385/1/385 464/1/464 466/1/466
f 466/1/466 380/1/380 385/1/385
f 390/1/390 462/1/462 464/1/464
f 464/1/464 385/1/385 390/1/390
f 391/1/391 456/1/456 462/1/462
f 462/1/462 390/1/390 391/1/391
f 320/1/320 363/1/363 360/1/360
f 360/1/360 316/1/316 320/1/320
f 322/1/322 365/1/365 363/1/363
f 363/1/363 320/1/320 322/1/322
f 324/1/324 367/1/367 365/1/365
f 365/1/365 322/1/322 324/1/324
f 326/1/326 368/1/368 367/1/367
f 367/1/367 324/1/324 326/1/326
f 327/1/327 370/1/370 368/1/368
f 368/1/368 326/1/326 327/1/327
f 330/1/330 372/1/372 370/1/370
f 370/1/370 327/1/327 330/1/330
f 332/1/332 380/1/380 372/1/372
f 372/1/372 330/1/330 332/1/332
f 334/1/334 385/1/385 380/1/380
f 380/1/380 332/1/332 334/1/334
f 336/1/336 390/1/390 385/1/385
f 385/1/385 334/1/334 336/1/336
f 337/1/337 391/1/391 390/1/390
f 390/1/390 336/1/336 337/1/337
f 256/1/256 320/1/320 316/1/316
f 316/1/316 250/1/250 256/1/256
f 260/1/260 322/1/322 320/1/320
f 320/1/320 256/1/256 260/1/260
f 266/1/266 324/1/324 322/1/322
f 322/1/322 260/1/260 266/1/266
f 276/1/276 326/1/326 324/1/324
f 324/1/324 266/1/266 276/1/276
f 282/1/282 327/1/327 326/1/326
f 326/1/326 276/1/276 282/1/282
f 287/1/287 330/1/330 327/1/327
f 327/1/327 282/1/282 287/1/287
f 289/1/289 332/1/332 330/1/330
f 330/1/330 287/1/287 289/1/289
f 291/1/291 334/1/334 332/1/332
f 332/1/332 289/1/289 291/1/291
f 299/1/299 336/1/336 334/1/334
f 334/1/334 291/1/291 299/1/299
f 303/1/303 337/1/337 336/1/336
f 336/1/336 299/1/299 303/1/303
f 187/1/187 256/1/256 250/1/250
f 250/1/250 181/1/181 187/1/187
f 197/1/197 260/1/260 256/1/256
f 256/1/256 187/1/187 197/1/197
f 209/1/209 266/1/266 260/1/260
f 260/1/260 197/1/197 209/1/209
f 219/1/219 276/1/276 266/1/266
f 266/1/266 209/1/209 219/1/219
f 231/1/231 282/1/282 276/1/276
f 276/1/276 219/1/219 231/1/231
f 239/1/239 287/1/287 282/1/282
f 282/1/282 231/1/231 239/1/239
f 252/1/252 289/1/289 287/1/287
f 287/1/287 239/1/239 252/1/252
f 262/1/262 291/1/291 289/1/289
f 289/1/289 252/1/252 262/1/262
f 270/1/270 299/1/299 291/1/291
f 291/1/291 262/1/262 270/1/270
f 272/1/272 303/1/303 299/1/299
f 299/1/299 270/1/270 272/1/272
f 103/1/103 187/1/187 181/1/181
f 181/1/181 97/1/97 103/1/103
f 113/1/113 197/1/197 187/1/187
f 187/1/187 103/1/103 113/1/113
f 135/1/135 209/1/209 197/1/197
f 197/1/197 113/1/113 135/1/135
f 161/1/161 219/1/219 209/1/209
f 209/1/209 135/1/135 161/1/161
f 178/1/178 231/1/231 219/1/219
f 219/1/219 161/1/161 178/1/178
f 201/1/201 239/1/239 231/1/231
f 231/1/231 178/1/178 201/1/201
f 213/1/213 252/1/252 239/1/239
f 239/1/239 201/1/201 213/1/213
f 223/1/223 262/1/262 252/1/252
f 252/1/252 213/1/213 223/1/223
f 229/1/229 270/1/270 262/1/262
f 262/1/262 223/1/223 229/1/229
f 235/1/235 272/1/272 270/1/270
f 270/1/270 229/1/229 235/1/235
f 54/1/54 103/1/103 97/1/97
f 97/1/97 50/1/50 54/1/54
f 64/1/64 113/1/113 103/1/103
f 103/1/103 54/1/54 64/1/64
f 75/1/75 135/1/135 113/1/113
f 113/1/113 64/1/64 75/1/75
f 93/1/93 161/1/161 135/1/135
f 135/1/135 75/1/75 93/1/93
f 119/1/119 178/1/178 161/1/161
f 161/1/161 93/1/93 119/1/119
f 147/1/147 201/1/201 178/1/178
f 178/1/178 119/1/119 147/1/147
f 169/1/169 213/1/213 201/1/201
f 201/1/201 147/1/147 169/1/169
f 183/1/183 223/1/223 213/1/213
f 213/1/213 169/1/169 183/1/183
f 199/1/199 229/1/229 223/1/223
f 223/1/223 183/1/183 199/1/199
f 205/1/205 235/1/235 229/1/229
f 229/1/229 199/1/199 205/1/205
f 24/1/24 54/1/54 50/1/50
f 50/1/50 21/1/21 24/1/24
f 33/1/33 64/1/64 54/1/54
f 54/1/54 24/1/24 33/1/33
f 47/1/47 75/1/75 64/1/64
f 64/1/64 33/1/33 47/1/47
f 62/1/62 93/1/93 75/1/75
f 75/1/75 47/1/47 62/1/62
f 82/1/82 119/1/119 93/1/93
f 93/1/93 62/1/62 82/1/82
f 101/1/101 147/1/147 119/1/119
f 119/1/119 82/1/82 101/1/101
f 127/1/127 169/1/169 147/1/147
f 147/1/147 101/1/101 127/1/127
f 155/1/155 183/1/183 169/1/169
f 169/1/169 127/1/127 155/1/155
f 166/1/166 199/1/199 183/1/183
f 183/1/183 155/1/155 166/1/166
f 171/1/171 205/1/205 199/1/199
f 199/1/199 166/1/166 171/1/171
f 10/1/10 24/1/24 21/1/21
f 21/1/21 6/1/6 10/1/10
f 18/1/18 33/1/33 24/1/24
f 24/1/24 10/1/10 18/1/18
f 31/1/31 47/1/47 33/1/33
f 33/1/33 18/1/18 31/1/31
f 45/1/45 62/1/62 47/1/47
f 47/1/47 31/1/31 45/1/45
f 66/1/66 82/1/82 62/1/62
f 62/1/62 45/1/45 66/1/66
f 85/1/85 101/1/101 82/1/82
f 82/1/82 66/1/66 85/1/85
f 105/1/105 127/1/127 101/1/101
f 101/1/101 85/1/85 105/1/105
f 125/1/125 155/1/155 127/1/127
f 127/1/127 105/1/105 125/1/125
f 144/1/144 166/1/166 155/1/155
f 155/1/155 125/1/125 144/1/144
f 151/1/151 171/1/171 166/1/166
f 166/1/166 144/1/144 151/1/151
f 3/1/3 10/1/10 6/1/6
f 6/1/6 1/1/1 3/1/3
f 12/1/12 18/1/18 10/1/10
f 10/1/10 3/1/3 12/1/12
f 23/1/23 31/1/31 18/1/18
f 18/1/18 12/1/12 23/1/23
f 41/1/41 45/1/45 31/1/31
f 31/1/31 23/1/23 41/1/41
f 56/1/56 66/1/66 45/1/45
f 45/1/45 41/1/41 56/1/56
f 77/1/77 85/1/85 66/1/66
f 66/1/66 56/1/56 77/1/77
f 95/1/95 105/1/105 85/1/85
f 85/1/85 77/1/77 95/1/95
f 117/1/117 125/1/125 105/1/105
f 105/1/105 95/1/95 117/1/117
f 133/1/133 144/1/144 125/1/125
f 125/1/125 117/1/117 133/1/133
f 140/1/140 151/1/151 144/1/144
f 144/1/144 133/1/133 140/1/140
f 138/1/138 132/1/132 140/1/140
f 140/1/140 145/1/145 138/1/138
f 122/1/122 116/1/116 132/1/132
f 132/1/132 138/1/138 122/1/122
f 98/1/98 94/1/94 116/1/116
f 116/1/116 122/1/122 98/1/98
f 80/1/80 76/1/76 94/1/94
f 94/1/94 98/1/98 80/1/80
f 60/1/60 55/1/55 76/1/76
f 76/1/76 80/1/80 60/1/60
f 42/1/42 40/1/40 55/1/55
f 55/1/55 60/1/60 42/1/42
f 28/1/28 22/1/22 40/1/40
f 40/1/40 42/1/42 28/1/28
f 13/1/13 11/1/11 22/1/22
f 22/1/22 28/1/28 13/1/13
f 7/1/7 2/1/2 11/1/11
f 11/1/11 13/1/13 7/1/7
f 4/1/4 1/1/1 2/1/2
f 2/1/2 7/1/7 4/1/4
f 152/1/152 138/1/138 145/1/145
f 145/1/145 158/1/158 152/1/152
f 136/1/136 122/1/122 138/1/138
f 138/1/138 152/1/152 136/1/136
f 108/1/108 98/1/98 122/1/122
f 122/1/122 136/1/136 108/1/108
f 89/1/89 80/1/80 98/1/98
f 98/1/98 108/1/108 89/1/89
f 70/1/70 60/1/60 80/1/80
f 80/1/80 89/1/89 70/1/70
f 52/1/52 42/1/42 60/1/60
f 60/1/60 70/1/70 52/1/52
f 38/1/38 28/1/28 42/1/42
f 42/1/42 52/1/52 38/1/38
f 26/1/26 13/1/13 28/1/28
f 28/1/28 38/1/38 26/1/26
f 19/1/19 7/1/7 13/1/13
f 13/1/13 26/1/26 19/1/19
f 15/1/15 4/1/4 7/1/7
f 7/1/7 19/1/19 15/1/15
f 173/1/173 152/1/152 158/1/158
f 158/1/158 176/1/176 173/1/173
f 162/1/162 136/1/136 152/1/152
f 152/1/152 173/1/173 162/1/162
f 142/1/142 108/1/108 136/1/136
f 136/1/136 162/1/162 142/1/142
f 111/1/111 89/1/89 108/1/108
f 108/1/108 142/1/142 111/1/111
f 91/1/91 70/1/70 89/1/89
f 89/1/89 111/1/111 91/1/91
f 73/1/73 52/1/52 70/1/70
f 70/1/70 91/1/91 73/1/73
f 58/1/58 38/1/38 52/1/52
f 52/1/52 73/1/73 58/1/58
f 48/1/48 26/1/26 38/1/38
f 38/1/38 58/1/58 48/1/48
f 37/1/37 19/1/19 26/1/26
f 26/1/26 48/1/48 37/1/37
f 35/1/35 15/1/15 19/1/19
f 19/1/19 37/1/37 35/1/35
f 194/1/194 173/1/173 176/1/176
f 176/1/176 202/1/202 194/1/194
f 184/1/184 162/1/162 173/1/173
f 173/1/173 194/1/194 184/1/184
f 174/1/174 142/1/142 162/1/162
f 162/1/162 184/1/184 174/1/174
f 156/1/156 111/1/111 142/1/142
f 142/1/142 174/1/174 156/1/156
f 128/1/128 91/1/91 111/1/111
f 111/1/111 156/1/156 128/1/128
f 106/1/106 73/1/73 91/1/91
f 91/1/91 128/1/128 106/1/106
f 86/1/86 58/1/58 73/1/73
f 73/1/73 106/1/106 86/1/86
f 78/1/78 48/1/48 58/1/58
f 58/1/58 86/1/86 78/1/78
f 68/1/68 37/1/37 48/1/48
f 48/1/48 78/1/78 68/1/68
f 67/1/67 35/1/35 37/1/37
f 37/1/37 68/1/68 67/1/67
f 221/1/221 194/1/194 202/1/202
f 202/1/202 225/1/225 221/1/221
f 216/1/216 184/1/184 194/1/194
f 194/1/194 221/1/221 216/1/216
f 206/1/206 174/1/174 184/1/184
f 184/1/184 216/1/216 206/1/206
f 192/1/192 156/1/156 174/1/174
f 174/1/174 206/1/206 192/1/192
f 180/1/180 128/1/128 156/1/156
f 156/1/156 192/1/192 180/1/180
f 164/1/164 106/1/106 128/1/128
f 128/1/128 180/1/180 164/1/164
f 148/1/148 86/1/86 106/1/106
f 106/1/106 164/1/164 148/1/148
f 130/1/130 78/1/78 86/1/86
f 86/1/86 148/1/148 130/1/130
f 121/1/121 68/1/68 78/1/78
f 78/1/78 130/1/130 121/1/121
f 115/1/115 67/1/67 68/1/68
f 68/1/68 121/1/121 115/1/115
f 244/1/244 221/1/221 225/1/225
f 225/1/225 247/1/247 244/1/244
f 240/1/240 216/1/216 221/1/221
f 221/1/221 244/1/244 240/1/240
f 236/1/236 206/1/206 216/1/216
f 216/1/216 240/1/240 236/1/236
f 233/1/233 192/1/192 206/1/206
f 206/1/206 236/1/236 233/1/233
f 227/1/227 180/1/180 192/1/192
f 192/1/192 233/1/233 227/1/227
f 215/1/215 164/1/164 180/1/180
f 180/1/180 227/1/227 215/1/215
f 210/1/210 148/1/148 164/1/164
f 164/1/164 215/1/215 210/1/210
f 203/1/203 130/1/130 148/1/148
f 148/1/148 210/1/210 203/1/203
f 191/1/191 121/1/121 130/1/130
f 130/1/130 203/1/203 191/1/191
f 188/1/188 115/1/115 121/1/121
f 121/1/121 191/1/191 188/1/188
f 284/1/284 244/1/244 247/1/247
f 247/1/247 285/1/285 284/1/284
f 279/1/279 240/1/240 244/1/244
f 244/1/244 284/1/284 279/1/279
f 277/1/277 236/1/236 240/1/240
f 240/1/240 279/1/279 277/1/277
f 273/1/273 233/1/233 236/1/236
f 236/1/236 277/1/277 273/1/273
f 267/1/267 227/1/227 233/1/233
f 233/1/233 273/1/273 267/1/267
f 263/1/263 215/1/215 227/1/227
f 227/1/227 267/1/267 263/1/263
f 258/1/258 210/1/210 215/1/215
f 215/1/215 263/1/263 258/1/258
f 253/1/253 203/1/203 210/1/210
f 210/1/210 258/1/258 253/1/253
f 245/1/245 191/1/191 203/1/203
f 203/1/203 253/1/253 245/1/245
f 242/1/242 188/1/188 191/1/191
f 191/1/191 245/1/245 242/1/242
f 315/1/315 284/1/284 285/1/285
f 285/1/285 318/1/318 315/1/315
f 312/1/312 279/1/279 284/1/284
f 284/1/284 315/1/315 312/1/312
f 311/1/311 277/1/277 279/1/279
f 279/1/279 312/1/312 311/1/311
f 309/1/309 273/1/273 277/1/277
f 277/1/277 311/1/311 309/1/309
f 307/1/307 267/1/267 273/1/273
f 273/1/273 309/1/309 307/1/307
f 305/1/305 263/1/263 267/1/267
f 267/1/267 307/1/307 305/1/305
f 301/1/301 258/1/258 263/1/263
f 263/1/263 305/1/305 301/1/301
f 297/1/297 253/1/253 258/1/258
f 258/1/258 301/1/301 297/1/297
f 295/1/295 245/1/245 253/1/253
f 253/1/253 297/1/297 295/1/295
f 293/1/293 242/1/242 245/1/245
f 245/1/245 295/1/295 293/1/293
f 341/1/341 315/1/315 318/1/318
f 318/1/318 339/1/339 341/1/341
f 343/1/343 312/1/312 315/1/315
f 315/1/315 341/1/341 343/1/343
f 345/1/345 311/1/311 312/1/312
f 312/1/312 343/1/343 345/1/345
f 347/1/347 309/1/309 311/1/311
f 311/1/311 345/1/345 347/1/347
f 349/1/349 307/1/307 309/1/309
f 309/1/309 347/1/347 349/1/349
f 351/1/351 305/1/305 307/1/307
f 307/1/307 349/1/349 351/1/351
f 353/1/353 301/1/301 305/1/305
f 305/1/305 351/1/351 353/1/353
f 355/1/355 297/1/297 301/1/301
f 301/1/301 353/1/353 355/1/355
f 357/1/357 295/1/295 297/1/297
f 297/1/297 355/1/355 357/1/357
f 359/1/359 293/1/293 295/1/295
f 295/1/295 357/1/357 359/1/359
f 378/1/378 341/1/341 339/1/339
f 339/1/339 376/1/376 378/1/378
f 384/1/384 343/1/343 341/1/341
f 341/1/341 378/1/378 384/1/384
f 394/1/394 345/1/345 343/1/343
f 343/1/343 384/1/384 394/1/394
f 403/1/403 347/1/347 345/1/345
f 345/1/345 394/1/394 403/1/403
f 406/1/406 349/1/349 347/1/347
f 347/1/347 403/1/403 406/1/406
f 415/1/415 351/1/351 349/1/349
f 349/1/349 406/1/406 415/1/415
f 419/1/419 353/1/353 351/1/351
f 351/1/351 415/1/415 419/1/419
f 423/1/423 355/1/355 353/1/353
f 353/1/353 419/1/419 423/1/423
f 425/1/425 357/1/357 355/1/355
f 355/1/355 423/1/423 425/1/425
f 427/1/427 359/1/359 357/1/357
f 357/1/357 425/1/425 427/1/427
f 8/1/8 3/1/3 1/1/1
f 1/1/1 4/1/4 8/1/8
f 14/1/14 12/1/12 3/1/3
f 3/1/3 8/1/8 14/1/14
f 29/1/29 23/1/23 12/1/12
f 12/1/12 14/1/14 29/1/29
f 43/1/43 41/1/41 23/1/23
f 23/1/23 29/1/29 43/1/43
f 59/1/59 56/1/56 41/1/41
f 41/1/41 43/1/43 59/1/59
f 81/1/81 77/1/77 56/1/56
f 56/1/56 59/1/59 81/1/81
f 99/1/99 95/1/95 77/1/77
f 77/1/77 81/1/81 99/1/99
f 123/1/123 117/1/117 95/1/95
f 95/1/95 99/1/99 123/1/123
f 139/1/139 133/1/133 117/1/117
f 117/1/117 123/1/123 139/1/139
f 145/1/145 140/1/140 133/1/133
f 133/1/133 139/1/139 145/1/145
f 20/1/20 8/1/8 4/1/4
f 4/1/4 16/1/16 20/1/20
f 27/1/27 14/1/14 8/1/8
f 8/1/8 20/1/20 27/1/27
f 39/1/39 29/1/29 14/1/14
f 14/1/14 27/1/27 39/1/39
f 51/1/51 43/1/43 29/1/29
f 29/1/29 39/1/39 51/1/51
f 71/1/71 59/1/59 43/1/43
f 43/1/43 51/1/51 71/1/71
f 88/1/88 81/1/81 59/1/59
f 59/1/59 71/1/71 88/1/88
f 109/1/109 99/1/99 81/1/81
f 81/1/81 88/1/88 109/1/109
f 137/1/137 123/1/123 99/1/99
f 99/1/99 109/1/109 137/1/137
f 153/1/153 139/1/139 123/1/123
f 123/1/123 137/1/137 153/1/153
f 159/1/159 145/1/145 139/1/139
f 139/1/139 153/1/153 159/1/159
f 36/1/36 20/1/20 16/1/16
f 16/1/16 34/1/34 36/1/36
f 49/1/49 27/1/27 20/1/20
f 20/1/20 36/1/36 49/1/49
f 57/1/57 39/1/39 27/1/27
f 27/1/27 49/1/49 57/1/57
f 72/1/72 51/1/51 39/1/39
f 39/1/39 57/1/57 72/1/72
f 90/1/90 71/1/71 51/1/51
f 51/1/51 72/1/72 90/1/90
f 110/1/110 88/1/88 71/1/71
f 71/1/71 90/1/90 110/1/110
f 141/1/141 109/1/109 88/1/88
f 88/1/88 110/1/110 141/1/141
f 163/1/163 137/1/137 109/1/109
f 109/1/109 141/1/141 163/1/163
f 172/1/172 153/1/153 137/1/137
f 137/1/137 163/1/163 172/1/172
f 176/1/176 159/1/159 153/1/153
f 153/1/153 172/1/172 176/1/176
f 69/1/69 36/1/36 34/1/34
f 34/1/34 67/1/67 69/1/69
f 79/1/79 49/1/49 36/1/36
f 36/1/36 69/1/69 79/1/79
f 87/1/87 57/1/57 49/1/49
f 49/1/49 79/1/79 87/1/87
f 107/1/107 72/1/72 57/1/57
f 57/1/57 87/1/87 107/1/107
f 129/1/129 90/1/90 72/1/72
f 72/1/72 107/1/107 129/1/129
f 157/1/157 110/1/110 90/1/90
f 90/1/90 129/1/129 157/1/157
f 175/1/175 141/1/141 110/1/110
f 110/1/110 157/1/157 175/1/175
f 185/1/185 163/1/163 141/1/141
f 141/1/141 175/1/175 185/1/185
f 195/1/195 172/1/172 163/1/163
f 163/1/163 185/1/185 195/1/195
f 202/1/202 176/1/176 172/1/172
f 172/1/172 195/1/195 202/1/202
f 120/1/120 69/1/69 67/1/67
f 67/1/67 114/1/114 120/1/120
f 131/1/131 79/1/79 69/1/69
f 69/1/69 120/1/120 131/1/131
f 149/1/149 87/1/87 79/1/79
f 79/1/79 131/1/131 149/1/149
f 165/1/165 107/1/107 87/1/87
f 87/1/87 149/1/149 165/1/165
f 179/1/179 129/1/129 107/1/107
f 107/1/107 165/1/165 179/1/179
f 193/1/193 157/1/157 129/1/129
f 129/1/129 179/1/179 193/1/193
f 207/1/207 175/1/175 157/1/157
f 157/1/157 193/1/193 207/1/207
f 217/1/217 185/1/185 175/1/175
f 175/1/175 207/1/207 217/1/217
f 220/1/220 195/1/195 185/1/185
f 185/1/185 217/1/217 220/1/220
f 224/1/224 202/1/202 195/1/195
f 195/1/195 220/1/220 224/1/224
f 190/1/190 120/1/120 114/1/114
f 114/1/114 189/1/189 190/1/190
f 204/1/204 131/1/131 120/1/120
f 120/1/120 190/1/190 204/1/204
f 211/1/211 149/1/149 131/1/131
f 131/1/131 204/1/204 211/1/211
f 214/1/214 165/1/165 149/1/149
f 149/1/149 211/1/211 214/1/214
f 226/1/226 179/1/179 165/1/165
f 165/1/165 214/1/214 226/1/226
f 232/1/232 193/1/193 179/1/179
f 179/1/179 226/1/226 232/1/232
f 237/1/237 207/1/207 193/1/193
f 193/1/193 232/1/232 237/1/237
f 241/1/241 217/1/217 207/1/207
f 207/1/207 237/1/237 241/1/241
f 243/1/243 220/1/220 217/1/217
f 217/1/217 241/1/241 243/1/243
f 248/1/248 224/1/224 220/1/220
f 220/1/220 243/1/243 248/1/248
f 246/1/246 190/1/190 189/1/189
f 189/1/189 242/1/242 246/1/246
f 254/1/254 204/1/204 190/1/190
f 190/1/190 246/1/246 254/1/254
f 257/1/257 211/1/211 204/1/204
f 204/1/204 254/1/254 257/1/257
f 264/1/264 214/1/214 211/1/211
f 211/1/211 257/1/257 264/1/264
f 268/1/268 226/1/226 214/1/214
f 214/1/214 264/1/264 268/1/268
f 274/1/274 232/1/232 226/1/226
f 226/1/226 268/1/268 274/1/274
f 278/1/278 237/1/237 232/1/232
f 232/1/232 274/1/274 278/1/278
f 280/1/280 241/1/241 237/1/237
f 237/1/237 278/1/278 280/1/280
f 283/1/283 243/1/243 241/1/241
f 241/1/241 280/1/280 283/1/283
f 285/1/285 248/1/248 243/1/243
f 243/1/243 283/1/283 285/1/285
f 294/1/294 246/1/246 242/1/242
f 242/1/242 292/1/292 294/1/294
f 296/1/296 254/1/254 246/1/246
f 246/1/246 294/1/294 296/1/296
f 300/1/300 257/1/257 254/1/254
f 254/1/254 296/1/296 300/1/300
f 304/1/304 264/1/264 257/1/257
f 257/1/257 300/1/300 304/1/304
f 306/1/306 268/1/268 264/1/264
f 264/1/264 304/1/304 306/1/306
f 308/1/308 274/1/274 268/1/268
f 268/1/268 306/1/306 308/1/308
f 310/1/310 278/1/278 274/1/274
f 274/1/274 308/1/308 310/1/310
f 313/1/313 280/1/280 278/1/278
f 278/1/278 310/1/310 313/1/313
f 314/1/314 283/1/283 280/1/280
f 280/1/280 313/1/313 314/1/314
f 317/1/317 285/1/285 283/1/283
f 283/1/283 314/1/314 317/1/317
f 356/1/356 294/1/294 292/1/292
f 292/1/292 358/1/358 356/1/356
f 354/1/354 296/1/296 294/1/294
f 294/1/294 356/1/356 354/1/354
f 352/1/352 300/1/300 296/1/296
f 296/1/296 354/1/354 352/1/352
f 350/1/350 304/1/304 300/1/300
f 300/1/300 352/1/352 350/1/350
f 348/1/348 306/1/306 304/1/304
f 304/1/304 350/1/350 348/1/348
f 346/1/346 308/1/308 306/1/306
f 306/1/306 348/1/348 346/1/346
f 344/1/344 310/1/310 308/1/308
f 308/1/308 346/1/346 344/1/344
f 342/1/342 313/1/313 310/1/310
f 310/1/310 344/1/344 342/1/342
f 340/1/340 314/1/314 313/1/313
f 313/1/313 342/1/342 340/1/340
f 338/1/338 317/1/317 314/1/314
f 314/1/314 340/1/340 338/1/338
f 424/1/424 356/1/356 358/1/358
f 358/1/358 426/1/426 424/1/424
f 422/1/422 354/1/354 356/1/356
f 356/1/356 424/1/424 422/1/422
f 418/1/418 352/1/352 354/1/354
f 354/1/354 422/1/422 418/1/418
f 414/1/414 350/1/350 352/1/352
f 352/1/352 418/1/418 414/1/414
f 407/1/407 348/1/348 350/1/350
f 350/1/350 414/1/414 407/1/407
f 402/1/402 346/1/346 348/1/348
f 348/1/348 407/1/407 402/1/402
f 393/1/393 344/1/344 346/1/346
f 346/1/346 402/1/402 393/1/393
f 383/1/383 342/1/342 344/1/344
f 344/1/344 393/1/393 383/1/383
f 377/1/377 340/1/340 342/1/342
f 342/1/342 383/1/383 377/1/377
f 375/1/375 338/1/338 340/1/340
f 340/1/340 377/1/377 375/1/375
f 3186/1/3186 3113/1/3113 3115/1/3115
f 3115/1/3115 3182/1/3182 3186/1/3186
f 3192/1/3192 3110/1/3110 3113/1/3113
f 3113/1/3113 3186/1/3186 3192/1/3192
f 3196/1/3196 3109/1/3109 3110/1/3110
f 3110/1/3110 3192/1/3192 3196/1/3196
f 3205/1/3205 3106/1/3106 3109/1/3109
f 3109/1/3109 3196/1/3196 3205/1/3205
f 3211/1/3211 3104/1/3104 3106/1/3106
f 3106/1/3106 3205/1/3205 3211/1/3211
f 3215/1/3215 3102/1/3102 3104/1/3104
f 3104/1/3104 3211/1/3211 3215/1/3215
f 3217/1/3217 3101/1/3101 3102/1/3102
f 3102/1/3102 3215/1/3215 3217/1/3217
f 3220/1/3220 3098/1/3098 3101/1/3101
f 3101/1/3101 3217/1/3217 3220/1/3220
f 3222/1/3222 3097/1/3097 3098/1/3098
f 3098/1/3098 3220/1/3220 3222/1/3222
f 3223/1/3223 3095/1/3095 3097/1/3097
f 3097/1/3097 3222/1/3222 3223/1/3223
f 3227/1/3227 3186/1/3186 3182/1/3182
f 3182/1/3182 3225/1/3225 3227/1/3227
f 3229/1/3229 3192/1/3192 3186/1/3186
f 3186/1/3186 3227/1/3227 3229/1/3229
f 3231/1/3231 3196/1/3196 3192/1/3192
f 3192/1/3192 3229/1/3229 3231/1/3231
f 3233/1/3233 3205/1/3205 3196/1/3196
f 3196/1/3196 3231/1/3231 3233/1/3233
f 3235/1/3235 3211/1/3211 3205/1/3205
f 3205/1/3205 3233/1/3233 3235/1/3235
f 3241/1/3241 3215/1/3215 3211/1/3211
f 3211/1/3211 3235/1/3235 3241/1/3241
f 3245/1/3245 3217/1/3217 3215/1/3215
f 3215/1/3215 3241/1/3241 3245/1/3245
f 3249/1/3249 3220/1/3220 3217/1/3217
f 3217/1/3217 3245/1/3245 3249/1/3249
f 3251/1/3251 3222/1/3222 3220/1/3220
f 3220/1/3220 3249/1/3249 3251/1/3251
f 3253/1/3253 3223/1/3223 3222/1/3222
f 3222/1/3222 3251/1/3251 3253/1/3253
f 3239/1/3239 3227/1/3227 3225/1/3225
f 3225/1/3225 3237/1/3237 3239/1/3239
f 3243/1/3243 3229/1/3229 3227/1/3227
f 3227/1/3227 3239/1/3239 3243/1/3243
f 3247/1/3247 3231/1/3231 3229/1/3229
f 3229/1/3229 3243/1/3243 3247/1/3247
f 3257/1/3257 3233/1/3233 3231/1/3231
f 3231/1/3231 3247/1/3247 3257/1/3257
f 3263/1/3263 3235/1/3235 3233/1/3233
f 3233/1/3233 3257/1/3257 3263/1/3263
f 3271/1/3271 3241/1/3241 3235/1/3235
f 3235/1/3235 3263/1/3263 3271/1/3271
f 3279/1/3279 3245/1/3245 3241/1/3241
f 3241/1/3241 3271/1/3271 3279/1/3279
f 3285/1/3285 3249/1/3249 3245/1/3245
f 3245/1/3245 3279/1/3279 3285/1/3285
f 3293/1/3293 3251/1/3251 3249/1/3249
f 3249/1/3249 3285/1/3285 3293/1/3293
f 3297/1/3297 3253/1/3253 3251/1/3251
f 3251/1/3251 3293/1/3293 3297/1/3297
f 3259/1/3259 3239/1/3239 3237/1/3237
f 3237/1/3237 3255/1/3255 3259/1/3259
f 3261/1/3261 3243/1/3243 3239/1/3239
f 3239/1/3239 3259/1/3259 3261/1/3261
f 3265/1/3265 3247/1/3247 3243/1/3243
f 3243/1/3243 3261/1/3261 3265/1/3265
f 3275/1/3275 3257/1/3257 3247/1/3247
f 3247/1/3247 3265/1/3265 3275/1/3275
f 3287/1/3287 3263/1/3263 3257/1/3257
f 3257/1/3257 3275/1/3275 3287/1/3287
f 3303/1/3303 3271/1/3271 3263/1/3263
f 3263/1/3263 3287/1/3287 3303/1/3303
f 3314/1/3314 3279/1/3279 3271/1/3271
f 3271/1/3271 3303/1/3303 3314/1/3314
f 3320/1/3320 3285/1/3285 3279/1/3279
f 3279/1/3279 3314/1/3314 3320/1/3320
f 3330/1/3330 3293/1/3293 3285/1/3285
f 3285/1/3285 3320/1/3320 3330/1/3330
f 3332/1/3332 3297/1/3297 3293/1/3293
f 3293/1/3293 3330/1/3330 3332/1/3332
f 3270/1/3270 3259/1/3259 3255/1/3255
f 3255/1/3255 3268/1/3268 3270/1/3270
f 3273/1/3273 3261/1/3261 3259/1/3259
f 3259/1/3259 3270/1/3270 3273/1/3273
f 3283/1/3283 3265/1/3265 3261/1/3261
f 3261/1/3261 3273/1/3273 3283/1/3283
f 3299/1/3299 3275/1/3275 3265/1/3265
f 3265/1/3265 3283/1/3283 3299/1/3299
f 3308/1/3308 3287/1/3287 3275/1/3275
f 3275/1/3275 3299/1/3299 3308/1/3308
f 3322/1/3322 3303/1/3303 3287/1/3287
f 3287/1/3287 3308/1/3308 3322/1/3322
f 3338/1/3338 3314/1/3314 3303/1/3303
f 3303/1/3303 3322/1/3322 3338/1/3338
f 3346/1/3346 3320/1/3320 3314/1/3314
f 3314/1/3314 3338/1/3338 3346/1/3346
f 3351/1/3351 3330/1/3330 3320/1/3320
f 3320/1/3320 3346/1/3346 3351/1/3351
f 3355/1/3355 3332/1/3332 3330/1/3330
f 3330/1/3330 3351/1/3351 3355/1/3355
f 3282/1/3282 3270/1/3270 3268/1/3268
f 3268/1/3268 3278/1/3278 3282/1/3282
f 3290/1/3290 3273/1/3273 3270/1/3270
f 3270/1/3270 3282/1/3282 3290/1/3290
f 3302/1/3302 3283/1/3283 3273/1/3273
f 3273/1/3273 3290/1/3290 3302/1/3302
f 3312/1/3312 3299/1/3299 3283/1/3283
f 3283/1/3283 3302/1/3302 3312/1/3312
f 3324/1/3324 3308/1/3308 3299/1/3299
f 3299/1/3299 3312/1/3312 3324/1/3324
f 3340/1/3340 3322/1/3322 3308/1/3308
f 3308/1/3308 3324/1/3324 3340/1/3340
f 3353/1/3353 3338/1/3338 3322/1/3322
f 3322/1/3322 3340/1/3340 3353/1/3353
f 3368/1/3368 3346/1/3346 3338/1/3338
f 3338/1/3338 3353/1/3353 3368/1/3368
f 3373/1/3373 3351/1/3351 3346/1/3346
f 3346/1/3346 3368/1/3368 3373/1/3373
f 3379/1/3379 3355/1/3355 3351/1/3351
f 3351/1/3351 3373/1/3373 3379/1/3379
f 3295/1/3295 3282/1/3282 3278/1/3278
f 3278/1/3278 3292/1/3292 3295/1/3295
f 3306/1/3306 3290/1/3290 3282/1/3282
f 3282/1/3282 3295/1/3295 3306/1/3306
f 3316/1/3316 3302/1/3302 3290/1/3290
f 3290/1/3290 3306/1/3306 3316/1/3316
f 3326/1/3326 3312/1/3312 3302/1/3302
f 3302/1/3302 3316/1/3316 3326/1/3326
f 3345/1/3345 3324/1/3324 3312/1/3312
f 3312/1/3312 3326/1/3326 3345/1/3345
f 3359/1/3359 3340/1/3340 3324/1/3324
f 3324/1/3324 3345/1/3345 3359/1/3359
f 3376/1/3376 3353/1/3353 3340/1/3340
f 3340/1/3340 3359/1/3359 3376/1/3376
f 3394/1/3394 3368/1/3368 3353/1/3353
f 3353/1/3353 3376/1/3376 3394/1/3394
f 3404/1/3404 3373/1/3373 3368/1/3368
f 3368/1/3368 3394/1/3394 3404/1/3404
f 3406/1/3406 3379/1/3379 3373/1/3373
f 3373/1/3373 3404/1/3404 3406/1/3406
f 3310/1/3310 3295/1/3295 3292/1/3292
f 3292/1/3292 3307/1/3307 3310/1/3310
f 3318/1/3318 3306/1/3306 3295/1/3295
f 3295/1/3295 3310/1/3310 3318/1/3318
f 3336/1/3336 3316/1/3316 3306/1/3306
f 3306/1/3306 3318/1/3318 3336/1/3336
f 3348/1/3348 3326/1/3326 3316/1/3316
f 3316/1/3316 3336/1/3336 3348/1/3348
f 3369/1/3369 3345/1/3345 3326/1/3326
f 3326/1/3326 3348/1/3348 3369/1/3369
f 3389/1/3389 3359/1/3359 3345/1/3345
f 3345/1/3345 3369/1/3369 3389/1/3389
f 3425/1/3425 3376/1/3376 3359/1/3359
f 3359/1/3359 3389/1/3389 3425/1/3425
f 3449/1/3449 3394/1/3394 3376/1/3376
f 3376/1/3376 3425/1/3425 3449/1/3449
f 3468/1/3468 3404/1/3404 3394/1/3394
f 3394/1/3394 3449/1/3449 3468/1/3468
f 3472/1/3472 3406/1/3406 3404/1/3404
f 3404/1/3404 3468/1/3468 3472/1/3472
f 3335/1/3335 3310/1/3310 3307/1/3307
f 3307/1/3307 3329/1/3329 3335/1/3335
f 3343/1/3343 3318/1/3318 3310/1/3310
f 3310/1/3310 3335/1/3335 3343/1/3343
f 3362/1/3362 3336/1/3336 3318/1/3318
f 3318/1/3318 3343/1/3343 3362/1/3362
f 3386/1/3386 3348/1/3348 3336/1/3336
f 3336/1/3336 3362/1/3362 3386/1/3386
f 3422/1/3422 3369/1/3369 3348/1/3348
f 3348/1/3348 3386/1/3386 3422/1/3422
f 3464/1/3464 3389/1/3389 3369/1/3369
f 3369/1/3369 3422/1/3422 3464/1/3464
f 3490/1/3490 3425/1/3425 3389/1/3389
f 3389/1/3389 3464/1/3464 3490/1/3490
f 3505/1/3505 3449/1/3449 3425/1/3425
f 3425/1/3425 3490/1/3490 3505/1/3505
f 3521/1/3521 3468/1/3468 3449/1/3449
f 3449/1/3449 3505/1/3505 3521/1/3521
f 3523/1/3523 3472/1/3472 3468/1/3468
f 3468/1/3468 3521/1/3521 3523/1/3523
f 3364/1/3364 3335/1/3335 3329/1/3329
f 3329/1/3329 3357/1/3357 3364/1/3364
f 3382/1/3382 3343/1/3343 3335/1/3335
f 3335/1/3335 3364/1/3364 3382/1/3382
f 3416/1/3416 3362/1/3362 3343/1/3343
f 3343/1/3343 3382/1/3382 3416/1/3416
f 3465/1/3465 3386/1/3386 3362/1/3362
f 3362/1/3362 3416/1/3416 3465/1/3465
f 3495/1/3495 3422/1/3422 3386/1/3386
f 3386/1/3386 3465/1/3465 3495/1/3495
f 3528/1/3528 3464/1/3464 3422/1/3422
f 3422/1/3422 3495/1/3495 3528/1/3528
f 3553/1/3553 3490/1/3490 3464/1/3464
f 3464/1/3464 3528/1/3528 3553/1/3553
f 3579/1/3579 3505/1/3505 3490/1/3490
f 3490/1/3490 3553/1/3553 3579/1/3579
f 3592/1/3592 3521/1/3521 3505/1/3505
f 3505/1/3505 3579/1/3579 3592/1/3592
f 3604/1/3604 3523/1/3523 3521/1/3521
f 3521/1/3521 3592/1/3592 3604/1/3604
f 3221/1/3221 3096/1/3096 3094/1/3094
f 3094/1/3094 3224/1/3224 3221/1/3221
f 3219/1/3219 3099/1/3099 3096/1/3096
f 3096/1/3096 3221/1/3221 3219/1/3219
f 3218/1/3218 3100/1/3100 3099/1/3099
f 3099/1/3099 3219/1/3219 3218/1/3218
f 3216/1/3216 3103/1/3103 3100/1/3100
f 3100/1/3100 3218/1/3218 3216/1/3216
f 3212/1/3212 3105/1/3105 3103/1/3103
f 3103/1/3103 3216/1/3216 3212/1/3212
f 3206/1/3206 3107/1/3107 3105/1/3105
f 3105/1/3105 3212/1/3212 3206/1/3206
f 3197/1/3197 3108/1/3108 3107/1/3107
f 3107/1/3107 3206/1/3206 3197/1/3197
f 3193/1/3193 3111/1/3111 3108/1/3108
f 3108/1/3108 3197/1/3197 3193/1/3193
f 3187/1/3187 3112/1/3112 3111/1/3111
f 3111/1/3111 3193/1/3193 3187/1/3187
f 3183/1/3183 3114/1/3114 3112/1/3112
f 3112/1/3112 3187/1/3187 3183/1/3183
f 3252/1/3252 3221/1/3221 3224/1/3224
f 3224/1/3224 3254/1/3254 3252/1/3252
f 3250/1/3250 3219/1/3219 3221/1/3221
f 3221/1/3221 3252/1/3252 3250/1/3250
f 3246/1/3246 3218/1/3218 3219/1/3219
f 3219/1/3219 3250/1/3250 3246/1/3246
f 3242/1/3242 3216/1/3216 3218/1/3218
f 3218/1/3218 3246/1/3246 3242/1/3242
f 3236/1/3236 3212/1/3212 3216/1/3216
f 3216/1/3216 3242/1/3242 3236/1/3236
f 3234/1/3234 3206/1/3206 3212/1/3212
f 3212/1/3212 3236/1/3236 3234/1/3234
f 3232/1/3232 3197/1/3197 3206/1/3206
f 3206/1/3206 3234/1/3234 3232/1/3232
f 3230/1/3230 3193/1/3193 3197/1/3197
f 3197/1/3197 3232/1/3232 3230/1/3230
f 3228/1/3228 3187/1/3187 3193/1/3193
f 3193/1/3193 3230/1/3230 3228/1/3228
f 3226/1/3226 3183/1/3183 3187/1/3187
f 3187/1/3187 3228/1/3228 3226/1/3226
f 3294/1/3294 3252/1/3252 3254/1/3254
f 3254/1/3254 3298/1/3298 3294/1/3294
f 3286/1/3286 3250/1/3250 3252/1/3252
f 3252/1/3252 3294/1/3294 3286/1/3286
f 3280/1/3280 3246/1/3246 3250/1/3250
f 3250/1/3250 3286/1/3286 3280/1/3280
f 3272/1/3272 3242/1/3242 3246/1/3246
f 3246/1/3246 3280/1/3280 3272/1/3272
f 3264/1/3264 3236/1/3236 3242/1/3242
f 3242/1/3242 3272/1/3272 3264/1/3264
f 3258/1/3258 3234/1/3234 3236/1/3236
f 3236/1/3236 3264/1/3264 3258/1/3258
f 3248/1/3248 3232/1/3232 3234/1/3234
f 3234/1/3234 3258/1/3258 3248/1/3248
f 3244/1/3244 3230/1/3230 3232/1/3232
f 3232/1/3232 3248/1/3248 3244/1/3244
f 3240/1/3240 3228/1/3228 3230/1/3230
f 3230/1/3230 3244/1/3244 3240/1/3240
f 3238/1/3238 3226/1/3226 3228/1/3228
f 3228/1/3228 3240/1/3240 3238/1/3238
f 3331/1/3331 3294/1/3294 3298/1/3298
f 3298/1/3298 3333/1/3333 3331/1/3331
f 3321/1/3321 3286/1/3286 3294/1/3294
f 3294/1/3294 3331/1/3331 3321/1/3321
f 3315/1/3315 3280/1/3280 3286/1/3286
f 3286/1/3286 3321/1/3321 3315/1/3315
f 3304/1/3304 3272/1/3272 3280/1/3280
f 3280/1/3280 3315/1/3315 3304/1/3304
f 3288/1/3288 3264/1/3264 3272/1/3272
f 3272/1/3272 3304/1/3304 3288/1/3288
f 3276/1/3276 3258/1/3258 3264/1/3264
f 3264/1/3264 3288/1/3288 3276/1/3276
f 3266/1/3266 3248/1/3248 3258/1/3258
f 3258/1/3258 3276/1/3276 3266/1/3266
f 3262/1/3262 3244/1/3244 3248/1/3248
f 3248/1/3248 3266/1/3266 3262/1/3262
f 3260/1/3260 3240/1/3240 3244/1/3244
f 3244/1/3244 3262/1/3262 3260/1/3260
f 3256/1/3256 3238/1/3238 3240/1/3240
f 3240/1/3240 3260/1/3260 3256/1/3256
f 3350/1/3350 3331/1/3331 3333/1/3333
f 3333/1/3333 3354/1/3354 3350/1/3350
f 3347/1/3347 3321/1/3321 3331/1/3331
f 3331/1/3331 3350/1/3350 3347/1/3347
f 3339/1/3339 3315/1/3315 3321/1/3321
f 3321/1/3321 3347/1/3347 3339/1/3339
f 3323/1/3323 3304/1/3304 3315/1/3315
f 3315/1/3315 3339/1/3339 3323/1/3323
f 3309/1/3309 3288/1/3288 3304/1/3304
f 3304/1/3304 3323/1/3323 3309/1/3309
f 3300/1/3300 3276/1/3276 3288/1/3288
f 3288/1/3288 3309/1/3309 3300/1/3300
f 3284/1/3284 3266/1/3266 3276/1/3276
f 3276/1/3276 3300/1/3300 3284/1/3284
f 3274/1/3274 3262/1/3262 3266/1/3266
f 3266/1/3266 3284/1/3284 3274/1/3274
f 3269/1/3269 3260/1/3260 3262/1/3262
f 3262/1/3262 3274/1/3274 3269/1/3269
f 3267/1/3267 3256/1/3256 3260/1/3260
f 3260/1/3260 3269/1/3269 3267/1/3267
f 3372/1/3372 3350/1/3350 3354/1/3354
f 3354/1/3354 3378/1/3378 3372/1/3372
f 3367/1/3367 3347/1/3347 3350/1/3350
f 3350/1/3350 3372/1/3372 3367/1/3367
f 3352/1/3352 3339/1/3339 3347/1/3347
f 3347/1/3347 3367/1/3367 3352/1/3352
f 3341/1/3341 3323/1/3323 3339/1/3339
f 3339/1/3339 3352/1/3352 3341/1/3341
f 3325/1/3325 3309/1/3309 3323/1/3323
f 3323/1/3323 3341/1/3341 3325/1/3325
f 3313/1/3313 3300/1/3300 3309/1/3309
f 3309/1/3309 3325/1/3325 3313/1/3313
f 3301/1/3301 3284/1/3284 3300/1/3300
f 3300/1/3300 3313/1/3313 3301/1/3301
f 3289/1/3289 3274/1/3274 3284/1/3284
f 3284/1/3284 3301/1/3301 3289/1/3289
f 3281/1/3281 3269/1/3269 3274/1/3274
f 3274/1/3274 3289/1/3289 3281/1/3281
f 3277/1/3277 3267/1/3267 3269/1/3269
f 3269/1/3269 3281/1/3281 3277/1/3277
f 3403/1/3403 3372/1/3372 3378/1/3378
f 3378/1/3378 3405/1/3405 3403/1/3403
f 3393/1/3393 3367/1/3367 3372/1/3372
f 3372/1/3372 3403/1/3403 3393/1/3393
f 3377/1/3377 3352/1/3352 3367/1/3367
f 3367/1/3367 3393/1/3393 3377/1/3377
f 3360/1/3360 3341/1/3341 3352/1/3352
f 3352/1/3352 3377/1/3377 3360/1/3360
f 3344/1/3344 3325/1/3325 3341/1/3341
f 3341/1/3341 3360/1/3360 3344/1/3344
f 3327/1/3327 3313/1/3313 3325/1/3325
f 3325/1/3325 3344/1/3344 3327/1/3327
f 3317/1/3317 3301/1/3301 3313/1/3313
f 3313/1/3313 3327/1/3327 3317/1/3317
f 3305/1/3305 3289/1/3289 3301/1/3301
f 3301/1/3301 3317/1/3317 3305/1/3305
f 3296/1/3296 3281/1/3281 3289/1/3289
f 3289/1/3289 3305/1/3305 3296/1/3296
f 3291/1/3291 3277/1/3277 3281/1/3281
f 3281/1/3281 3296/1/3296 3291/1/3291
f 3469/1/3469 3403/1/3403 3405/1/3405
f 3405/1/3405 3472/1/3472 3469/1/3469
f 3450/1/3450 3393/1/3393 3403/1/3403
f 3403/1/3403 3469/1/3469 3450/1/3450
f 3426/1/3426 3377/1/3377 3393/1/3393
f 3393/1/3393 3450/1/3450 3426/1/3426
f 3390/1/3390 3360/1/3360 3377/1/3377
f 3377/1/3377 3426/1/3426 3390/1/3390
f 3370/1/3370 3344/1/3344 3360/1/3360
f 3360/1/3360 3390/1/3390 3370/1/3370
f 3349/1/3349 3327/1/3327 3344/1/3344
f 3344/1/3344 3370/1/3370 3349/1/3349
f 3337/1/3337 3317/1/3317 3327/1/3327
f 3327/1/3327 3349/1/3349 3337/1/3337
f 3319/1/3319 3305/1/3305 3317/1/3317
f 3317/1/3317 3337/1/3337 3319/1/3319
f 3311/1/3311 3296/1/3296 3305/1/3305
f 3305/1/3305 3319/1/3319 3311/1/3311
f 3307/1/3307 3291/1/3291 3296/1/3296
f 3296/1/3296 3311/1/3311 3307/1/3307
f 3520/1/3520 3469/1/3469 3472/1/3472
f 3472/1/3472 3522/1/3522 3520/1/3520
f 3504/1/3504 3450/1/3450 3469/1/3469
f 3469/1/3469 3520/1/3520 3504/1/3504
f 3489/1/3489 3426/1/3426 3450/1/3450
f 3450/1/3450 3504/1/3504 3489/1/3489
f 3463/1/3463 3390/1/3390 3426/1/3426
f 3426/1/3426 3489/1/3489 3463/1/3463
f 3421/1/3421 3370/1/3370 3390/1/3390
f 3390/1/3390 3463/1/3463 3421/1/3421
f 3385/1/3385 3349/1/3349 3370/1/3370
f 3370/1/3370 3421/1/3421 3385/1/3385
f 3361/1/3361 3337/1/3337 3349/1/3349
f 3349/1/3349 3385/1/3385 3361/1/3361
f 3342/1/3342 3319/1/3319 3337/1/3337
f 3337/1/3337 3361/1/3361 3342/1/3342
f 3334/1/3334 3311/1/3311 3319/1/3319
f 3319/1/3319 3342/1/3342 3334/1/3334
f 3328/1/3328 3307/1/3307 3311/1/3311
f 3311/1/3311 3334/1/3334 3328/1/3328
f 3591/1/3591 3520/1/3520 3522/1/3522
f 3522/1/3522 3603/1/3603 3591/1/3591
f 3578/1/3578 3504/1/3504 3520/1/3520
f 3520/1/3520 3591/1/3591 3578/1/3578
f 3552/1/3552 3489/1/3489 3504/1/3504
f 3504/1/3504 3578/1/3578 3552/1/3552
f 3530/1/3530 3463/1/3463 3489/1/3489
f 3489/1/3489 3552/1/3552 3530/1/3530
f 3499/1/3499 3421/1/3421 3463/1/3463
f 3463/1/3463 3530/1/3530 3499/1/3499
f 3467/1/3467 3385/1/3385 3421/1/3421
f 3421/1/3421 3499/1/3499 3467/1/3467
f 3415/1/3415 3361/1/3361 3385/1/3385
f 3385/1/3385 3467/1/3467 3415/1/3415
f 3381/1/3381 3342/1/3342 3361/1/3361
f 3361/1/3361 3415/1/3415 3381/1/3381
f 3363/1/3363 3334/1/3334 3342/1/3342
f 3342/1/3342 3381/1/3381 3363/1/3363
f 3356/1/3356 3328/1/3328 3334/1/3334
f 3334/1/3334 3363/1/3363 3356/1/3356
f 3374/1/3374 3365/1/3365 3358/1/3358
f 3358/1/3358 3371/1/3371 3374/1/3374
f 3395/1/3395 3383/1/3383 3365/1/3365
f 3365/1/3365 3374/1/3374 3395/1/3395
f 3443/1/3443 3417/1/3417 3383/1/3383
f 3383/1/3383 3395/1/3395 3443/1/3443
f 3481/1/3481 3466/1/3466 3417/1/3417
f 3417/1/3417 3443/1/3443 3481/1/3481
f 3514/1/3514 3496/1/3496 3466/1/3466
f 3466/1/3466 3481/1/3481 3514/1/3514
f 3545/1/3545 3529/1/3529 3496/1/3496
f 3496/1/3496 3514/1/3514 3545/1/3545
f 3573/1/3573 3551/1/3551 3529/1/3529
f 3529/1/3529 3545/1/3545 3573/1/3573
f 3597/1/3597 3577/1/3577 3551/1/3551
f 3551/1/3551 3573/1/3573 3597/1/3597
f 3613/1/3613 3590/1/3590 3577/1/3577
f 3577/1/3577 3597/1/3597 3613/1/3613
f 3619/1/3619 3603/1/3603 3590/1/3590
f 3590/1/3590 3613/1/3613 3619/1/3619
f 3387/1/3387 3374/1/3374 3371/1/3371
f 3371/1/3371 3380/1/3380 3387/1/3387
f 3413/1/3413 3395/1/3395 3374/1/3374
f 3374/1/3374 3387/1/3387 3413/1/3413
f 3461/1/3461 3443/1/3443 3395/1/3395
f 3395/1/3395 3413/1/3413 3461/1/3461
f 3493/1/3493 3481/1/3481 3443/1/3443
f 3443/1/3443 3461/1/3461 3493/1/3493
f 3524/1/3524 3514/1/3514 3481/1/3481
f 3481/1/3481 3493/1/3493 3524/1/3524
f 3556/1/3556 3545/1/3545 3514/1/3514
f 3514/1/3514 3524/1/3524 3556/1/3556
f 3584/1/3584 3573/1/3573 3545/1/3545
f 3545/1/3545 3556/1/3556 3584/1/3584
f 3611/1/3611 3597/1/3597 3573/1/3573
f 3573/1/3573 3584/1/3584 3611/1/3611
f 3628/1/3628 3613/1/3613 3597/1/3597
f 3597/1/3597 3611/1/3611 3628/1/3628
f 3632/1/3632 3619/1/3619 3613/1/3613
f 3613/1/3613 3628/1/3628 3632/1/3632
f 3398/1/3398 3387/1/3387 3380/1/3380
f 3380/1/3380 3391/1/3391 3398/1/3398
f 3435/1/3435 3413/1/3413 3387/1/3387
f 3387/1/3387 3398/1/3398 3435/1/3435
f 3473/1/3473 3461/1/3461 3413/1/3413
f 3413/1/3413 3435/1/3435 3473/1/3473
f 3500/1/3500 3493/1/3493 3461/1/3461
f 3461/1/3461 3473/1/3473 3500/1/3500
f 3531/1/3531 3524/1/3524 3493/1/3493
f 3493/1/3493 3500/1/3500 3531/1/3531
f 3562/1/3562 3556/1/3556 3524/1/3524
f 3524/1/3524 3531/1/3531 3562/1/3562
f 3595/1/3595 3584/1/3584 3556/1/3556
f 3556/1/3556 3562/1/3562 3595/1/3595
f 3617/1/3617 3611/1/3611 3584/1/3584
f 3584/1/3584 3595/1/3595 3617/1/3617
f 3633/1/3633 3628/1/3628 3611/1/3611
f 3611/1/3611 3617/1/3617 3633/1/3633
f 3641/1/3641 3632/1/3632 3628/1/3628
f 3628/1/3628 3633/1/3633 3641/1/3641
f 3409/1/3409 3398/1/3398 3391/1/3391
f 3391/1/3391 3400/1/3400 3409/1/3409
f 3447/1/3447 3435/1/3435 3398/1/3398
f 3398/1/3398 3409/1/3409 3447/1/3447
f 3477/1/3477 3473/1/3473 3435/1/3435
f 3435/1/3435 3447/1/3447 3477/1/3477
f 3506/1/3506 3500/1/3500 3473/1/3473
f 3473/1/3473 3477/1/3477 3506/1/3506
f 3540/1/3540 3531/1/3531 3500/1/3500
f 3500/1/3500 3506/1/3506 3540/1/3540
f 3567/1/3567 3562/1/3562 3531/1/3531
f 3531/1/3531 3540/1/3540 3567/1/3567
f 3601/1/3601 3595/1/3595 3562/1/3562
f 3562/1/3562 3567/1/3567 3601/1/3601
f 3624/1/3624 3617/1/3617 3595/1/3595
f 3595/1/3595 3601/1/3601 3624/1/3624
f 3639/1/3639 3633/1/3633 3617/1/3617
f 3617/1/3617 3624/1/3624 3639/1/3639
f 3644/1/3644 3641/1/3641 3633/1/3633
f 3633/1/3633 3639/1/3639 3644/1/3644
f 3433/1/3433 3409/1/3409 3400/1/3400
f 3400/1/3400 3411/1/3411 3433/1/3433
f 3453/1/3453 3447/1/3447 3409/1/3409
f 3409/1/3409 3433/1/3433 3453/1/3453
f 3483/1/3483 3477/1/3477 3447/1/3447
f 3447/1/3447 3453/1/3453 3483/1/3483
f 3510/1/3510 3506/1/3506 3477/1/3477
f 3477/1/3477 3483/1/3483 3510/1/3510
f 3543/1/3543 3540/1/3540 3506/1/3506
f 3506/1/3506 3510/1/3510 3543/1/3543
f 3569/1/3569 3567/1/3567 3540/1/3540
f 3540/1/3540 3543/1/3543 3569/1/3569
f 3599/1/3599 3601/1/3601 3567/1/3567
f 3567/1/3567 3569/1/3569 3599/1/3599
f 3622/1/3622 3624/1/3624 3601/1/3601
f 3601/1/3601 3599/1/3599 3622/1/3622
f 3637/1/3637 3639/1/3639 3624/1/3624
f 3624/1/3624 3622/1/3622 3637/1/3637
f 3642/1/3642 3644/1/3644 3639/1/3639
f 3639/1/3639 3637/1/3637 3642/1/3642
f 3439/1/3439 3433/1/3433 3411/1/3411
f 3411/1/3411 3424/1/3424 3439/1/3439
f 3458/1/3458 3453/1/3453 3433/1/3433
f 3433/1/3433 3439/1/3439 3458/1/3458
f 3487/1/3487 3483/1/3483 3453/1/3453
f 3453/1/3453 3458/1/3458 3487/1/3487
f 3513/1/3513 3510/1/3510 3483/1/3483
f 3483/1/3483 3487/1/3487 3513/1/3513
f 3542/1/3542 3543/1/3543 3510/1/3510
f 3510/1/3510 3513/1/3513 3542/1/3542
f 3566/1/3566 3569/1/3569 3543/1/3543
f 3543/1/3543 3542/1/3542 3566/1/3566
f 3593/1/3593 3599/1/3599 3569/1/3569
f 3569/1/3569 3566/1/3566 3593/1/3593
f 3616/1/3616 3622/1/3622 3599/1/3599
f 3599/1/3599 3593/1/3593 3616/1/3616
f 3630/1/3630 3637/1/3637 3622/1/3622
f 3622/1/3622 3616/1/3616 3630/1/3630
f 3636/1/3636 3642/1/3642 3637/1/3637
f 3637/1/3637 3630/1/3630 3636/1/3636
f 3441/1/3441 3439/1/3439 3424/1/3424
f 3424/1/3424 3429/1/3429 3441/1/3441
f 3459/1/3459 3458/1/3458 3439/1/3439
f 3439/1/3439 3441/1/3441 3459/1/3459
f 3485/1/3485 3487/1/3487 3458/1/3458
f 3458/1/3458 3459/1/3459 3485/1/3485
f 3508/1/3508 3513/1/3513 3487/1/3487
f 3487/1/3487 3485/1/3485 3508/1/3508
f 3533/1/3533 3542/1/3542 3513/1/3513
f 3513/1/3513 3508/1/3508 3533/1/3533
f 3558/1/3558 3566/1/3566 3542/1/3542
f 3542/1/3542 3533/1/3533 3558/1/3558
f 3582/1/3582 3593/1/3593 3566/1/3566
f 3566/1/3566 3558/1/3558 3582/1/3582
f 3607/1/3607 3616/1/3616 3593/1/3593
f 3593/1/3593 3582/1/3582 3607/1/3607
f 3620/1/3620 3630/1/3630 3616/1/3616
f 3616/1/3616 3607/1/3607 3620/1/3620
f 3626/1/3626 3636/1/3636 3630/1/3630
f 3630/1/3630 3620/1/3620 3626/1/3626
f 3437/1/3437 3441/1/3441 3429/1/3429
f 3429/1/3429 3427/1/3427 3437/1/3437
f 3455/1/3455 3459/1/3459 3441/1/3441
f 3441/1/3441 3437/1/3437 3455/1/3455
f 3479/1/3479 3485/1/3485 3459/1/3459
f 3459/1/3459 3455/1/3455 3479/1/3479
f 3502/1/3502 3508/1/3508 3485/1/3485
f 3485/1/3485 3479/1/3479 3502/1/3502
f 3526/1/3526 3533/1/3533 3508/1/3508
f 3508/1/3508 3502/1/3502 3526/1/3526
f 3547/1/3547 3558/1/3558 3533/1/3533
f 3533/1/3533 3526/1/3526 3547/1/3547
f 3571/1/3571 3582/1/3582 3558/1/3558
f 3558/1/3558 3547/1/3547 3571/1/3571
f 3588/1/3588 3607/1/3607 3582/1/3582
f 3582/1/3582 3571/1/3571 3588/1/3588
f 3605/1/3605 3620/1/3620 3607/1/3607
f 3607/1/3607 3588/1/3588 3605/1/3605
f 3609/1/3609 3626/1/3626 3620/1/3620
f 3620/1/3620 3605/1/3605 3609/1/3609
f 3419/1/3419 3437/1/3437 3427/1/3427
f 3427/1/3427 3408/1/3408 3419/1/3419
f 3445/1/3445 3455/1/3455 3437/1/3437
f 3437/1/3437 3419/1/3419 3445/1/3445
f 3470/1/3470 3479/1/3479 3455/1/3455
f 3455/1/3455 3445/1/3445 3470/1/3470
f 3492/1/3492 3502/1/3502 3479/1/3479
f 3479/1/3479 3470/1/3470 3492/1/3492
f 3517/1/3517 3526/1/3526 3502/1/3502
f 3502/1/3502 3492/1/3492 3517/1/3517
f 3536/1/3536 3547/1/3547 3526/1/3526
f 3526/1/3526 3517/1/3517 3536/1/3536
f 3554/1/3554 3571/1/3571 3547/1/3547
f 3547/1/3547 3536/1/3536 3554/1/3554
f 3575/1/3575 3588/1/3588 3571/1/3571
f 3571/1/3571 3554/1/3554 3575/1/3575
f 3580/1/3580 3605/1/3605 3588/1/3588
f 3588/1/3588 3575/1/3575 3580/1/3580
f 3587/1/3587 3609/1/3609 3605/1/3605
f 3605/1/3605 3580/1/3580 3587/1/3587
f 3401/1/3401 3419/1/3419 3408/1/3408
f 3408/1/3408 3397/1/3397 3401/1/3401
f 3431/1/3431 3445/1/3445 3419/1/3419
f 3419/1/3419 3401/1/3401 3431/1/3431
f 3451/1/3451 3470/1/3470 3445/1/3445
f 3445/1/3445 3431/1/3431 3451/1/3451
f 3475/1/3475 3492/1/3492 3470/1/3470
f 3470/1/3470 3451/1/3451 3475/1/3475
f 3497/1/3497 3517/1/3517 3492/1/3492
f 3492/1/3492 3475/1/3475 3497/1/3497
f 3518/1/3518 3536/1/3536 3517/1/3517
f 3517/1/3517 3497/1/3497 3518/1/3518
f 3537/1/3537 3554/1/3554 3536/1/3536
f 3536/1/3536 3518/1/3518 3537/1/3537
f 3549/1/3549 3575/1/3575 3554/1/3554
f 3554/1/3554 3537/1/3537 3549/1/3549
f 3560/1/3560 3580/1/3580 3575/1/3575
f 3575/1/3575 3549/1/3549 3560/1/3560
f 3564/1/3564 3587/1/3587 3580/1/3580
f 3580/1/3580 3560/1/3560 3564/1/3564
f 3614/1/3614 3591/1/3591 3603/1/3603
f 3603/1/3603 3619/1/3619 3614/1/3614
f 3598/1/3598 3578/1/3578 3591/1/3591
f 3591/1/3591 3614/1/3614 3598/1/3598
f 3574/1/3574 3552/1/3552 3578/1/3578
f 3578/1/3578 3598/1/3598 3574/1/3574
f 3546/1/3546 3530/1/3530 3552/1/3552
f 3552/1/3552 3574/1/3574 3546/1/3546
f 3515/1/3515 3499/1/3499 3530/1/3530
f 3530/1/3530 3546/1/3546 3515/1/3515
f 3482/1/3482 3467/1/3467 3499/1/3499
f 3499/1/3499 3515/1/3515 3482/1/3482
f 3444/1/3444 3418/1/3418 3467/1/3467
f 3467/1/3467 3482/1/3482 3444/1/3444
f 3396/1/3396 3384/1/3384 3418/1/3418
f 3418/1/3418 3444/1/3444 3396/1/3396
f 3375/1/3375 3366/1/3366 3384/1/3384
f 3384/1/3384 3396/1/3396 3375/1/3375
f 3371/1/3371 3358/1/3358 3366/1/3366
f 3366/1/3366 3375/1/3375 3371/1/3371
f 3629/1/3629 3614/1/3614 3619/1/3619
f 3619/1/3619 3632/1/3632 3629/1/3629
f 3612/1/3612 3598/1/3598 3614/1/3614
f 3614/1/3614 3629/1/3629 3612/1/3612
f 3585/1/3585 3574/1/3574 3598/1/3598
f 3598/1/3598 3612/1/3612 3585/1/3585
f 3557/1/3557 3546/1/3546 3574/1/3574
f 3574/1/3574 3585/1/3585 3557/1/3557
f 3525/1/3525 3515/1/3515 3546/1/3546
f 3546/1/3546 3557/1/3557 3525/1/3525
f 3494/1/3494 3482/1/3482 3515/1/3515
f 3515/1/3515 3525/1/3525 3494/1/3494
f 3462/1/3462 3444/1/3444 3482/1/3482
f 3482/1/3482 3494/1/3494 3462/1/3462
f 3414/1/3414 3396/1/3396 3444/1/3444
f 3444/1/3444 3462/1/3462 3414/1/3414
f 3388/1/3388 3375/1/3375 3396/1/3396
f 3396/1/3396 3414/1/3414 3388/1/3388
f 3380/1/3380 3371/1/3371 3375/1/3375
f 3375/1/3375 3388/1/3388 3380/1/3380
f 3634/1/3634 3629/1/3629 3632/1/3632
f 3632/1/3632 3641/1/3641 3634/1/3634
f 3618/1/3618 3612/1/3612 3629/1/3629
f 3629/1/3629 3634/1/3634 3618/1/3618
f 3596/1/3596 3585/1/3585 3612/1/3612
f 3612/1/3612 3618/1/3618 3596/1/3596
f 3563/1/3563 3557/1/3557 3585/1/3585
f 3585/1/3585 3596/1/3596 3563/1/3563
f 3532/1/3532 3525/1/3525 3557/1/3557
f 3557/1/3557 3563/1/3563 3532/1/3532
f 3501/1/3501 3494/1/3494 3525/1/3525
f 3525/1/3525 3532/1/3532 3501/1/3501
f 3474/1/3474 3462/1/3462 3494/1/3494
f 3494/1/3494 3501/1/3501 3474/1/3474
f 3436/1/3436 3414/1/3414 3462/1/3462
f 3462/1/3462 3474/1/3474 3436/1/3436
f 3399/1/3399 3388/1/3388 3414/1/3414
f 3414/1/3414 3436/1/3436 3399/1/3399
f 3392/1/3392 3380/1/3380 3388/1/3388
f 3388/1/3388 3399/1/3399 3392/1/3392
f 3640/1/3640 3634/1/3634 3641/1/3641
f 3641/1/3641 3644/1/3644 3640/1/3640
f 3625/1/3625 3618/1/3618 3634/1/3634
f 3634/1/3634 3640/1/3640 3625/1/3625
f 3602/1/3602 3596/1/3596 3618/1/3618
f 3618/1/3618 3625/1/3625 3602/1/3602
f 3568/1/3568 3563/1/3563 3596/1/3596
f 3596/1/3596 3602/1/3602 3568/1/3568
f 3539/1/3539 3532/1/3532 3563/1/3563
f 3563/1/3563 3568/1/3568 3539/1/3539
f 3507/1/3507 3501/1/3501 3532/1/3532
f 3532/1/3532 3539/1/3539 3507/1/3507
f 3478/1/3478 3474/1/3474 3501/1/3501
f 3501/1/3501 3507/1/3507 3478/1/3478
f 3448/1/3448 3436/1/3436 3474/1/3474
f 3474/1/3474 3478/1/3478 3448/1/3448
f 3410/1/3410 3399/1/3399 3436/1/3436
f 3436/1/3436 3448/1/3448 3410/1/3410
f 3400/1/3400 3392/1/3392 3399/1/3399
f 3399/1/3399 3410/1/3410 3400/1/3400
f 3638/1/3638 3640/1/3640 3644/1/3644
f 3644/1/3644 3643/1/3643 3638/1/3638
f 3623/1/3623 3625/1/3625 3640/1/3640
f 3640/1/3640 3638/1/3638 3623/1/3623
f 3600/1/3600 3602/1/3602 3625/1/3625
f 3625/1/3625 3623/1/3623 3600/1/3600
f 3570/1/3570 3568/1/3568 3602/1/3602
f 3602/1/3602 3600/1/3600 3570/1/3570
f 3544/1/3544 3539/1/3539 3568/1/3568
f 3568/1/3568 3570/1/3570 3544/1/3544
f 3511/1/3511 3507/1/3507 3539/1/3539
f 3539/1/3539 3544/1/3544 3511/1/3511
f 3484/1/3484 3478/1/3478 3507/1/3507
f 3507/1/3507 3511/1/3511 3484/1/3484
f 3454/1/3454 3448/1/3448 3478/1/3478
f 3478/1/3478 3484/1/3484 3454/1/3454
f 3434/1/3434 3410/1/3410 3448/1/3448
f 3448/1/3448 3454/1/3454 3434/1/3434
f 3412/1/3412 3400/1/3400 3410/1/3410
f 3410/1/3410 3434/1/3434 3412/1/3412
f 3631/1/3631 3638/1/3638 3643/1/3643
f 3643/1/3643 3635/1/3635 3631/1/3631
f 3615/1/3615 3623/1/3623 3638/1/3638
f 3638/1/3638 3631/1/3631 3615/1/3615
f 3594/1/3594 3600/1/3600 3623/1/3623
f 3623/1/3623 3615/1/3615 3594/1/3594
f 3565/1/3565 3570/1/3570 3600/1/3600
f 3600/1/3600 3594/1/3594 3565/1/3565
f 3541/1/3541 3544/1/3544 3570/1/3570
f 3570/1/3570 3565/1/3565 3541/1/3541
f 3512/1/3512 3511/1/3511 3544/1/3544
f 3544/1/3544 3541/1/3541 3512/1/3512
f 3488/1/3488 3484/1/3484 3511/1/3511
f 3511/1/3511 3512/1/3512 3488/1/3488
f 3457/1/3457 3454/1/3454 3484/1/3484
f 3484/1/3484 3488/1/3488 3457/1/3457
f 3440/1/3440 3434/1/3434 3454/1/3454
f 3454/1/3454 3457/1/3457 3440/1/3440
f 3423/1/3423 3412/1/3412 3434/1/3434
f 3434/1/3434 3440/1/3440 3423/1/3423
f 3621/1/3621 3631/1/3631 3635/1/3635
f 3635/1/3635 3627/1/3627 3621/1/3621
f 3608/1/3608 3615/1/3615 3631/1/3631
f 3631/1/3631 3621/1/3621 3608/1/3608
f 3583/1/3583 3594/1/3594 3615/1/3615
f 3615/1/3615 3608/1/3608 3583/1/3583
f 3559/1/3559 3565/1/3565 3594/1/3594
f 3594/1/3594 3583/1/3583 3559/1/3559
f 3534/1/3534 3541/1/3541 3565/1/3565
f 3565/1/3565 3559/1/3559 3534/1/3534
f 3509/1/3509 3512/1/3512 3541/1/3541
f 3541/1/3541 3534/1/3534 3509/1/3509
f 3486/1/3486 3488/1/3488 3512/1/3512
f 3512/1/3512 3509/1/3509 3486/1/3486
f 3460/1/3460 3457/1/3457 3488/1/3488
f 3488/1/3488 3486/1/3486 3460/1/3460
f 3442/1/3442 3440/1/3440 3457/1/3457
f 3457/1/3457 3460/1/3460 3442/1/3442
f 3430/1/3430 3423/1/3423 3440/1/3440
f 3440/1/3440 3442/1/3442 3430/1/3430
f 3606/1/3606 3621/1/3621 3627/1/3627
f 3627/1/3627 3610/1/3610 3606/1/3606
f 3589/1/3589 3608/1/3608 3621/1/3621
f 3621/1/3621 3606/1/3606 3589/1/3589
f 3572/1/3572 3583/1/3583 3608/1/3608
f 3608/1/3608 3589/1/3589 3572/1/3572
f 3548/1/3548 3559/1/3559 3583/1/3583
f 3583/1/3583 3572/1/3572 3548/1/3548
f 3527/1/3527 3534/1/3534 3559/1/3559
f 3559/1/3559 3548/1/3548 3527/1/3527
f 3503/1/3503 3509/1/3509 3534/1/3534
f 3534/1/3534 3527/1/3527 3503/1/3503
f 3480/1/3480 3486/1/3486 3509/1/3509
f 3509/1/3509 3503/1/3503 3480/1/3480
f 3456/1/3456 3460/1/3460 3486/1/3486
f 3486/1/3486 3480/1/3480 3456/1/3456
f 3438/1/3438 3442/1/3442 3460/1/3460
f 3460/1/3460 3456/1/3456 3438/1/3438
f 3428/1/3428 3430/1/3430 3442/1/3442
f 3442/1/3442 3438/1/3438 3428/1/3428
f 3581/1/3581 3606/1/3606 3610/1/3610
f 3610/1/3610 3586/1/3586 3581/1/3581
f 3576/1/3576 3589/1/3589 3606/1/3606
f 3606/1/3606 3581/1/3581 3576/1/3576
f 3555/1/3555 3572/1/3572 3589/1/3589
f 3589/1/3589 3576/1/3576 3555/1/3555
f 3535/1/3535 3548/1/3548 3572/1/3572
f 3572/1/3572 3555/1/3555 3535/1/3535
f 3516/1/3516 3527/1/3527 3548/1/3548
f 3548/1/3548 3535/1/3535 3516/1/3516
f 3491/1/3491 3503/1/3503 3527/1/3527
f 3527/1/3527 3516/1/3516 3491/1/3491
f 3471/1/3471 3480/1/3480 3503/1/3503
f 3503/1/3503 3491/1/3491 3471/1/3471
f 3446/1/3446 3456/1/3456 3480/1/3480
f 3480/1/3480 3471/1/3471 3446/1/3446
f 3420/1/3420 3438/1/3438 3456/1/3456
f 3456/1/3456 3446/1/3446 3420/1/3420
f 3407/1/3407 3428/1/3428 3438/1/3438
f 3438/1/3438 3420/1/3420 3407/1/3407
f 3561/1/3561 3581/1/3581 3586/1/3586
f 3586/1/3586 3564/1/3564 3561/1/3561
f 3550/1/3550 3576/1/3576 3581/1/3581
f 3581/1/3581 3561/1/3561 3550/1/3550
f 3538/1/3538 3555/1/3555 3576/1/3576
f 3576/1/3576 3550/1/3550 3538/1/3538
f 3519/1/3519 3535/1/3535 3555/1/3555
f 3555/1/3555 3538/1/3538 3519/1/3519
f 3498/1/3498 3516/1/3516 3535/1/3535
f 3535/1/3535 3519/1/3519 3498/1/3498
f 3476/1/3476 3491/1/3491 3516/1/3516
f 3516/1/3516 3498/1/3498 3476/1/3476
f 3452/1/3452 3471/1/3471 3491/1/3491
f 3491/1/3491 3476/1/3476 3452/1/3452
f 3432/1/3432 3446/1/3446 3471/1/3471
f 3471/1/3471 3452/1/3452 3432/1/3432
f 3402/1/3402 3420/1/3420 3446/1/3446
f 3446/1/3446 3432/1/3432 3402/1/3402
f 3397/1/3397 3407/1/3407 3420/1/3420
f 3420/1/3420 3402/1/3402 3397/1/3397
f 1888/1/1888 2110/1/2110 2104/1/2104
f 1888/1/1888 2104/1/2104 2096/1/2096
f 1888/1/1888 2096/1/2096 2076/1/2076
f 1888/1/1888 2076/1/2076 2048/1/2048
f 1888/1/1888 2048/1/2048 2030/1/2030
f 1888/1/1888 2030/1/2030 2006/1/2006
f 1888/1/1888 2006/1/2006 1982/1/1982
f 1888/1/1888 1982/1/1982 1960/1/1960
f 1888/1/1888 1960/1/1960 1936/1/1936
f 1888/1/1888 1936/1/1936 1732/1/1732
f 2257/1/2257 2104/1/2104 2110/1/2110
f 2110/1/2110 2261/1/2261 2257/1/2257
f 2249/1/2249 2096/1/2096 2104/1/2104
f 2104/1/2104 2257/1/2257 2249/1/2249
f 2226/1/2226 2076/1/2076 2096/1/2096
f 2096/1/2096 2249/1/2249 2226/1/2226
f 2200/1/2200 2048/1/2048 2076/1/2076
f 2076/1/2076 2226/1/2226 2200/1/2200
f 2142/1/2142 2030/1/2030 2048/1/2048
f 2048/1/2048 2200/1/2200 2142/1/2142
f 2094/1/2094 2006/1/2006 2030/1/2030
f 2030/1/2030 2142/1/2142 2094/1/2094
f 2036/1/2036 1982/1/1982 2006/1/2006
f 2006/1/2006 2094/1/2094 2036/1/2036
f 1988/1/1988 1960/1/1960 1982/1/1982
f 1982/1/1982 2036/1/2036 1988/1/1988
f 1948/1/1948 1936/1/1936 1960/1/1960
f 1960/1/1960 1988/1/1988 1948/1/1948
f 1728/1/1728 1732/1/1732 1936/1/1936
f 1936/1/1936 1948/1/1948 1728/1/1728
f 2310/1/2310 2257/1/2257 2261/1/2261
f 2261/1/2261 2315/1/2315 2310/1/2310
f 2300/1/2300 2249/1/2249 2257/1/2257
f 2257/1/2257 2310/1/2310 2300/1/2300
f 2279/1/2279 2226/1/2226 2249/1/2249
f 2249/1/2249 2300/1/2300 2279/1/2279
f 2243/1/2243 2200/1/2200 2226/1/2226
f 2226/1/2226 2279/1/2279 2243/1/2243
f 2204/1/2204 2142/1/2142 2200/1/2200
f 2200/1/2200 2243/1/2243 2204/1/2204
f 2132/1/2132 2094/1/2094 2142/1/2142
f 2142/1/2142 2204/1/2204 2132/1/2132
f 2067/1/2067 2036/1/2036 2094/1/2094
f 2094/1/2094 2132/1/2132 2067/1/2067
f 2000/1/2000 1988/1/1988 2036/1/2036
f 2036/1/2036 2067/1/2067 2000/1/2000
f 1956/1/1956 1948/1/1948 1988/1/1988
f 1988/1/1988 2000/1/2000 1956/1/1956
f 1734/1/1734 1728/1/1728 1948/1/1948
f 1948/1/1948 1956/1/1956 1734/1/1734
f 2312/1/2312 2310/1/2310 2315/1/2315
f 2315/1/2315 2316/1/2316 2312/1/2312
f 2302/1/2302 2300/1/2300 2310/1/2310
f 2310/1/2310 2312/1/2312 2302/1/2302
f 2281/1/2281 2279/1/2279 2300/1/2300
f 2300/1/2300 2302/1/2302 2281/1/2281
f 2245/1/2245 2243/1/2243 2279/1/2279
f 2279/1/2279 2281/1/2281 2245/1/2245
f 2206/1/2206 2204/1/2204 2243/1/2243
f 2243/1/2243 2245/1/2245 2206/1/2206
f 2134/1/2134 2132/1/2132 2204/1/2204
f 2204/1/2204 2206/1/2206 2134/1/2134
f 2068/1/2068 2067/1/2067 2132/1/2132
f 2132/1/2132 2134/1/2134 2068/1/2068
f 2002/1/2002 2000/1/2000 2067/1/2067
f 2067/1/2067 2068/1/2068 2002/1/2002
f 1958/1/1958 1956/1/1956 2000/1/2000
f 2000/1/2000 2002/1/2002 1958/1/1958
f 1878/1/1878 1734/1/1734 1956/1/1956
f 1956/1/1956 1958/1/1958 1878/1/1878
f 2285/1/2285 2312/1/2312 2316/1/2316
f 2316/1/2316 2289/1/2289 2285/1/2285
f 2259/1/2259 2302/1/2302 2312/1/2312
f 2312/1/2312 2285/1/2285 2259/1/2259
f 2241/1/2241 2281/1/2281 2302/1/2302
f 2302/1/2302 2259/1/2259 2241/1/2241
f 2214/1/2214 2245/1/2245 2281/1/2281
f 2281/1/2281 2241/1/2241 2214/1/2214
f 2168/1/2168 2206/1/2206 2245/1/2245
f 2245/1/2245 2214/1/2214 2168/1/2168
f 2106/1/2106 2134/1/2134 2206/1/2206
f 2206/1/2206 2168/1/2168 2106/1/2106
f 2042/1/2042 2068/1/2068 2134/1/2134
f 2134/1/2134 2106/1/2106 2042/1/2042
f 1994/1/1994 2002/1/2002 2068/1/2068
f 2068/1/2068 2042/1/2042 1994/1/1994
f 1952/1/1952 1958/1/1958 2002/1/2002
f 2002/1/2002 1994/1/1994 1952/1/1952
f 1731/1/1731 1878/1/1878 1958/1/1958
f 1958/1/1958 1952/1/1952 1731/1/1731
f 2220/1/2220 2285/1/2285 2289/1/2289
f 2289/1/2289 2225/1/2225 2220/1/2220
f 2210/1/2210 2259/1/2259 2285/1/2285
f 2285/1/2285 2220/1/2220 2210/1/2210
f 2186/1/2186 2241/1/2241 2259/1/2259
f 2259/1/2259 2210/1/2210 2186/1/2186
f 2146/1/2146 2214/1/2214 2241/1/2241
f 2241/1/2241 2186/1/2186 2146/1/2146
f 2108/1/2108 2168/1/2168 2214/1/2214
f 2214/1/2214 2146/1/2146 2108/1/2108
f 2060/1/2060 2106/1/2106 2168/1/2168
f 2168/1/2168 2108/1/2108 2060/1/2060
f 2018/1/2018 2042/1/2042 2106/1/2106
f 2106/1/2106 2060/1/2060 2018/1/2018
f 1978/1/1978 1994/1/1994 2042/1/2042
f 2042/1/2042 2018/1/2018 1978/1/1978
f 1944/1/1944 1952/1/1952 1994/1/1994
f 1994/1/1994 1978/1/1978 1944/1/1944
f 1727/1/1727 1731/1/1731 1952/1/1952
f 1952/1/1952 1944/1/1944 1727/1/1727
f 2141/1/2141 2220/1/2220 2225/1/2225
f 2225/1/2225 2145/1/2145 2141/1/2141
f 2127/1/2127 2210/1/2210 2220/1/2220
f 2220/1/2220 2141/1/2141 2127/1/2127
f 2112/1/2112 2186/1/2186 2210/1/2210
f 2210/1/2210 2127/1/2127 2112/1/2112
f 2084/1/2084 2146/1/2146 2186/1/2186
f 2186/1/2186 2112/1/2112 2084/1/2084
f 2044/1/2044 2108/1/2108 2146/1/2146
f 2146/1/2146 2084/1/2084 2044/1/2044
f 2024/1/2024 2060/1/2060 2108/1/2108
f 2108/1/2108 2044/1/2044 2024/1/2024
f 1992/1/1992 2018/1/2018 2060/1/2060
f 2060/1/2060 2024/1/2024 1992/1/1992
f 1970/1/1970 1978/1/1978 2018/1/2018
f 2018/1/2018 1992/1/1992 1970/1/1970
f 1942/1/1942 1944/1/1944 1978/1/1978
f 1978/1/1978 1970/1/1970 1942/1/1942
f 1721/1/1721 1727/1/1727 1944/1/1944
f 1944/1/1944 1942/1/1942 1721/1/1721
f 2079/1/2079 2141/1/2141 2145/1/2145
f 2145/1/2145 2087/1/2087 2079/1/2079
f 2075/1/2075 2127/1/2127 2141/1/2141
f 2141/1/2141 2079/1/2079 2075/1/2075
f 2055/1/2055 2112/1/2112 2127/1/2127
f 2127/1/2127 2075/1/2075 2055/1/2055
f 2039/1/2039 2084/1/2084 2112/1/2112
f 2112/1/2112 2055/1/2055 2039/1/2039
f 2021/1/2021 2044/1/2044 2084/1/2084
f 2084/1/2084 2039/1/2039 2021/1/2021
f 1996/1/1996 2024/1/2024 2044/1/2044
f 2044/1/2044 2021/1/2021 1996/1/1996
f 1974/1/1974 1992/1/1992 2024/1/2024
f 2024/1/2024 1996/1/1996 1974/1/1974
f 1954/1/1954 1970/1/1970 1992/1/1992
f 1992/1/1992 1974/1/1974 1954/1/1954
f 1934/1/1934 1942/1/1942 1970/1/1970
f 1970/1/1970 1954/1/1954 1934/1/1934
f 1720/1/1720 1721/1/1721 1942/1/1942
f 1942/1/1942 1934/1/1934 1720/1/1720
f 2063/1/2063 2079/1/2079 2087/1/2087
f 2087/1/2087 2071/1/2071 2063/1/2063
f 2051/1/2051 2075/1/2075 2079/1/2079
f 2079/1/2079 2063/1/2063 2051/1/2051
f 2041/1/2041 2055/1/2055 2075/1/2075
f 2075/1/2075 2051/1/2051 2041/1/2041
f 2029/1/2029 2039/1/2039 2055/1/2055
f 2055/1/2055 2041/1/2041 2029/1/2029
f 2013/1/2013 2021/1/2021 2039/1/2039
f 2039/1/2039 2029/1/2029 2013/1/2013
f 1991/1/1991 1996/1/1996 2021/1/2021
f 2021/1/2021 2013/1/2013 1991/1/1991
f 1972/1/1972 1974/1/1974 1996/1/1996
f 1996/1/1996 1991/1/1991 1972/1/1972
f 1950/1/1950 1954/1/1954 1974/1/1974
f 1974/1/1974 1972/1/1972 1950/1/1950
f 1932/1/1932 1934/1/1934 1954/1/1954
f 1954/1/1954 1950/1/1950 1932/1/1932
f 1701/1/1701 1720/1/1720 1934/1/1934
f 1934/1/1934 1932/1/1932 1701/1/1701
f 2115/1/2115 2063/1/2063 2071/1/2071
f 2071/1/2071 2123/1/2123 2115/1/2115
f 2101/1/2101 2051/1/2051 2063/1/2063
f 2063/1/2063 2115/1/2115 2101/1/2101
f 2081/1/2081 2041/1/2041 2051/1/2051
f 2051/1/2051 2101/1/2101 2081/1/2081
f 2057/1/2057 2029/1/2029 2041/1/2041
f 2041/1/2041 2081/1/2081 2057/1/2057
f 2033/1/2033 2013/1/2013 2029/1/2029
f 2029/1/2029 2057/1/2057 2033/1/2033
f 2009/1/2009 1991/1/1991 2013/1/2013
f 2013/1/2013 2033/1/2033 2009/1/2009
f 1984/1/1984 1972/1/1972 1991/1/1991
f 1991/1/1991 2009/1/2009 1984/1/1984
f 1964/1/1964 1950/1/1950 1972/1/1972
f 1972/1/1972 1984/1/1984 1964/1/1964
f 1938/1/1938 1932/1/1932 1950/1/1950
f 1950/1/1950 1964/1/1964 1938/1/1938
f 1698/1/1698 1701/1/1701 1932/1/1932
f 1932/1/1932 1938/1/1938 1698/1/1698
f 1888/1/1888 1886/1/1886 1686/1/1686
f 1888/1/1888 1686/1/1686 1662/1/1662
f 1888/1/1888 1662/1/1662 1640/1/1640
f 1888/1/1888 1640/1/1640 1616/1/1616
f 1888/1/1888 1616/1/1616 1592/1/1592
f 1888/1/1888 1592/1/1592 1574/1/1574
f 1888/1/1888 1574/1/1574 1546/1/1546
f 1888/1/1888 1546/1/1546 1526/1/1526
f 1888/1/1888 1526/1/1526 1518/1/1518
f 1888/1/1888 1518/1/1518 1512/1/1512
f 1674/1/1674 1686/1/1686 1886/1/1886
f 1886/1/1886 1884/1/1884 1674/1/1674
f 1634/1/1634 1662/1/1662 1686/1/1686
f 1686/1/1686 1674/1/1674 1634/1/1634
f 1586/1/1586 1640/1/1640 1662/1/1662
f 1662/1/1662 1634/1/1634 1586/1/1586
f 1528/1/1528 1616/1/1616 1640/1/1640
f 1640/1/1640 1586/1/1586 1528/1/1528
f 1480/1/1480 1592/1/1592 1616/1/1616
f 1616/1/1616 1528/1/1528 1480/1/1480
f 1422/1/1422 1574/1/1574 1592/1/1592
f 1592/1/1592 1480/1/1480 1422/1/1422
f 1396/1/1396 1546/1/1546 1574/1/1574
f 1574/1/1574 1422/1/1422 1396/1/1396
f 1373/1/1373 1526/1/1526 1546/1/1546
f 1546/1/1546 1396/1/1396 1373/1/1373
f 1365/1/1365 1518/1/1518 1526/1/1526
f 1526/1/1526 1373/1/1373 1365/1/1365
f 1361/1/1361 1512/1/1512 1518/1/1518
f 1518/1/1518 1365/1/1365 1361/1/1361
f 1666/1/1666 1674/1/1674 1884/1/1884
f 1884/1/1884 1882/1/1882 1666/1/1666
f 1622/1/1622 1634/1/1634 1674/1/1674
f 1674/1/1674 1666/1/1666 1622/1/1622
f 1557/1/1557 1586/1/1586 1634/1/1634
f 1634/1/1634 1622/1/1622 1557/1/1557
f 1490/1/1490 1528/1/1528 1586/1/1586
f 1586/1/1586 1557/1/1557 1490/1/1490
f 1418/1/1418 1480/1/1480 1528/1/1528
f 1528/1/1528 1490/1/1490 1418/1/1418
f 1379/1/1379 1422/1/1422 1480/1/1480
f 1480/1/1480 1418/1/1418 1379/1/1379
f 1343/1/1343 1396/1/1396 1422/1/1422
f 1422/1/1422 1379/1/1379 1343/1/1343
f 1322/1/1322 1373/1/1373 1396/1/1396
f 1396/1/1396 1343/1/1343 1322/1/1322
f 1312/1/1312 1365/1/1365 1373/1/1373
f 1373/1/1373 1322/1/1322 1312/1/1312
f 1309/1/1309 1361/1/1361 1365/1/1365
f 1365/1/1365 1312/1/1312 1309/1/1309
f 1664/1/1664 1666/1/1666 1882/1/1882
f 1882/1/1882 1879/1/1879 1664/1/1664
f 1620/1/1620 1622/1/1622 1666/1/1666
f 1666/1/1666 1664/1/1664 1620/1/1620
f 1554/1/1554 1557/1/1557 1622/1/1622
f 1622/1/1622 1620/1/1620 1554/1/1554
f 1488/1/1488 1490/1/1490 1557/1/1557
f 1557/1/1557 1554/1/1554 1488/1/1488
f 1416/1/1416 1418/1/1418 1490/1/1490
f 1490/1/1490 1488/1/1488 1416/1/1416
f 1377/1/1377 1379/1/1379 1418/1/1418
f 1418/1/1418 1416/1/1416 1377/1/1377
f 1341/1/1341 1343/1/1343 1379/1/1379
f 1379/1/1379 1377/1/1377 1341/1/1341
f 1320/1/1320 1322/1/1322 1343/1/1343
f 1343/1/1343 1341/1/1341 1320/1/1320
f 1310/1/1310 1312/1/1312 1322/1/1322
f 1322/1/1322 1320/1/1320 1310/1/1310
f 1306/1/1306 1309/1/1309 1312/1/1312
f 1312/1/1312 1310/1/1310 1306/1/1306
f 1670/1/1670 1664/1/1664 1879/1/1879
f 1879/1/1879 1876/1/1876 1670/1/1670
f 1628/1/1628 1620/1/1620 1664/1/1664
f 1664/1/1664 1670/1/1670 1628/1/1628
f 1580/1/1580 1554/1/1554 1620/1/1620
f 1620/1/1620 1628/1/1628 1580/1/1580
f 1516/1/1516 1488/1/1488 1554/1/1554
f 1554/1/1554 1580/1/1580 1516/1/1516
f 1454/1/1454 1416/1/1416 1488/1/1488
f 1488/1/1488 1516/1/1516 1454/1/1454
f 1408/1/1408 1377/1/1377 1416/1/1416
f 1416/1/1416 1454/1/1454 1408/1/1408
f 1381/1/1381 1341/1/1341 1377/1/1377
f 1377/1/1377 1408/1/1408 1381/1/1381
f 1363/1/1363 1320/1/1320 1341/1/1341
f 1341/1/1341 1381/1/1381 1363/1/1363
f 1337/1/1337 1310/1/1310 1320/1/1320
f 1320/1/1320 1363/1/1363 1337/1/1337
f 1333/1/1333 1306/1/1306 1310/1/1310
f 1310/1/1310 1337/1/1337 1333/1/1333
f 1678/1/1678 1670/1/1670 1876/1/1876
f 1876/1/1876 1874/1/1874 1678/1/1678
f 1644/1/1644 1628/1/1628 1670/1/1670
f 1670/1/1670 1678/1/1678 1644/1/1644
f 1604/1/1604 1580/1/1580 1628/1/1628
f 1628/1/1628 1644/1/1644 1604/1/1604
f 1562/1/1562 1516/1/1516 1580/1/1580
f 1580/1/1580 1604/1/1604 1562/1/1562
f 1514/1/1514 1454/1/1454 1516/1/1516
f 1516/1/1516 1562/1/1562 1514/1/1514
f 1476/1/1476 1408/1/1408 1454/1/1454
f 1454/1/1454 1514/1/1514 1476/1/1476
f 1436/1/1436 1381/1/1381 1408/1/1408
f 1408/1/1408 1476/1/1476 1436/1/1436
f 1412/1/1412 1363/1/1363 1381/1/1381
f 1381/1/1381 1436/1/1436 1412/1/1412
f 1402/1/1402 1337/1/1337 1363/1/1363
f 1363/1/1363 1412/1/1412 1402/1/1402
f 1399/1/1399 1333/1/1333 1337/1/1337
f 1337/1/1337 1402/1/1402 1399/1/1399
f 1680/1/1680 1678/1/1678 1874/1/1874
f 1874/1/1874 1872/1/1872 1680/1/1680
f 1652/1/1652 1644/1/1644 1678/1/1678
f 1678/1/1678 1680/1/1680 1652/1/1652
f 1630/1/1630 1604/1/1604 1644/1/1644
f 1644/1/1644 1652/1/1652 1630/1/1630
f 1598/1/1598 1562/1/1562 1604/1/1604
f 1604/1/1604 1630/1/1630 1598/1/1598
f 1578/1/1578 1514/1/1514 1562/1/1562
f 1562/1/1562 1598/1/1598 1578/1/1578
f 1538/1/1538 1476/1/1476 1514/1/1514
f 1514/1/1514 1578/1/1578 1538/1/1538
f 1510/1/1510 1436/1/1436 1476/1/1476
f 1476/1/1476 1538/1/1538 1510/1/1510
f 1497/1/1497 1412/1/1412 1436/1/1436
f 1436/1/1436 1510/1/1510 1497/1/1497
f 1483/1/1483 1402/1/1402 1412/1/1412
f 1412/1/1412 1497/1/1497 1483/1/1483
f 1479/1/1479 1399/1/1399 1402/1/1402
f 1402/1/1402 1483/1/1483 1479/1/1479
f 1688/1/1688 1680/1/1680 1872/1/1872
f 1872/1/1872 1870/1/1870 1688/1/1688
f 1668/1/1668 1652/1/1652 1680/1/1680
f 1680/1/1680 1688/1/1688 1668/1/1668
f 1648/1/1648 1630/1/1630 1652/1/1652
f 1652/1/1652 1668/1/1668 1648/1/1648
f 1626/1/1626 1598/1/1598 1630/1/1630
f 1630/1/1630 1648/1/1648 1626/1/1626
f 1603/1/1603 1578/1/1578 1598/1/1598
f 1598/1/1598 1626/1/1626 1603/1/1603
f 1585/1/1585 1538/1/1538 1578/1/1578
f 1578/1/1578 1603/1/1603 1585/1/1585
f 1569/1/1569 1510/1/1510 1538/1/1538
f 1538/1/1538 1585/1/1585 1569/1/1569
f 1549/1/1549 1497/1/1497 1510/1/1510
f 1510/1/1510 1569/1/1569 1549/1/1549
f 1545/1/1545 1483/1/1483 1497/1/1497
f 1497/1/1497 1549/1/1549 1545/1/1545
f 1537/1/1537 1479/1/1479 1483/1/1483
f 1483/1/1483 1545/1/1545 1537/1/1537
f 1690/1/1690 1688/1/1688 1870/1/1870
f 1870/1/1870 1868/1/1868 1690/1/1690
f 1672/1/1672 1668/1/1668 1688/1/1688
f 1688/1/1688 1690/1/1690 1672/1/1672
f 1650/1/1650 1648/1/1648 1668/1/1668
f 1668/1/1668 1672/1/1672 1650/1/1650
f 1633/1/1633 1626/1/1626 1648/1/1648
f 1648/1/1648 1650/1/1650 1633/1/1633
f 1611/1/1611 1603/1/1603 1626/1/1626
f 1626/1/1626 1633/1/1633 1611/1/1611
f 1595/1/1595 1585/1/1585 1603/1/1603
f 1603/1/1603 1611/1/1611 1595/1/1595
f 1583/1/1583 1569/1/1569 1585/1/1585
f 1585/1/1585 1595/1/1595 1583/1/1583
f 1573/1/1573 1549/1/1549 1569/1/1569
f 1569/1/1569 1583/1/1583 1573/1/1573
f 1561/1/1561 1545/1/1545 1549/1/1549
f 1549/1/1549 1573/1/1573 1561/1/1561
f 1553/1/1553 1537/1/1537 1545/1/1545
f 1545/1/1545 1561/1/1561 1553/1/1553
f 1684/1/1684 1690/1/1690 1868/1/1868
f 1868/1/1868 1865/1/1865 1684/1/1684
f 1658/1/1658 1672/1/1672 1690/1/1690
f 1690/1/1690 1684/1/1684 1658/1/1658
f 1638/1/1638 1650/1/1650 1672/1/1672
f 1672/1/1672 1658/1/1658 1638/1/1638
f 1615/1/1615 1633/1/1633 1650/1/1650
f 1650/1/1650 1638/1/1638 1615/1/1615
f 1591/1/1591 1611/1/1611 1633/1/1633
f 1633/1/1633 1615/1/1615 1591/1/1591
f 1567/1/1567 1595/1/1595 1611/1/1611
f 1611/1/1611 1591/1/1591 1567/1/1567
f 1543/1/1543 1583/1/1583 1595/1/1595
f 1595/1/1595 1567/1/1567 1543/1/1543
f 1523/1/1523 1573/1/1573 1583/1/1583
f 1583/1/1583 1543/1/1543 1523/1/1523
f 1509/1/1509 1561/1/1561 1573/1/1573
f 1573/1/1573 1523/1/1523 1509/1/1509
f 1501/1/1501 1553/1/1553 1561/1/1561
f 1561/1/1561 1509/1/1509 1501/1/1501
f 1888/1/1888 1513/1/1513 1519/1/1519
f 1888/1/1888 1519/1/1519 1527/1/1527
f 1888/1/1888 1527/1/1527 1547/1/1547
f 1888/1/1888 1547/1/1547 1575/1/1575
f 1888/1/1888 1575/1/1575 1593/1/1593
f 1888/1/1888 1593/1/1593 1617/1/1617
f 1888/1/1888 1617/1/1617 1641/1/1641
f 1888/1/1888 1641/1/1641 1663/1/1663
f 1888/1/1888 1663/1/1663 1687/1/1687
f 1888/1/1888 1687/1/1687 1894/1/1894
f 1366/1/1366 1519/1/1519 1513/1/1513
f 1513/1/1513 1362/1/1362 1366/1/1366
f 1374/1/1374 1527/1/1527 1519/1/1519
f 1519/1/1519 1366/1/1366 1374/1/1374
f 1397/1/1397 1547/1/1547 1527/1/1527
f 1527/1/1527 1374/1/1374 1397/1/1397
f 1423/1/1423 1575/1/1575 1547/1/1547
f 1547/1/1547 1397/1/1397 1423/1/1423
f 1481/1/1481 1593/1/1593 1575/1/1575
f 1575/1/1575 1423/1/1423 1481/1/1481
f 1529/1/1529 1617/1/1617 1593/1/1593
f 1593/1/1593 1481/1/1481 1529/1/1529
f 1587/1/1587 1641/1/1641 1617/1/1617
f 1617/1/1617 1529/1/1529 1587/1/1587
f 1635/1/1635 1663/1/1663 1641/1/1641
f 1641/1/1641 1587/1/1587 1635/1/1635
f 1675/1/1675 1687/1/1687 1663/1/1663
f 1663/1/1663 1635/1/1635 1675/1/1675
f 1895/1/1895 1894/1/1894 1687/1/1687
f 1687/1/1687 1675/1/1675 1895/1/1895
f 1313/1/1313 1366/1/1366 1362/1/1362
f 1362/1/1362 1308/1/1308 1313/1/1313
f 1323/1/1323 1374/1/1374 1366/1/1366
f 1366/1/1366 1313/1/1313 1323/1/1323
f 1344/1/1344 1397/1/1397 1374/1/1374
f 1374/1/1374 1323/1/1323 1344/1/1344
f 1380/1/1380 1423/1/1423 1397/1/1397
f 1397/1/1397 1344/1/1344 1380/1/1380
f 1419/1/1419 1481/1/1481 1423/1/1423
f 1423/1/1423 1380/1/1380 1419/1/1419
f 1491/1/1491 1529/1/1529 1481/1/1481
f 1481/1/1481 1419/1/1419 1491/1/1491
f 1556/1/1556 1587/1/1587 1529/1/1529
f 1529/1/1529 1491/1/1491 1556/1/1556
f 1623/1/1623 1635/1/1635 1587/1/1587
f 1587/1/1587 1556/1/1556 1623/1/1623
f 1667/1/1667 1675/1/1675 1635/1/1635
f 1635/1/1635 1623/1/1623 1667/1/1667
f 1890/1/1890 1895/1/1895 1675/1/1675
f 1675/1/1675 1667/1/1667 1890/1/1890
f 1311/1/1311 1313/1/1313 1308/1/1308
f 1308/1/1308 1307/1/1307 1311/1/1311
f 1321/1/1321 1323/1/1323 1313/1/1313
f 1313/1/1313 1311/1/1311 1321/1/1321
f 1342/1/1342 1344/1/1344 1323/1/1323
f 1323/1/1323 1321/1/1321 1342/1/1342
f 1378/1/1378 1380/1/1380 1344/1/1344
f 1344/1/1344 1342/1/1342 1378/1/1378
f 1417/1/1417 1419/1/1419 1380/1/1380
f 1380/1/1380 1378/1/1378 1417/1/1417
f 1489/1/1489 1491/1/1491 1419/1/1419
f 1419/1/1419 1417/1/1417 1489/1/1489
f 1555/1/1555 1556/1/1556 1491/1/1491
f 1491/1/1491 1489/1/1489 1555/1/1555
f 1621/1/1621 1623/1/1623 1556/1/1556
f 1556/1/1556 1555/1/1555 1621/1/1621
f 1665/1/1665 1667/1/1667 1623/1/1623
f 1623/1/1623 1621/1/1621 1665/1/1665
f 1881/1/1881 1890/1/1890 1667/1/1667
f 1667/1/1667 1665/1/1665 1881/1/1881
f 1338/1/1338 1311/1/1311 1307/1/1307
f 1307/1/1307 1334/1/1334 1338/1/1338
f 1364/1/1364 1321/1/1321 1311/1/1311
f 1311/1/1311 1338/1/1338 1364/1/1364
f 1382/1/1382 1342/1/1342 1321/1/1321
f 1321/1/1321 1364/1/1364 1382/1/1382
f 1409/1/1409 1378/1/1378 1342/1/1342
f 1342/1/1342 1382/1/1382 1409/1/1409
f 1455/1/1455 1417/1/1417 1378/1/1378
f 1378/1/1378 1409/1/1409 1455/1/1455
f 1517/1/1517 1489/1/1489 1417/1/1417
f 1417/1/1417 1455/1/1455 1517/1/1517
f 1581/1/1581 1555/1/1555 1489/1/1489
f 1489/1/1489 1517/1/1517 1581/1/1581
f 1629/1/1629 1621/1/1621 1555/1/1555
f 1555/1/1555 1581/1/1581 1629/1/1629
f 1671/1/1671 1665/1/1665 1621/1/1621
f 1621/1/1621 1629/1/1629 1671/1/1671
f 1893/1/1893 1881/1/1881 1665/1/1665
f 1665/1/1665 1671/1/1671 1893/1/1893
f 1403/1/1403 1338/1/1338 1334/1/1334
f 1334/1/1334 1398/1/1398 1403/1/1403
f 1413/1/1413 1364/1/1364 1338/1/1338
f 1338/1/1338 1403/1/1403 1413/1/1413
f 1437/1/1437 1382/1/1382 1364/1/1364
f 1364/1/1364 1413/1/1413 1437/1/1437
f 1477/1/1477 1409/1/1409 1382/1/1382
f 1382/1/1382 1437/1/1437 1477/1/1477
f 1515/1/1515 1455/1/1455 1409/1/1409
f 1409/1/1409 1477/1/1477 1515/1/1515
f 1563/1/1563 1517/1/1517 1455/1/1455
f 1455/1/1455 1515/1/1515 1563/1/1563
f 1605/1/1605 1581/1/1581 1517/1/1517
f 1517/1/1517 1563/1/1563 1605/1/1605
f 1645/1/1645 1629/1/1629 1581/1/1581
f 1581/1/1581 1605/1/1605 1645/1/1645
f 1679/1/1679 1671/1/1671 1629/1/1629
f 1629/1/1629 1645/1/1645 1679/1/1679
f 1900/1/1900 1893/1/1893 1671/1/1671
f 1671/1/1671 1679/1/1679 1900/1/1900
f 1482/1/1482 1403/1/1403 1398/1/1398
f 1398/1/1398 1478/1/1478 1482/1/1482
f 1496/1/1496 1413/1/1413 1403/1/1403
f 1403/1/1403 1482/1/1482 1496/1/1496
f 1511/1/1511 1437/1/1437 1413/1/1413
f 1413/1/1413 1496/1/1496 1511/1/1511
f 1539/1/1539 1477/1/1477 1437/1/1437
f 1437/1/1437 1511/1/1511 1539/1/1539
f 1579/1/1579 1515/1/1515 1477/1/1477
f 1477/1/1477 1539/1/1539 1579/1/1579
f 1599/1/1599 1563/1/1563 1515/1/1515
f 1515/1/1515 1579/1/1579 1599/1/1599
f 1631/1/1631 1605/1/1605 1563/1/1563
f 1563/1/1563 1599/1/1599 1631/1/1631
f 1653/1/1653 1645/1/1645 1605/1/1605
f 1605/1/1605 1631/1/1631 1653/1/1653
f 1681/1/1681 1679/1/1679 1645/1/1645
f 1645/1/1645 1653/1/1653 1681/1/1681
f 1902/1/1902 1900/1/1900 1679/1/1679
f 1679/1/1679 1681/1/1681 1902/1/1902
f 1544/1/1544 1482/1/1482 1478/1/1478
f 1478/1/1478 1536/1/1536 1544/1/1544
f 1548/1/1548 1496/1/1496 1482/1/1482
f 1482/1/1482 1544/1/1544 1548/1/1548
f 1568/1/1568 1511/1/1511 1496/1/1496
f 1496/1/1496 1548/1/1548 1568/1/1568
f 1584/1/1584 1539/1/1539 1511/1/1511
f 1511/1/1511 1568/1/1568 1584/1/1584
f 1602/1/1602 1579/1/1579 1539/1/1539
f 1539/1/1539 1584/1/1584 1602/1/1602
f 1627/1/1627 1599/1/1599 1579/1/1579
f 1579/1/1579 1602/1/1602 1627/1/1627
f 1649/1/1649 1631/1/1631 1599/1/1599
f 1599/1/1599 1627/1/1627 1649/1/1649
f 1669/1/1669 1653/1/1653 1631/1/1631
f 1631/1/1631 1649/1/1649 1669/1/1669
f 1689/1/1689 1681/1/1681 1653/1/1653
f 1653/1/1653 1669/1/1669 1689/1/1689
f 1921/1/1921 1902/1/1902 1681/1/1681
f 1681/1/1681 1689/1/1689 1921/1/1921
f 1560/1/1560 1544/1/1544 1536/1/1536
f 1536/1/1536 1552/1/1552 1560/1/1560
f 1572/1/1572 1548/1/1548 1544/1/1544
f 1544/1/1544 1560/1/1560 1572/1/1572
f 1582/1/1582 1568/1/1568 1548/1/1548
f 1548/1/1548 1572/1/1572 1582/1/1582
f 1594/1/1594 1584/1/1584 1568/1/1568
f 1568/1/1568 1582/1/1582 1594/1/1594
f 1610/1/1610 1602/1/1602 1584/1/1584
f 1584/1/1584 1594/1/1594 1610/1/1610
f 1632/1/1632 1627/1/1627 1602/1/1602
f 1602/1/1602 1610/1/1610 1632/1/1632
f 1651/1/1651 1649/1/1649 1627/1/1627
f 1627/1/1627 1632/1/1632 1651/1/1651
f 1673/1/1673 1669/1/1669 1649/1/1649
f 1649/1/1649 1651/1/1651 1673/1/1673
f 1691/1/1691 1689/1/1689 1669/1/1669
f 1669/1/1669 1673/1/1673 1691/1/1691
f 1922/1/1922 1921/1/1921 1689/1/1689
f 1689/1/1689 1691/1/1691 1922/1/1922
f 1508/1/1508 1560/1/1560 1552/1/1552
f 1552/1/1552 1500/1/1500 1508/1/1508
f 1522/1/1522 1572/1/1572 1560/1/1560
f 1560/1/1560 1508/1/1508 1522/1/1522
f 1542/1/1542 1582/1/1582 1572/1/1572
f 1572/1/1572 1522/1/1522 1542/1/1542
f 1566/1/1566 1594/1/1594 1582/1/1582
f 1582/1/1582 1542/1/1542 1566/1/1566
f 1590/1/1590 1610/1/1610 1594/1/1594
f 1594/1/1594 1566/1/1566 1590/1/1590
f 1614/1/1614 1632/1/1632 1610/1/1610
f 1610/1/1610 1590/1/1590 1614/1/1614
f 1639/1/1639 1651/1/1651 1632/1/1632
f 1632/1/1632 1614/1/1614 1639/1/1639
f 1659/1/1659 1673/1/1673 1651/1/1651
f 1651/1/1651 1639/1/1639 1659/1/1659
f 1685/1/1685 1691/1/1691 1673/1/1673
f 1673/1/1673 1659/1/1659 1685/1/1685
f 1928/1/1928 1922/1/1922 1691/1/1691
f 1691/1/1691 1685/1/1685 1928/1/1928
f 1888/1/1888 1887/1/1887 1937/1/1937
f 1888/1/1888 1937/1/1937 1961/1/1961
f 1888/1/1888 1961/1/1961 1983/1/1983
f 1888/1/1888 1983/1/1983 2007/1/2007
f 1888/1/1888 2007/1/2007 2031/1/2031
f 1888/1/1888 2031/1/2031 2049/1/2049
f 1888/1/1888 2049/1/2049 2077/1/2077
f 1888/1/1888 2077/1/2077 2097/1/2097
f 1888/1/1888 2097/1/2097 2105/1/2105
f 1888/1/1888 2105/1/2105 2111/1/2111
f 1949/1/1949 1937/1/1937 1887/1/1887
f 1887/1/1887 1885/1/1885 1949/1/1949
f 1989/1/1989 1961/1/1961 1937/1/1937
f 1937/1/1937 1949/1/1949 1989/1/1989
f 2037/1/2037 1983/1/1983 1961/1/1961
f 1961/1/1961 1989/1/1989 2037/1/2037
f 2095/1/2095 2007/1/2007 1983/1/1983
f 1983/1/1983 2037/1/2037 2095/1/2095
f 2143/1/2143 2031/1/2031 2007/1/2007
f 2007/1/2007 2095/1/2095 2143/1/2143
f 2201/1/2201 2049/1/2049 2031/1/2031
f 2031/1/2031 2143/1/2143 2201/1/2201
f 2227/1/2227 2077/1/2077 2049/1/2049
f 2049/1/2049 2201/1/2201 2227/1/2227
f 2250/1/2250 2097/1/2097 2077/1/2077
f 2077/1/2077 2227/1/2227 2250/1/2250
f 2258/1/2258 2105/1/2105 2097/1/2097
f 2097/1/2097 2250/1/2250 2258/1/2258
f 2262/1/2262 2111/1/2111 2105/1/2105
f 2105/1/2105 2258/1/2258 2262/1/2262
f 1957/1/1957 1949/1/1949 1885/1/1885
f 1885/1/1885 1883/1/1883 1957/1/1957
f 2001/1/2001 1989/1/1989 1949/1/1949
f 1949/1/1949 1957/1/1957 2001/1/2001
f 2066/1/2066 2037/1/2037 1989/1/1989
f 1989/1/1989 2001/1/2001 2066/1/2066
f 2133/1/2133 2095/1/2095 2037/1/2037
f 2037/1/2037 2066/1/2066 2133/1/2133
f 2205/1/2205 2143/1/2143 2095/1/2095
f 2095/1/2095 2133/1/2133 2205/1/2205
f 2244/1/2244 2201/1/2201 2143/1/2143
f 2143/1/2143 2205/1/2205 2244/1/2244
f 2280/1/2280 2227/1/2227 2201/1/2201
f 2201/1/2201 2244/1/2244 2280/1/2280
f 2301/1/2301 2250/1/2250 2227/1/2227
f 2227/1/2227 2280/1/2280 2301/1/2301
f 2311/1/2311 2258/1/2258 2250/1/2250
f 2250/1/2250 2301/1/2301 2311/1/2311
f 2314/1/2314 2262/1/2262 2258/1/2258
f 2258/1/2258 2311/1/2311 2314/1/2314
f 1959/1/1959 1957/1/1957 1883/1/1883
f 1883/1/1883 1880/1/1880 1959/1/1959
f 2003/1/2003 2001/1/2001 1957/1/1957
f 1957/1/1957 1959/1/1959 2003/1/2003
f 2069/1/2069 2066/1/2066 2001/1/2001
f 2001/1/2001 2003/1/2003 2069/1/2069
f 2135/1/2135 2133/1/2133 2066/1/2066
f 2066/1/2066 2069/1/2069 2135/1/2135
f 2207/1/2207 2205/1/2205 2133/1/2133
f 2133/1/2133 2135/1/2135 2207/1/2207
f 2246/1/2246 2244/1/2244 2205/1/2205
f 2205/1/2205 2207/1/2207 2246/1/2246
f 2282/1/2282 2280/1/2280 2244/1/2244
f 2244/1/2244 2246/1/2246 2282/1/2282
f 2303/1/2303 2301/1/2301 2280/1/2280
f 2280/1/2280 2282/1/2282 2303/1/2303
f 2313/1/2313 2311/1/2311 2301/1/2301
f 2301/1/2301 2303/1/2303 2313/1/2313
f 2317/1/2317 2314/1/2314 2311/1/2311
f 2311/1/2311 2313/1/2313 2317/1/2317
f 1953/1/1953 1959/1/1959 1880/1/1880
f 1880/1/1880 1877/1/1877 1953/1/1953
f 1995/1/1995 2003/1/2003 1959/1/1959
f 1959/1/1959 1953/1/1953 1995/1/1995
f 2043/1/2043 2069/1/2069 2003/1/2003
f 2003/1/2003 1995/1/1995 2043/1/2043
f 2107/1/2107 2135/1/2135 2069/1/2069
f 2069/1/2069 2043/1/2043 2107/1/2107
f 2169/1/2169 2207/1/2207 2135/1/2135
f 2135/1/2135 2107/1/2107 2169/1/2169
f 2215/1/2215 2246/1/2246 2207/1/2207
f 2207/1/2207 2169/1/2169 2215/1/2215
f 2242/1/2242 2282/1/2282 2246/1/2246
f 2246/1/2246 2215/1/2215 2242/1/2242
f 2260/1/2260 2303/1/2303 2282/1/2282
f 2282/1/2282 2242/1/2242 2260/1/2260
f 2286/1/2286 2313/1/2313 2303/1/2303
f 2303/1/2303 2260/1/2260 2286/1/2286
f 2290/1/2290 2317/1/2317 2313/1/2313
f 2313/1/2313 2286/1/2286 2290/1/2290
f 1945/1/1945 1953/1/1953 1877/1/1877
f 1877/1/1877 1875/1/1875 1945/1/1945
f 1979/1/1979 1995/1/1995 1953/1/1953
f 1953/1/1953 1945/1/1945 1979/1/1979
f 2019/1/2019 2043/1/2043 1995/1/1995
f 1995/1/1995 1979/1/1979 2019/1/2019
f 2061/1/2061 2107/1/2107 2043/1/2043
f 2043/1/2043 2019/1/2019 2061/1/2061
f 2109/1/2109 2169/1/2169 2107/1/2107
f 2107/1/2107 2061/1/2061 2109/1/2109
f 2147/1/2147 2215/1/2215 2169/1/2169
f 2169/1/2169 2109/1/2109 2147/1/2147
f 2187/1/2187 2242/1/2242 2215/1/2215
f 2215/1/2215 2147/1/2147 2187/1/2187
f 2211/1/2211 2260/1/2260 2242/1/2242
f 2242/1/2242 2187/1/2187 2211/1/2211
f 2221/1/2221 2286/1/2286 2260/1/2260
f 2260/1/2260 2211/1/2211 2221/1/2221
f 2224/1/2224 2290/1/2290 2286/1/2286
f 2286/1/2286 2221/1/2221 2224/1/2224
f 1943/1/1943 1945/1/1945 1875/1/1875
f 1875/1/1875 1873/1/1873 1943/1/1943
f 1971/1/1971 1979/1/1979 1945/1/1945
f 1945/1/1945 1943/1/1943 1971/1/1971
f 1993/1/1993 2019/1/2019 1979/1/1979
f 1979/1/1979 1971/1/1971 1993/1/1993
f 2025/1/2025 2061/1/2061 2019/1/2019
f 2019/1/2019 1993/1/1993 2025/1/2025
f 2045/1/2045 2109/1/2109 2061/1/2061
f 2061/1/2061 2025/1/2025 2045/1/2045
f 2085/1/2085 2147/1/2147 2109/1/2109
f 2109/1/2109 2045/1/2045 2085/1/2085
f 2113/1/2113 2187/1/2187 2147/1/2147
f 2147/1/2147 2085/1/2085 2113/1/2113
f 2126/1/2126 2211/1/2211 2187/1/2187
f 2187/1/2187 2113/1/2113 2126/1/2126
f 2140/1/2140 2221/1/2221 2211/1/2211
f 2211/1/2211 2126/1/2126 2140/1/2140
f 2144/1/2144 2224/1/2224 2221/1/2221
f 2221/1/2221 2140/1/2140 2144/1/2144
f 1935/1/1935 1943/1/1943 1873/1/1873
f 1873/1/1873 1871/1/1871 1935/1/1935
f 1955/1/1955 1971/1/1971 1943/1/1943
f 1943/1/1943 1935/1/1935 1955/1/1955
f 1975/1/1975 1993/1/1993 1971/1/1971
f 1971/1/1971 1955/1/1955 1975/1/1975
f 1997/1/1997 2025/1/2025 1993/1/1993
f 1993/1/1993 1975/1/1975 1997/1/1997
f 2020/1/2020 2045/1/2045 2025/1/2025
f 2025/1/2025 1997/1/1997 2020/1/2020
f 2038/1/2038 2085/1/2085 2045/1/2045
f 2045/1/2045 2020/1/2020 2038/1/2038
f 2054/1/2054 2113/1/2113 2085/1/2085
f 2085/1/2085 2038/1/2038 2054/1/2054
f 2074/1/2074 2126/1/2126 2113/1/2113
f 2113/1/2113 2054/1/2054 2074/1/2074
f 2078/1/2078 2140/1/2140 2126/1/2126
f 2126/1/2126 2074/1/2074 2078/1/2078
f 2086/1/2086 2144/1/2144 2140/1/2140
f 2140/1/2140 2078/1/2078 2086/1/2086
f 1933/1/1933 1935/1/1935 1871/1/1871
f 1871/1/1871 1869/1/1869 1933/1/1933
f 1951/1/1951 1955/1/1955 1935/1/1935
f 1935/1/1935 1933/1/1933 1951/1/1951
f 1973/1/1973 1975/1/1975 1955/1/1955
f 1955/1/1955 1951/1/1951 1973/1/1973
f 1990/1/1990 1997/1/1997 1975/1/1975
f 1975/1/1975 1973/1/1973 1990/1/1990
f 2012/1/2012 2020/1/2020 1997/1/1997
f 1997/1/1997 1990/1/1990 2012/1/2012
f 2028/1/2028 2038/1/2038 2020/1/2020
f 2020/1/2020 2012/1/2012 2028/1/2028
f 2040/1/2040 2054/1/2054 2038/1/2038
f 2038/1/2038 2028/1/2028 2040/1/2040
f 2050/1/2050 2074/1/2074 2054/1/2054
f 2054/1/2054 2040/1/2040 2050/1/2050
f 2062/1/2062 2078/1/2078 2074/1/2074
f 2074/1/2074 2050/1/2050 2062/1/2062
f 2070/1/2070 2086/1/2086 2078/1/2078
f 2078/1/2078 2062/1/2062 2070/1/2070
f 1939/1/1939 1933/1/1933 1869/1/1869
f 1869/1/1869 1866/1/1866 1939/1/1939
f 1965/1/1965 1951/1/1951 1933/1/1933
f 1933/1/1933 1939/1/1939 1965/1/1965
f 1985/1/1985 1973/1/1973 1951/1/1951
f 1951/1/1951 1965/1/1965 1985/1/1985
f 2008/1/2008 1990/1/1990 1973/1/1973
f 1973/1/1973 1985/1/1985 2008/1/2008
f 2032/1/2032 2012/1/2012 1990/1/1990
f 1990/1/1990 2008/1/2008 2032/1/2032
f 2056/1/2056 2028/1/2028 2012/1/2012
f 2012/1/2012 2032/1/2032 2056/1/2056
f 2080/1/2080 2040/1/2040 2028/1/2028
f 2028/1/2028 2056/1/2056 2080/1/2080
f 2100/1/2100 2050/1/2050 2040/1/2040
f 2040/1/2040 2080/1/2080 2100/1/2100
f 2114/1/2114 2062/1/2062 2050/1/2050
f 2050/1/2050 2100/1/2100 2114/1/2114
f 2122/1/2122 2070/1/2070 2062/1/2062
f 2062/1/2062 2114/1/2114 2122/1/2122
f 2232/1/2232 2116/1/2116 2124/1/2124
f 2124/1/2124 2236/1/2236 2232/1/2232
f 2218/1/2218 2102/1/2102 2116/1/2116
f 2116/1/2116 2232/1/2232 2218/1/2218
f 2199/1/2199 2082/1/2082 2102/1/2102
f 2102/1/2102 2218/1/2218 2199/1/2199
f 2150/1/2150 2058/1/2058 2082/1/2082
f 2082/1/2082 2199/1/2199 2150/1/2150
f 2120/1/2120 2034/1/2034 2058/1/2058
f 2058/1/2058 2150/1/2150 2120/1/2120
f 2064/1/2064 2010/1/2010 2034/1/2034
f 2034/1/2034 2120/1/2120 2064/1/2064
f 2023/1/2023 1986/1/1986 2010/1/2010
f 2010/1/2010 2064/1/2064 2023/1/2023
f 1980/1/1980 1966/1/1966 1986/1/1986
f 1986/1/1986 2023/1/2023 1980/1/1980
f 1946/1/1946 1940/1/1940 1966/1/1966
f 1966/1/1966 1980/1/1980 1946/1/1946
f 1862/1/1862 1730/1/1730 1940/1/1940
f 1940/1/1940 1946/1/1946 1862/1/1862
f 2332/1/2332 2232/1/2232 2236/1/2236
f 2236/1/2236 2336/1/2336 2332/1/2332
f 2322/1/2322 2218/1/2218 2232/1/2232
f 2232/1/2232 2332/1/2332 2322/1/2322
f 2306/1/2306 2199/1/2199 2218/1/2218
f 2218/1/2218 2322/1/2322 2306/1/2306
f 2275/1/2275 2150/1/2150 2199/1/2199
f 2199/1/2199 2306/1/2306 2275/1/2275
f 2234/1/2234 2120/1/2120 2150/1/2150
f 2150/1/2150 2275/1/2275 2234/1/2234
f 2170/1/2170 2064/1/2064 2120/1/2120
f 2120/1/2120 2234/1/2234 2170/1/2170
f 2093/1/2093 2023/1/2023 2064/1/2064
f 2064/1/2064 2170/1/2170 2093/1/2093
f 2016/1/2016 1980/1/1980 2023/1/2023
f 2023/1/2023 2093/1/2093 2016/1/2016
f 1968/1/1968 1946/1/1946 1980/1/1980
f 1980/1/1980 2016/1/2016 1968/1/1968
f 1858/1/1858 1862/1/1862 1946/1/1946
f 1946/1/1946 1968/1/1968 1858/1/1858
f 2409/1/2409 2332/1/2332 2336/1/2336
f 2336/1/2336 2413/1/2413 2409/1/2409
f 2400/1/2400 2322/1/2322 2332/1/2332
f 2332/1/2332 2409/1/2409 2400/1/2400
f 2376/1/2376 2306/1/2306 2322/1/2322
f 2322/1/2322 2400/1/2400 2376/1/2376
f 2349/1/2349 2275/1/2275 2306/1/2306
f 2306/1/2306 2376/1/2376 2349/1/2349
f 2324/1/2324 2234/1/2234 2275/1/2275
f 2275/1/2275 2349/1/2349 2324/1/2324
f 2271/1/2271 2170/1/2170 2234/1/2234
f 2234/1/2234 2324/1/2324 2271/1/2271
f 2185/1/2185 2093/1/2093 2170/1/2170
f 2170/1/2170 2271/1/2271 2185/1/2185
f 2072/1/2072 2016/1/2016 2093/1/2093
f 2093/1/2093 2185/1/2185 2072/1/2072
f 1976/1/1976 1968/1/1968 2016/1/2016
f 2016/1/2016 2072/1/2072 1976/1/1976
f 1729/1/1729 1858/1/1858 1968/1/1968
f 1968/1/1968 1976/1/1976 1729/1/1729
f 2488/1/2488 2409/1/2409 2413/1/2413
f 2413/1/2413 2498/1/2498 2488/1/2488
f 2470/1/2470 2400/1/2400 2409/1/2409
f 2409/1/2409 2488/1/2488 2470/1/2470
f 2444/1/2444 2376/1/2376 2400/1/2400
f 2400/1/2400 2470/1/2470 2444/1/2444
f 2418/1/2418 2349/1/2349 2376/1/2376
f 2376/1/2376 2444/1/2444 2418/1/2418
f 2384/1/2384 2324/1/2324 2349/1/2349
f 2349/1/2349 2418/1/2418 2384/1/2384
f 2338/1/2338 2271/1/2271 2324/1/2324
f 2324/1/2324 2384/1/2384 2338/1/2338
f 2269/1/2269 2185/1/2185 2271/1/2271
f 2271/1/2271 2338/1/2338 2269/1/2269
f 2138/1/2138 2072/1/2072 2185/1/2185
f 2185/1/2185 2269/1/2269 2138/1/2138
f 1998/1/1998 1976/1/1976 2072/1/2072
f 2072/1/2072 2138/1/2138 1998/1/1998
f 1722/1/1722 1729/1/1729 1976/1/1976
f 1976/1/1976 1998/1/1998 1722/1/1722
f 2559/1/2559 2488/1/2488 2498/1/2498
f 2498/1/2498 2569/1/2569 2559/1/2559
f 2549/1/2549 2470/1/2470 2488/1/2488
f 2488/1/2488 2559/1/2559 2549/1/2549
f 2531/1/2531 2444/1/2444 2470/1/2470
f 2470/1/2470 2549/1/2549 2531/1/2531
f 2492/1/2492 2418/1/2418 2444/1/2444
f 2444/1/2444 2531/1/2531 2492/1/2492
f 2436/1/2436 2384/1/2384 2418/1/2418
f 2418/1/2418 2492/1/2492 2436/1/2436
f 2394/1/2394 2338/1/2338 2384/1/2384
f 2384/1/2384 2436/1/2436 2394/1/2394
f 2326/1/2326 2269/1/2269 2338/1/2338
f 2338/1/2338 2394/1/2394 2326/1/2326
f 2212/1/2212 2138/1/2138 2269/1/2269
f 2269/1/2269 2326/1/2326 2212/1/2212
f 2026/1/2026 1998/1/1998 2138/1/2138
f 2138/1/2138 2212/1/2212 2026/1/2026
f 1850/1/1850 1722/1/1722 1998/1/1998
f 1998/1/1998 2026/1/2026 1850/1/1850
f 2653/1/2653 2559/1/2559 2569/1/2569
f 2569/1/2569 2655/1/2655 2653/1/2653
f 2631/1/2631 2549/1/2549 2559/1/2559
f 2559/1/2559 2653/1/2653 2631/1/2631
f 2593/1/2593 2531/1/2531 2549/1/2549
f 2549/1/2549 2631/1/2631 2593/1/2593
f 2551/1/2551 2492/1/2492 2531/1/2531
f 2531/1/2531 2593/1/2593 2551/1/2551
f 2510/1/2510 2436/1/2436 2492/1/2492
f 2492/1/2492 2551/1/2551 2510/1/2510
f 2432/1/2432 2394/1/2394 2436/1/2436
f 2436/1/2436 2510/1/2510 2432/1/2432
f 2366/1/2366 2326/1/2326 2394/1/2394
f 2394/1/2394 2432/1/2432 2366/1/2366
f 2263/1/2263 2212/1/2212 2326/1/2326
f 2326/1/2326 2366/1/2366 2263/1/2263
f 2052/1/2052 2026/1/2026 2212/1/2212
f 2212/1/2212 2263/1/2263 2052/1/2052
f 1726/1/1726 1850/1/1850 2026/1/2026
f 2026/1/2026 2052/1/2052 1726/1/1726
f 2720/1/2720 2653/1/2653 2655/1/2655
f 2655/1/2655 2726/1/2726 2720/1/2720
f 2697/1/2697 2631/1/2631 2653/1/2653
f 2653/1/2653 2720/1/2720 2697/1/2697
f 2662/1/2662 2593/1/2593 2631/1/2631
f 2631/1/2631 2697/1/2697 2662/1/2662
f 2607/1/2607 2551/1/2551 2593/1/2593
f 2593/1/2593 2662/1/2662 2607/1/2607
f 2547/1/2547 2510/1/2510 2551/1/2551
f 2551/1/2551 2607/1/2607 2547/1/2547
f 2484/1/2484 2432/1/2432 2510/1/2510
f 2510/1/2510 2547/1/2547 2484/1/2484
f 2405/1/2405 2366/1/2366 2432/1/2432
f 2432/1/2432 2484/1/2484 2405/1/2405
f 2308/1/2308 2263/1/2263 2366/1/2366
f 2366/1/2366 2405/1/2405 2308/1/2308
f 2090/1/2090 2052/1/2052 2263/1/2263
f 2263/1/2263 2308/1/2308 2090/1/2090
f 1719/1/1719 1726/1/1726 2052/1/2052
f 2052/1/2052 2090/1/2090 1719/1/1719
f 2787/1/2787 2720/1/2720 2726/1/2726
f 2726/1/2726 2795/1/2795 2787/1/2787
f 2759/1/2759 2697/1/2697 2720/1/2720
f 2720/1/2720 2787/1/2787 2759/1/2759
f 2713/1/2713 2662/1/2662 2697/1/2697
f 2697/1/2697 2759/1/2759 2713/1/2713
f 2657/1/2657 2607/1/2607 2662/1/2662
f 2662/1/2662 2713/1/2713 2657/1/2657
f 2589/1/2589 2547/1/2547 2607/1/2607
f 2607/1/2607 2657/1/2657 2589/1/2589
f 2525/1/2525 2484/1/2484 2547/1/2547
f 2547/1/2547 2589/1/2589 2525/1/2525
f 2422/1/2422 2405/1/2405 2484/1/2484
f 2484/1/2484 2525/1/2525 2422/1/2422
f 2330/1/2330 2308/1/2308 2405/1/2405
f 2405/1/2405 2422/1/2422 2330/1/2330
f 2118/1/2118 2090/1/2090 2308/1/2308
f 2308/1/2308 2330/1/2330 2118/1/2118
f 1700/1/1700 1719/1/1719 2090/1/2090
f 2090/1/2090 2118/1/2118 1700/1/1700
f 2834/1/2834 2787/1/2787 2795/1/2795
f 2795/1/2795 2844/1/2844 2834/1/2834
f 2798/1/2798 2759/1/2759 2787/1/2787
f 2787/1/2787 2834/1/2834 2798/1/2798
f 2750/1/2750 2713/1/2713 2759/1/2759
f 2759/1/2759 2798/1/2798 2750/1/2750
f 2690/1/2690 2657/1/2657 2713/1/2713
f 2713/1/2713 2750/1/2750 2690/1/2690
f 2624/1/2624 2589/1/2589 2657/1/2657
f 2657/1/2657 2690/1/2690 2624/1/2624
f 2536/1/2536 2525/1/2525 2589/1/2589
f 2589/1/2589 2624/1/2624 2536/1/2536
f 2441/1/2441 2422/1/2422 2525/1/2525
f 2525/1/2525 2536/1/2536 2441/1/2441
f 2340/1/2340 2330/1/2330 2422/1/2422
f 2422/1/2422 2441/1/2441 2340/1/2340
f 2128/1/2128 2118/1/2118 2330/1/2330
f 2330/1/2330 2340/1/2340 2128/1/2128
f 1825/1/1825 1700/1/1700 2118/1/2118
f 2118/1/2118 2128/1/2128 1825/1/1825
f 2847/1/2847 2834/1/2834 2844/1/2844
f 2844/1/2844 2857/1/2857 2847/1/2847
f 2821/1/2821 2798/1/2798 2834/1/2834
f 2834/1/2834 2847/1/2847 2821/1/2821
f 2765/1/2765 2750/1/2750 2798/1/2798
f 2798/1/2798 2821/1/2821 2765/1/2765
f 2703/1/2703 2690/1/2690 2750/1/2750
f 2750/1/2750 2765/1/2765 2703/1/2703
f 2637/1/2637 2624/1/2624 2690/1/2690
f 2690/1/2690 2703/1/2703 2637/1/2637
f 2543/1/2543 2536/1/2536 2624/1/2624
f 2624/1/2624 2637/1/2637 2543/1/2543
f 2446/1/2446 2441/1/2441 2536/1/2536
f 2536/1/2536 2543/1/2543 2446/1/2446
f 2344/1/2344 2340/1/2340 2441/1/2441
f 2441/1/2441 2446/1/2446 2344/1/2344
f 2136/1/2136 2128/1/2128 2340/1/2340
f 2340/1/2340 2344/1/2344 2136/1/2136
f 1713/1/1713 1825/1/1825 2128/1/2128
f 2128/1/2128 2136/1/2136 1713/1/1713
f 1676/1/1676 1682/1/1682 1864/1/1864
f 1864/1/1864 1862/1/1862 1676/1/1676
f 1642/1/1642 1656/1/1656 1682/1/1682
f 1682/1/1682 1676/1/1676 1642/1/1642
f 1601/1/1601 1636/1/1636 1656/1/1656
f 1656/1/1656 1642/1/1642 1601/1/1601
f 1558/1/1558 1612/1/1612 1636/1/1636
f 1636/1/1636 1601/1/1601 1558/1/1558
f 1502/1/1502 1588/1/1588 1612/1/1612
f 1612/1/1612 1558/1/1558 1502/1/1502
f 1472/1/1472 1564/1/1564 1588/1/1588
f 1588/1/1588 1502/1/1502 1472/1/1472
f 1425/1/1425 1540/1/1540 1564/1/1564
f 1564/1/1564 1472/1/1472 1425/1/1425
f 1404/1/1404 1520/1/1520 1540/1/1540
f 1540/1/1540 1425/1/1425 1404/1/1404
f 1390/1/1390 1506/1/1506 1520/1/1520
f 1520/1/1520 1404/1/1404 1390/1/1390
f 1387/1/1387 1498/1/1498 1506/1/1506
f 1506/1/1506 1390/1/1390 1387/1/1387
f 1654/1/1654 1676/1/1676 1862/1/1862
f 1862/1/1862 1859/1/1859 1654/1/1654
f 1606/1/1606 1642/1/1642 1676/1/1676
f 1676/1/1676 1654/1/1654 1606/1/1606
f 1531/1/1531 1601/1/1601 1642/1/1642
f 1642/1/1642 1606/1/1606 1531/1/1531
f 1452/1/1452 1558/1/1558 1601/1/1601
f 1601/1/1601 1531/1/1531 1452/1/1452
f 1388/1/1388 1502/1/1502 1558/1/1558
f 1558/1/1558 1452/1/1452 1388/1/1388
f 1347/1/1347 1472/1/1472 1502/1/1502
f 1502/1/1502 1388/1/1388 1347/1/1347
f 1316/1/1316 1425/1/1425 1472/1/1472
f 1472/1/1472 1347/1/1347 1316/1/1316
f 1300/1/1300 1404/1/1404 1425/1/1425
f 1425/1/1425 1316/1/1316 1300/1/1300
f 1290/1/1290 1390/1/1390 1404/1/1404
f 1404/1/1404 1300/1/1300 1290/1/1290
f 1286/1/1286 1387/1/1387 1390/1/1390
f 1390/1/1390 1290/1/1290 1286/1/1286
f 1646/1/1646 1654/1/1654 1859/1/1859
f 1859/1/1859 1856/1/1856 1646/1/1646
f 1550/1/1550 1606/1/1606 1654/1/1654
f 1654/1/1654 1646/1/1646 1550/1/1550
f 1439/1/1439 1531/1/1531 1606/1/1606
f 1606/1/1606 1550/1/1550 1439/1/1439
f 1351/1/1351 1452/1/1452 1531/1/1531
f 1531/1/1531 1439/1/1439 1351/1/1351
f 1298/1/1298 1388/1/1388 1452/1/1452
f 1452/1/1452 1351/1/1351 1298/1/1298
f 1275/1/1275 1347/1/1347 1388/1/1388
f 1388/1/1388 1298/1/1298 1275/1/1275
f 1246/1/1246 1316/1/1316 1347/1/1347
f 1347/1/1347 1275/1/1275 1246/1/1246
f 1222/1/1222 1300/1/1300 1316/1/1316
f 1316/1/1316 1246/1/1246 1222/1/1222
f 1215/1/1215 1290/1/1290 1300/1/1300
f 1300/1/1300 1222/1/1222 1215/1/1215
f 1211/1/1211 1286/1/1286 1290/1/1290
f 1290/1/1290 1215/1/1215 1211/1/1211
f 1624/1/1624 1646/1/1646 1856/1/1856
f 1856/1/1856 1854/1/1854 1624/1/1624
f 1484/1/1484 1550/1/1550 1646/1/1646
f 1646/1/1646 1624/1/1624 1484/1/1484
f 1353/1/1353 1439/1/1439 1550/1/1550
f 1550/1/1550 1484/1/1484 1353/1/1353
f 1284/1/1284 1351/1/1351 1439/1/1439
f 1439/1/1439 1353/1/1353 1284/1/1284
f 1238/1/1238 1298/1/1298 1351/1/1351
f 1351/1/1351 1284/1/1284 1238/1/1238
f 1204/1/1204 1275/1/1275 1298/1/1298
f 1298/1/1298 1238/1/1238 1204/1/1204
f 1178/1/1178 1246/1/1246 1275/1/1275
f 1275/1/1275 1204/1/1204 1178/1/1178
f 1152/1/1152 1222/1/1222 1246/1/1246
f 1246/1/1246 1178/1/1178 1152/1/1152
f 1134/1/1134 1215/1/1215 1222/1/1222
f 1222/1/1222 1152/1/1152 1134/1/1134
f 1124/1/1124 1211/1/1211 1215/1/1215
f 1215/1/1215 1134/1/1134 1124/1/1124
f 1596/1/1596 1624/1/1624 1854/1/1854
f 1854/1/1854 1851/1/1851 1596/1/1596
f 1410/1/1410 1484/1/1484 1624/1/1624
f 1624/1/1624 1596/1/1596 1410/1/1410
f 1296/1/1296 1353/1/1353 1484/1/1484
f 1484/1/1484 1410/1/1410 1296/1/1296
f 1228/1/1228 1284/1/1284 1353/1/1353
f 1353/1/1353 1296/1/1296 1228/1/1228
f 1186/1/1186 1238/1/1238 1284/1/1284
f 1284/1/1284 1228/1/1228 1186/1/1186
f 1130/1/1130 1204/1/1204 1238/1/1238
f 1238/1/1238 1186/1/1186 1130/1/1130
f 1091/1/1091 1178/1/1178 1204/1/1204
f 1204/1/1204 1130/1/1130 1091/1/1091
f 1073/1/1073 1152/1/1152 1178/1/1178
f 1178/1/1178 1091/1/1091 1073/1/1073
f 1063/1/1063 1134/1/1134 1152/1/1152
f 1152/1/1152 1073/1/1073 1063/1/1063
f 1053/1/1053 1124/1/1124 1134/1/1134
f 1134/1/1134 1063/1/1063 1053/1/1053
f 1570/1/1570 1596/1/1596 1851/1/1851
f 1851/1/1851 1848/1/1848 1570/1/1570
f 1359/1/1359 1410/1/1410 1596/1/1596
f 1596/1/1596 1570/1/1570 1359/1/1359
f 1256/1/1256 1296/1/1296 1410/1/1410
f 1410/1/1410 1359/1/1359 1256/1/1256
f 1190/1/1190 1228/1/1228 1296/1/1296
f 1296/1/1296 1256/1/1256 1190/1/1190
f 1112/1/1112 1186/1/1186 1228/1/1228
f 1228/1/1228 1190/1/1190 1112/1/1112
f 1071/1/1071 1130/1/1130 1186/1/1186
f 1186/1/1186 1112/1/1112 1071/1/1071
f 1029/1/1029 1091/1/1091 1130/1/1130
f 1130/1/1130 1071/1/1071 1029/1/1029
f 991/1/991 1073/1/1073 1091/1/1091
f 1091/1/1091 1029/1/1029 991/1/991
f 969/1/969 1063/1/1063 1073/1/1073
f 1073/1/1073 991/1/991 969/1/969
f 967/1/967 1053/1/1053 1063/1/1063
f 1063/1/1063 969/1/969 967/1/967
f 1532/1/1532 1570/1/1570 1848/1/1848
f 1848/1/1848 1846/1/1846 1532/1/1532
f 1314/1/1314 1359/1/1359 1570/1/1570
f 1570/1/1570 1532/1/1532 1314/1/1314
f 1219/1/1219 1256/1/1256 1359/1/1359
f 1359/1/1359 1314/1/1314 1219/1/1219
f 1138/1/1138 1190/1/1190 1256/1/1256
f 1256/1/1256 1219/1/1219 1138/1/1138
f 1075/1/1075 1112/1/1112 1190/1/1190
f 1190/1/1190 1138/1/1138 1075/1/1075
f 1015/1/1015 1071/1/1071 1112/1/1112
f 1112/1/1112 1075/1/1075 1015/1/1015
f 962/1/962 1029/1/1029 1071/1/1071
f 1071/1/1071 1015/1/1015 962/1/962
f 925/1/925 991/1/991 1029/1/1029
f 1029/1/1029 962/1/962 925/1/925
f 904/1/904 969/1/969 991/1/991
f 991/1/991 925/1/925 904/1/904
f 898/1/898 967/1/967 969/1/969
f 969/1/969 904/1/904 898/1/898
f 1504/1/1504 1532/1/1532 1846/1/1846
f 1846/1/1846 1832/1/1832 1504/1/1504
f 1292/1/1292 1314/1/1314 1532/1/1532
f 1532/1/1532 1504/1/1504 1292/1/1292
f 1200/1/1200 1219/1/1219 1314/1/1314
f 1314/1/1314 1292/1/1292 1200/1/1200
f 1097/1/1097 1138/1/1138 1219/1/1219
f 1219/1/1219 1200/1/1200 1097/1/1097
f 1033/1/1033 1075/1/1075 1138/1/1138
f 1138/1/1138 1097/1/1097 1033/1/1033
f 965/1/965 1015/1/1015 1075/1/1075
f 1075/1/1075 1033/1/1033 965/1/965
f 909/1/909 962/1/962 1015/1/1015
f 1015/1/1015 965/1/965 909/1/909
f 863/1/863 925/1/925 962/1/962
f 962/1/962 909/1/909 863/1/863
f 835/1/835 904/1/904 925/1/925
f 925/1/925 863/1/863 835/1/835
f 827/1/827 898/1/898 904/1/904
f 904/1/904 835/1/835 827/1/827
f 1494/1/1494 1504/1/1504 1832/1/1832
f 1832/1/1832 1824/1/1824 1494/1/1494
f 1282/1/1282 1292/1/1292 1504/1/1504
f 1504/1/1504 1494/1/1494 1282/1/1282
f 1183/1/1183 1200/1/1200 1292/1/1292
f 1292/1/1292 1282/1/1282 1183/1/1183
f 1088/1/1088 1097/1/1097 1200/1/1200
f 1200/1/1200 1183/1/1183 1088/1/1088
f 1000/1/1000 1033/1/1033 1097/1/1097
f 1097/1/1097 1088/1/1088 1000/1/1000
f 934/1/934 965/1/965 1033/1/1033
f 1033/1/1033 1000/1/1000 934/1/934
f 874/1/874 909/1/909 965/1/965
f 965/1/965 934/1/934 874/1/874
f 826/1/826 863/1/863 909/1/909
f 909/1/909 874/1/874 826/1/826
f 790/1/790 835/1/835 863/1/863
f 863/1/863 826/1/826 790/1/790
f 780/1/780 827/1/827 835/1/835
f 835/1/835 790/1/790 780/1/780
f 1486/1/1486 1494/1/1494 1824/1/1824
f 1824/1/1824 1814/1/1814 1486/1/1486
f 1278/1/1278 1282/1/1282 1494/1/1494
f 1494/1/1494 1486/1/1486 1278/1/1278
f 1176/1/1176 1183/1/1183 1282/1/1282
f 1282/1/1282 1278/1/1278 1176/1/1176
f 1079/1/1079 1088/1/1088 1183/1/1183
f 1183/1/1183 1176/1/1176 1079/1/1079
f 985/1/985 1000/1/1000 1088/1/1088
f 1088/1/1088 1079/1/1079 985/1/985
f 919/1/919 934/1/934 1000/1/1000
f 1000/1/1000 985/1/985 919/1/919
f 857/1/857 874/1/874 934/1/934
f 934/1/934 919/1/919 857/1/857
f 801/1/801 826/1/826 874/1/874
f 874/1/874 857/1/857 801/1/801
f 775/1/775 790/1/790 826/1/826
f 826/1/826 801/1/801 775/1/775
f 765/1/765 780/1/780 790/1/790
f 790/1/790 775/1/775 765/1/765
f 1391/1/1391 1507/1/1507 1499/1/1499
f 1499/1/1499 1387/1/1387 1391/1/1391
f 1405/1/1405 1521/1/1521 1507/1/1507
f 1507/1/1507 1391/1/1391 1405/1/1405
f 1424/1/1424 1541/1/1541 1521/1/1521
f 1521/1/1521 1405/1/1405 1424/1/1424
f 1473/1/1473 1565/1/1565 1541/1/1541
f 1541/1/1541 1424/1/1424 1473/1/1473
f 1503/1/1503 1589/1/1589 1565/1/1565
f 1565/1/1565 1473/1/1473 1503/1/1503
f 1559/1/1559 1613/1/1613 1589/1/1589
f 1589/1/1589 1503/1/1503 1559/1/1559
f 1600/1/1600 1637/1/1637 1613/1/1613
f 1613/1/1613 1559/1/1559 1600/1/1600
f 1643/1/1643 1657/1/1657 1637/1/1637
f 1637/1/1637 1600/1/1600 1643/1/1643
f 1677/1/1677 1683/1/1683 1657/1/1657
f 1657/1/1657 1643/1/1643 1677/1/1677
f 1863/1/1863 1892/1/1892 1683/1/1683
f 1683/1/1683 1677/1/1677 1863/1/1863
f 1291/1/1291 1391/1/1391 1387/1/1387
f 1387/1/1387 1287/1/1287 1291/1/1291
f 1301/1/1301 1405/1/1405 1391/1/1391
f 1391/1/1391 1291/1/1291 1301/1/1301
f 1317/1/1317 1424/1/1424 1405/1/1405
f 1405/1/1405 1301/1/1301 1317/1/1317
f 1348/1/1348 1473/1/1473 1424/1/1424
f 1424/1/1424 1317/1/1317 1348/1/1348
f 1389/1/1389 1503/1/1503 1473/1/1473
f 1473/1/1473 1348/1/1348 1389/1/1389
f 1453/1/1453 1559/1/1559 1503/1/1503
f 1503/1/1503 1389/1/1389 1453/1/1453
f 1530/1/1530 1600/1/1600 1559/1/1559
f 1559/1/1559 1453/1/1453 1530/1/1530
f 1607/1/1607 1643/1/1643 1600/1/1600
f 1600/1/1600 1530/1/1530 1607/1/1607
f 1655/1/1655 1677/1/1677 1643/1/1643
f 1643/1/1643 1607/1/1607 1655/1/1655
f 1861/1/1861 1863/1/1863 1677/1/1677
f 1677/1/1677 1655/1/1655 1861/1/1861
f 1214/1/1214 1291/1/1291 1287/1/1287
f 1287/1/1287 1210/1/1210 1214/1/1214
f 1223/1/1223 1301/1/1301 1291/1/1291
f 1291/1/1291 1214/1/1214 1223/1/1223
f 1247/1/1247 1317/1/1317 1301/1/1301
f 1301/1/1301 1223/1/1223 1247/1/1247
f 1274/1/1274 1348/1/1348 1317/1/1317
f 1317/1/1317 1247/1/1247 1274/1/1274
f 1299/1/1299 1389/1/1389 1348/1/1348
f 1348/1/1348 1274/1/1274 1299/1/1299
f 1352/1/1352 1453/1/1453 1389/1/1389
f 1389/1/1389 1299/1/1299 1352/1/1352
f 1438/1/1438 1530/1/1530 1453/1/1453
f 1453/1/1453 1352/1/1352 1438/1/1438
f 1551/1/1551 1607/1/1607 1530/1/1530
f 1530/1/1530 1438/1/1438 1551/1/1551
f 1647/1/1647 1655/1/1655 1607/1/1607
f 1607/1/1607 1551/1/1551 1647/1/1647
f 1891/1/1891 1861/1/1861 1655/1/1655
f 1655/1/1655 1647/1/1647 1891/1/1891
f 1135/1/1135 1214/1/1214 1210/1/1210
f 1210/1/1210 1125/1/1125 1135/1/1135
f 1153/1/1153 1223/1/1223 1214/1/1214
f 1214/1/1214 1135/1/1135 1153/1/1153
f 1179/1/1179 1247/1/1247 1223/1/1223
f 1223/1/1223 1153/1/1153 1179/1/1179
f 1205/1/1205 1274/1/1274 1247/1/1247
f 1247/1/1247 1179/1/1179 1205/1/1205
f 1239/1/1239 1299/1/1299 1274/1/1274
f 1274/1/1274 1205/1/1205 1239/1/1239
f 1285/1/1285 1352/1/1352 1299/1/1299
f 1299/1/1299 1239/1/1239 1285/1/1285
f 1354/1/1354 1438/1/1438 1352/1/1352
f 1352/1/1352 1285/1/1285 1354/1/1354
f 1485/1/1485 1551/1/1551 1438/1/1438
f 1438/1/1438 1354/1/1354 1485/1/1485
f 1625/1/1625 1647/1/1647 1551/1/1551
f 1551/1/1551 1485/1/1485 1625/1/1625
f 1901/1/1901 1891/1/1891 1647/1/1647
f 1647/1/1647 1625/1/1625 1901/1/1901
f 1064/1/1064 1135/1/1135 1125/1/1125
f 1125/1/1125 1054/1/1054 1064/1/1064
f 1074/1/1074 1153/1/1153 1135/1/1135
f 1135/1/1135 1064/1/1064 1074/1/1074
f 1092/1/1092 1179/1/1179 1153/1/1153
f 1153/1/1153 1074/1/1074 1092/1/1092
f 1131/1/1131 1205/1/1205 1179/1/1179
f 1179/1/1179 1092/1/1092 1131/1/1131
f 1187/1/1187 1239/1/1239 1205/1/1205
f 1205/1/1205 1131/1/1131 1187/1/1187
f 1229/1/1229 1285/1/1285 1239/1/1239
f 1239/1/1239 1187/1/1187 1229/1/1229
f 1297/1/1297 1354/1/1354 1285/1/1285
f 1285/1/1285 1229/1/1229 1297/1/1297
f 1411/1/1411 1485/1/1485 1354/1/1354
f 1354/1/1354 1297/1/1297 1411/1/1411
f 1597/1/1597 1625/1/1625 1485/1/1485
f 1485/1/1485 1411/1/1411 1597/1/1597
f 1853/1/1853 1901/1/1901 1625/1/1625
f 1625/1/1625 1597/1/1597 1853/1/1853
f 970/1/970 1064/1/1064 1054/1/1054
f 1054/1/1054 968/1/968 970/1/970
f 992/1/992 1074/1/1074 1064/1/1064
f 1064/1/1064 970/1/970 992/1/992
f 1030/1/1030 1092/1/1092 1074/1/1074
f 1074/1/1074 992/1/992 1030/1/1030
f 1072/1/1072 1131/1/1131 1092/1/1092
f 1092/1/1092 1030/1/1030 1072/1/1072
f 1113/1/1113 1187/1/1187 1131/1/1131
f 1131/1/1131 1072/1/1072 1113/1/1113
f 1191/1/1191 1229/1/1229 1187/1/1187
f 1187/1/1187 1113/1/1113 1191/1/1191
f 1257/1/1257 1297/1/1297 1229/1/1229
f 1229/1/1229 1191/1/1191 1257/1/1257
f 1360/1/1360 1411/1/1411 1297/1/1297
f 1297/1/1297 1257/1/1257 1360/1/1360
f 1571/1/1571 1597/1/1597 1411/1/1411
f 1411/1/1411 1360/1/1360 1571/1/1571
f 1899/1/1899 1853/1/1853 1597/1/1597
f 1597/1/1597 1571/1/1571 1899/1/1899
f 903/1/903 970/1/970 968/1/968
f 968/1/968 897/1/897 903/1/903
f 926/1/926 992/1/992 970/1/970
f 970/1/970 903/1/903 926/1/926
f 961/1/961 1030/1/1030 992/1/992
f 992/1/992 926/1/926 961/1/961
f 1016/1/1016 1072/1/1072 1030/1/1030
f 1030/1/1030 961/1/961 1016/1/1016
f 1076/1/1076 1113/1/1113 1072/1/1072
f 1072/1/1072 1016/1/1016 1076/1/1076
f 1139/1/1139 1191/1/1191 1113/1/1113
f 1113/1/1113 1076/1/1076 1139/1/1139
f 1218/1/1218 1257/1/1257 1191/1/1191
f 1191/1/1191 1139/1/1139 1218/1/1218
f 1315/1/1315 1360/1/1360 1257/1/1257
f 1257/1/1257 1218/1/1218 1315/1/1315
f 1533/1/1533 1571/1/1571 1360/1/1360
f 1360/1/1360 1315/1/1315 1533/1/1533
f 1920/1/1920 1899/1/1899 1571/1/1571
f 1571/1/1571 1533/1/1533 1920/1/1920
f 836/1/836 903/1/903 897/1/897
f 897/1/897 828/1/828 836/1/836
f 864/1/864 926/1/926 903/1/903
f 903/1/903 836/1/836 864/1/864
f 910/1/910 961/1/961 926/1/926
f 926/1/926 864/1/864 910/1/910
f 966/1/966 1016/1/1016 961/1/961
f 961/1/961 910/1/910 966/1/966
f 1034/1/1034 1076/1/1076 1016/1/1016
f 1016/1/1016 966/1/966 1034/1/1034
f 1098/1/1098 1139/1/1139 1076/1/1076
f 1076/1/1076 1034/1/1034 1098/1/1098
f 1201/1/1201 1218/1/1218 1139/1/1139
f 1139/1/1139 1098/1/1098 1201/1/1201
f 1293/1/1293 1315/1/1315 1218/1/1218
f 1218/1/1218 1201/1/1201 1293/1/1293
f 1505/1/1505 1533/1/1533 1315/1/1315
f 1315/1/1315 1293/1/1293 1505/1/1505
f 1924/1/1924 1920/1/1920 1533/1/1533
f 1533/1/1533 1505/1/1505 1924/1/1924
f 789/1/789 836/1/836 828/1/828
f 828/1/828 779/1/779 789/1/789
f 825/1/825 864/1/864 836/1/836
f 836/1/836 789/1/789 825/1/825
f 873/1/873 910/1/910 864/1/864
f 864/1/864 825/1/825 873/1/873
f 933/1/933 966/1/966 910/1/910
f 910/1/910 873/1/873 933/1/933
f 999/1/999 1034/1/1034 966/1/966
f 966/1/966 933/1/933 999/1/999
f 1087/1/1087 1098/1/1098 1034/1/1034
f 1034/1/1034 999/1/999 1087/1/1087
f 1182/1/1182 1201/1/1201 1098/1/1098
f 1098/1/1098 1087/1/1087 1182/1/1182
f 1283/1/1283 1293/1/1293 1201/1/1201
f 1201/1/1201 1182/1/1182 1283/1/1283
f 1495/1/1495 1505/1/1505 1293/1/1293
f 1293/1/1293 1283/1/1283 1495/1/1495
f 1826/1/1826 1924/1/1924 1505/1/1505
f 1505/1/1505 1495/1/1495 1826/1/1826
f 776/1/776 789/1/789 779/1/779
f 779/1/779 766/1/766 776/1/776
f 802/1/802 825/1/825 789/1/789
f 789/1/789 776/1/776 802/1/802
f 858/1/858 873/1/873 825/1/825
f 825/1/825 802/1/802 858/1/858
f 920/1/920 933/1/933 873/1/873
f 873/1/873 858/1/858 920/1/920
f 986/1/986 999/1/999 933/1/933
f 933/1/933 920/1/920 986/1/986
f 1080/1/1080 1087/1/1087 999/1/999
f 999/1/999 986/1/986 1080/1/1080
f 1177/1/1177 1182/1/1182 1087/1/1087
f 1087/1/1087 1080/1/1080 1177/1/1177
f 1279/1/1279 1283/1/1283 1182/1/1182
f 1182/1/1182 1177/1/1177 1279/1/1279
f 1487/1/1487 1495/1/1495 1283/1/1283
f 1283/1/1283 1279/1/1279 1487/1/1487
f 1914/1/1914 1826/1/1826 1495/1/1495
f 1495/1/1495 1487/1/1487 1914/1/1914
f 1947/1/1947 1941/1/1941 1867/1/1867
f 1867/1/1867 1863/1/1863 1947/1/1947
f 1981/1/1981 1967/1/1967 1941/1/1941
f 1941/1/1941 1947/1/1947 1981/1/1981
f 2022/1/2022 1987/1/1987 1967/1/1967
f 1967/1/1967 1981/1/1981 2022/1/2022
f 2065/1/2065 2011/1/2011 1987/1/1987
f 1987/1/1987 2022/1/2022 2065/1/2065
f 2121/1/2121 2035/1/2035 2011/1/2011
f 2011/1/2011 2065/1/2065 2121/1/2121
f 2151/1/2151 2059/1/2059 2035/1/2035
f 2035/1/2035 2121/1/2121 2151/1/2151
f 2198/1/2198 2083/1/2083 2059/1/2059
f 2059/1/2059 2151/1/2151 2198/1/2198
f 2219/1/2219 2103/1/2103 2083/1/2083
f 2083/1/2083 2198/1/2198 2219/1/2219
f 2233/1/2233 2117/1/2117 2103/1/2103
f 2103/1/2103 2219/1/2219 2233/1/2233
f 2236/1/2236 2125/1/2125 2117/1/2117
f 2117/1/2117 2233/1/2233 2236/1/2236
f 1969/1/1969 1947/1/1947 1863/1/1863
f 1863/1/1863 1860/1/1860 1969/1/1969
f 2017/1/2017 1981/1/1981 1947/1/1947
f 1947/1/1947 1969/1/1969 2017/1/2017
f 2092/1/2092 2022/1/2022 1981/1/1981
f 1981/1/1981 2017/1/2017 2092/1/2092
f 2171/1/2171 2065/1/2065 2022/1/2022
f 2022/1/2022 2092/1/2092 2171/1/2171
f 2235/1/2235 2121/1/2121 2065/1/2065
f 2065/1/2065 2171/1/2171 2235/1/2235
f 2276/1/2276 2151/1/2151 2121/1/2121
f 2121/1/2121 2235/1/2235 2276/1/2276
f 2307/1/2307 2198/1/2198 2151/1/2151
f 2151/1/2151 2276/1/2276 2307/1/2307
f 2323/1/2323 2219/1/2219 2198/1/2198
f 2198/1/2198 2307/1/2307 2323/1/2323
f 2333/1/2333 2233/1/2233 2219/1/2219
f 2219/1/2219 2323/1/2323 2333/1/2333
f 2337/1/2337 2236/1/2236 2233/1/2233
f 2233/1/2233 2333/1/2333 2337/1/2337
f 1977/1/1977 1969/1/1969 1860/1/1860
f 1860/1/1860 1857/1/1857 1977/1/1977
f 2073/1/2073 2017/1/2017 1969/1/1969
f 1969/1/1969 1977/1/1977 2073/1/2073
f 2184/1/2184 2092/1/2092 2017/1/2017
f 2017/1/2017 2073/1/2073 2184/1/2184
f 2272/1/2272 2171/1/2171 2092/1/2092
f 2092/1/2092 2184/1/2184 2272/1/2272
f 2325/1/2325 2235/1/2235 2171/1/2171
f 2171/1/2171 2272/1/2272 2325/1/2325
f 2348/1/2348 2276/1/2276 2235/1/2235
f 2235/1/2235 2325/1/2325 2348/1/2348
f 2377/1/2377 2307/1/2307 2276/1/2276
f 2276/1/2276 2348/1/2348 2377/1/2377
f 2401/1/2401 2323/1/2323 2307/1/2307
f 2307/1/2307 2377/1/2377 2401/1/2401
f 2408/1/2408 2333/1/2333 2323/1/2323
f 2323/1/2323 2401/1/2401 2408/1/2408
f 2412/1/2412 2337/1/2337 2333/1/2333
f 2333/1/2333 2408/1/2408 2412/1/2412
f 1999/1/1999 1977/1/1977 1857/1/1857
f 1857/1/1857 1855/1/1855 1999/1/1999
f 2139/1/2139 2073/1/2073 1977/1/1977
f 1977/1/1977 1999/1/1999 2139/1/2139
f 2270/1/2270 2184/1/2184 2073/1/2073
f 2073/1/2073 2139/1/2139 2270/1/2270
f 2339/1/2339 2272/1/2272 2184/1/2184
f 2184/1/2184 2270/1/2270 2339/1/2339
f 2385/1/2385 2325/1/2325 2272/1/2272
f 2272/1/2272 2339/1/2339 2385/1/2385
f 2419/1/2419 2348/1/2348 2325/1/2325
f 2325/1/2325 2385/1/2385 2419/1/2419
f 2445/1/2445 2377/1/2377 2348/1/2348
f 2348/1/2348 2419/1/2419 2445/1/2445
f 2471/1/2471 2401/1/2401 2377/1/2377
f 2377/1/2377 2445/1/2445 2471/1/2471
f 2489/1/2489 2408/1/2408 2401/1/2401
f 2401/1/2401 2471/1/2471 2489/1/2489
f 2499/1/2499 2412/1/2412 2408/1/2408
f 2408/1/2408 2489/1/2489 2499/1/2499
f 2027/1/2027 1999/1/1999 1855/1/1855
f 1855/1/1855 1852/1/1852 2027/1/2027
f 2213/1/2213 2139/1/2139 1999/1/1999
f 1999/1/1999 2027/1/2027 2213/1/2213
f 2327/1/2327 2270/1/2270 2139/1/2139
f 2139/1/2139 2213/1/2213 2327/1/2327
f 2395/1/2395 2339/1/2339 2270/1/2270
f 2270/1/2270 2327/1/2327 2395/1/2395
f 2437/1/2437 2385/1/2385 2339/1/2339
f 2339/1/2339 2395/1/2395 2437/1/2437
f 2493/1/2493 2419/1/2419 2385/1/2385
f 2385/1/2385 2437/1/2437 2493/1/2493
f 2532/1/2532 2445/1/2445 2419/1/2419
f 2419/1/2419 2493/1/2493 2532/1/2532
f 2550/1/2550 2471/1/2471 2445/1/2445
f 2445/1/2445 2532/1/2532 2550/1/2550
f 2560/1/2560 2489/1/2489 2471/1/2471
f 2471/1/2471 2550/1/2550 2560/1/2560
f 2570/1/2570 2499/1/2499 2489/1/2489
f 2489/1/2489 2560/1/2560 2570/1/2570
f 2053/1/2053 2027/1/2027 1852/1/1852
f 1852/1/1852 1849/1/1849 2053/1/2053
f 2264/1/2264 2213/1/2213 2027/1/2027
f 2027/1/2027 2053/1/2053 2264/1/2264
f 2367/1/2367 2327/1/2327 2213/1/2213
f 2213/1/2213 2264/1/2264 2367/1/2367
f 2433/1/2433 2395/1/2395 2327/1/2327
f 2327/1/2327 2367/1/2367 2433/1/2433
f 2511/1/2511 2437/1/2437 2395/1/2395
f 2395/1/2395 2433/1/2433 2511/1/2511
f 2552/1/2552 2493/1/2493 2437/1/2437
f 2437/1/2437 2511/1/2511 2552/1/2552
f 2594/1/2594 2532/1/2532 2493/1/2493
f 2493/1/2493 2552/1/2552 2594/1/2594
f 2632/1/2632 2550/1/2550 2532/1/2532
f 2532/1/2532 2594/1/2594 2632/1/2632
f 2654/1/2654 2560/1/2560 2550/1/2550
f 2550/1/2550 2632/1/2632 2654/1/2654
f 2656/1/2656 2570/1/2570 2560/1/2560
f 2560/1/2560 2654/1/2654 2656/1/2656
f 2091/1/2091 2053/1/2053 1849/1/1849
f 1849/1/1849 1847/1/1847 2091/1/2091
f 2309/1/2309 2264/1/2264 2053/1/2053
f 2053/1/2053 2091/1/2091 2309/1/2309
f 2404/1/2404 2367/1/2367 2264/1/2264
f 2264/1/2264 2309/1/2309 2404/1/2404
f 2485/1/2485 2433/1/2433 2367/1/2367
f 2367/1/2367 2404/1/2404 2485/1/2485
f 2548/1/2548 2511/1/2511 2433/1/2433
f 2433/1/2433 2485/1/2485 2548/1/2548
f 2608/1/2608 2552/1/2552 2511/1/2511
f 2511/1/2511 2548/1/2548 2608/1/2608
f 2661/1/2661 2594/1/2594 2552/1/2552
f 2552/1/2552 2608/1/2608 2661/1/2661
f 2698/1/2698 2632/1/2632 2594/1/2594
f 2594/1/2594 2661/1/2661 2698/1/2698
f 2719/1/2719 2654/1/2654 2632/1/2632
f 2632/1/2632 2698/1/2698 2719/1/2719
f 2725/1/2725 2656/1/2656 2654/1/2654
f 2654/1/2654 2719/1/2719 2725/1/2725
f 2119/1/2119 2091/1/2091 1847/1/1847
f 1847/1/1847 1833/1/1833 2119/1/2119
f 2331/1/2331 2309/1/2309 2091/1/2091
f 2091/1/2091 2119/1/2119 2331/1/2331
f 2423/1/2423 2404/1/2404 2309/1/2309
f 2309/1/2309 2331/1/2331 2423/1/2423
f 2526/1/2526 2485/1/2485 2404/1/2404
f 2404/1/2404 2423/1/2423 2526/1/2526
f 2590/1/2590 2548/1/2548 2485/1/2485
f 2485/1/2485 2526/1/2526 2590/1/2590
f 2658/1/2658 2608/1/2608 2548/1/2548
f 2548/1/2548 2590/1/2590 2658/1/2658
f 2714/1/2714 2661/1/2661 2608/1/2608
f 2608/1/2608 2658/1/2658 2714/1/2714
f 2760/1/2760 2698/1/2698 2661/1/2661
f 2661/1/2661 2714/1/2714 2760/1/2760
f 2788/1/2788 2719/1/2719 2698/1/2698
f 2698/1/2698 2760/1/2760 2788/1/2788
f 2796/1/2796 2725/1/2725 2719/1/2719
f 2719/1/2719 2788/1/2788 2796/1/2796
f 2129/1/2129 2119/1/2119 1833/1/1833
f 1833/1/1833 1827/1/1827 2129/1/2129
f 2341/1/2341 2331/1/2331 2119/1/2119
f 2119/1/2119 2129/1/2129 2341/1/2341
f 2440/1/2440 2423/1/2423 2331/1/2331
f 2331/1/2331 2341/1/2341 2440/1/2440
f 2535/1/2535 2526/1/2526 2423/1/2423
f 2423/1/2423 2440/1/2440 2535/1/2535
f 2623/1/2623 2590/1/2590 2526/1/2526
f 2526/1/2526 2535/1/2535 2623/1/2623
f 2689/1/2689 2658/1/2658 2590/1/2590
f 2590/1/2590 2623/1/2623 2689/1/2689
f 2749/1/2749 2714/1/2714 2658/1/2658
f 2658/1/2658 2689/1/2689 2749/1/2749
f 2797/1/2797 2760/1/2760 2714/1/2714
f 2714/1/2714 2749/1/2749 2797/1/2797
f 2833/1/2833 2788/1/2788 2760/1/2760
f 2760/1/2760 2797/1/2797 2833/1/2833
f 2843/1/2843 2796/1/2796 2788/1/2788
f 2788/1/2788 2833/1/2833 2843/1/2843
f 2137/1/2137 2129/1/2129 1827/1/1827
f 1827/1/1827 1815/1/1815 2137/1/2137
f 2345/1/2345 2341/1/2341 2129/1/2129
f 2129/1/2129 2137/1/2137 2345/1/2345
f 2447/1/2447 2440/1/2440 2341/1/2341
f 2341/1/2341 2345/1/2345 2447/1/2447
f 2544/1/2544 2535/1/2535 2440/1/2440
f 2440/1/2440 2447/1/2447 2544/1/2544
f 2638/1/2638 2623/1/2623 2535/1/2535
f 2535/1/2535 2544/1/2544 2638/1/2638
f 2704/1/2704 2689/1/2689 2623/1/2623
f 2623/1/2623 2638/1/2638 2704/1/2704
f 2766/1/2766 2749/1/2749 2689/1/2689
f 2689/1/2689 2704/1/2704 2766/1/2766
f 2822/1/2822 2797/1/2797 2749/1/2749
f 2749/1/2749 2766/1/2766 2822/1/2822
f 2848/1/2848 2833/1/2833 2797/1/2797
f 2797/1/2797 2822/1/2822 2848/1/2848
f 2858/1/2858 2843/1/2843 2833/1/2833
f 2833/1/2833 2848/1/2848 2858/1/2858
f 1735/1/1735 2334/1/2334 2329/1/2329
f 1735/1/1735 2329/1/2329 2321/1/2321
f 1735/1/1735 2321/1/2321 2305/1/2305
f 1735/1/1735 2305/1/2305 2274/1/2274
f 1735/1/1735 2274/1/2274 2231/1/2231
f 1735/1/1735 2231/1/2231 2167/1/2167
f 1735/1/1735 2167/1/2167 2089/1/2089
f 1735/1/1735 2089/1/2089 2014/1/2014
f 1735/1/1735 2014/1/2014 1962/1/1962
f 1735/1/1735 1962/1/1962 1733/1/1733
f 2515/1/2515 2329/1/2329 2334/1/2334
f 2334/1/2334 2524/1/2524 2515/1/2515
f 2495/1/2495 2321/1/2321 2329/1/2329
f 2329/1/2329 2515/1/2515 2495/1/2495
f 2456/1/2456 2305/1/2305 2321/1/2321
f 2321/1/2321 2495/1/2495 2456/1/2456
f 2429/1/2429 2274/1/2274 2305/1/2305
f 2305/1/2305 2456/1/2456 2429/1/2429
f 2399/1/2399 2231/1/2231 2274/1/2274
f 2274/1/2274 2429/1/2429 2399/1/2399
f 2347/1/2347 2167/1/2167 2231/1/2231
f 2231/1/2231 2399/1/2399 2347/1/2347
f 2292/1/2292 2089/1/2089 2167/1/2167
f 2167/1/2167 2347/1/2347 2292/1/2292
f 2148/1/2148 2014/1/2014 2089/1/2089
f 2089/1/2089 2292/1/2292 2148/1/2148
f 2004/1/2004 1962/1/1962 2014/1/2014
f 2014/1/2014 2148/1/2148 2004/1/2004
f 1739/1/1739 1733/1/1733 1962/1/1962
f 1962/1/1962 2004/1/2004 1739/1/1739
f 2647/1/2647 2515/1/2515 2524/1/2524
f 2524/1/2524 2649/1/2649 2647/1/2647
f 2621/1/2621 2495/1/2495 2515/1/2515
f 2515/1/2515 2647/1/2647 2621/1/2621
f 2584/1/2584 2456/1/2456 2495/1/2495
f 2495/1/2495 2621/1/2621 2584/1/2584
f 2541/1/2541 2429/1/2429 2456/1/2456
f 2456/1/2456 2584/1/2584 2541/1/2541
f 2502/1/2502 2399/1/2399 2429/1/2429
f 2429/1/2429 2541/1/2541 2502/1/2502
f 2426/1/2426 2347/1/2347 2399/1/2399
f 2399/1/2399 2502/1/2502 2426/1/2426
f 2352/1/2352 2292/1/2292 2347/1/2347
f 2347/1/2347 2426/1/2426 2352/1/2352
f 2255/1/2255 2148/1/2148 2292/1/2292
f 2292/1/2292 2352/1/2352 2255/1/2255
f 2046/1/2046 2004/1/2004 2148/1/2148
f 2148/1/2148 2255/1/2255 2046/1/2046
f 1702/1/1702 1739/1/1739 2004/1/2004
f 2004/1/2004 2046/1/2046 1702/1/1702
f 2746/1/2746 2647/1/2647 2649/1/2649
f 2649/1/2649 2757/1/2757 2746/1/2746
f 2721/1/2721 2621/1/2621 2647/1/2647
f 2647/1/2647 2746/1/2746 2721/1/2721
f 2681/1/2681 2584/1/2584 2621/1/2621
f 2621/1/2621 2721/1/2721 2681/1/2681
f 2639/1/2639 2541/1/2541 2584/1/2584
f 2584/1/2584 2681/1/2681 2639/1/2639
f 2557/1/2557 2502/1/2502 2541/1/2541
f 2541/1/2541 2639/1/2639 2557/1/2557
f 2505/1/2505 2426/1/2426 2502/1/2502
f 2502/1/2502 2557/1/2557 2505/1/2505
f 2415/1/2415 2352/1/2352 2426/1/2426
f 2426/1/2426 2505/1/2505 2415/1/2415
f 2318/1/2318 2255/1/2255 2352/1/2352
f 2352/1/2352 2415/1/2415 2318/1/2318
f 2098/1/2098 2046/1/2046 2255/1/2255
f 2255/1/2255 2318/1/2318 2098/1/2098
f 1745/1/1745 1702/1/1702 2046/1/2046
f 2046/1/2046 2098/1/2098 1745/1/1745
f 2840/1/2840 2746/1/2746 2757/1/2757
f 2757/1/2757 2849/1/2849 2840/1/2840
f 2808/1/2808 2721/1/2721 2746/1/2746
f 2746/1/2746 2840/1/2840 2808/1/2808
f 2756/1/2756 2681/1/2681 2721/1/2721
f 2721/1/2721 2808/1/2808 2756/1/2756
f 2696/1/2696 2639/1/2639 2681/1/2681
f 2681/1/2681 2756/1/2756 2696/1/2696
f 2626/1/2626 2557/1/2557 2639/1/2639
f 2639/1/2639 2696/1/2696 2626/1/2626
f 2538/1/2538 2505/1/2505 2557/1/2557
f 2557/1/2557 2626/1/2626 2538/1/2538
f 2443/1/2443 2415/1/2415 2505/1/2505
f 2505/1/2505 2538/1/2538 2443/1/2443
f 2342/1/2342 2318/1/2318 2415/1/2415
f 2415/1/2415 2443/1/2443 2342/1/2342
f 2131/1/2131 2098/1/2098 2318/1/2318
f 2318/1/2318 2342/1/2342 2131/1/2131
f 1904/1/1904 1745/1/1745 2098/1/2098
f 2098/1/2098 2131/1/2131 1904/1/1904
f 2906/1/2906 2840/1/2840 2849/1/2849
f 2849/1/2849 2925/1/2925 2906/1/2906
f 2867/1/2867 2808/1/2808 2840/1/2840
f 2840/1/2840 2906/1/2906 2867/1/2867
f 2818/1/2818 2756/1/2756 2808/1/2808
f 2808/1/2808 2867/1/2867 2818/1/2818
f 2736/1/2736 2696/1/2696 2756/1/2756
f 2756/1/2756 2818/1/2818 2736/1/2736
f 2667/1/2667 2626/1/2626 2696/1/2696
f 2696/1/2696 2736/1/2736 2667/1/2667
f 2565/1/2565 2538/1/2538 2626/1/2626
f 2626/1/2626 2667/1/2667 2565/1/2565
f 2475/1/2475 2443/1/2443 2538/1/2538
f 2538/1/2538 2565/1/2565 2475/1/2475
f 2356/1/2356 2342/1/2342 2443/1/2443
f 2443/1/2443 2475/1/2475 2356/1/2356
f 2156/1/2156 2131/1/2131 2342/1/2342
f 2342/1/2342 2356/1/2356 2156/1/2156
f 1704/1/1704 1904/1/1904 2131/1/2131
f 2131/1/2131 2156/1/2156 1704/1/1704
f 2976/1/2976 2906/1/2906 2925/1/2925
f 2925/1/2925 2987/1/2987 2976/1/2976
f 2914/1/2914 2867/1/2867 2906/1/2906
f 2906/1/2906 2976/1/2976 2914/1/2914
f 2852/1/2852 2818/1/2818 2867/1/2867
f 2867/1/2867 2914/1/2914 2852/1/2852
f 2772/1/2772 2736/1/2736 2818/1/2818
f 2818/1/2818 2852/1/2852 2772/1/2772
f 2688/1/2688 2667/1/2667 2736/1/2736
f 2736/1/2736 2772/1/2772 2688/1/2688
f 2592/1/2592 2565/1/2565 2667/1/2667
f 2667/1/2667 2688/1/2688 2592/1/2592
f 2497/1/2497 2475/1/2475 2565/1/2565
f 2565/1/2565 2592/1/2592 2497/1/2497
f 2372/1/2372 2356/1/2356 2475/1/2475
f 2475/1/2475 2497/1/2497 2372/1/2372
f 2176/1/2176 2156/1/2156 2356/1/2356
f 2356/1/2356 2372/1/2372 2176/1/2176
f 1752/1/1752 1704/1/1704 2156/1/2156
f 2156/1/2156 2176/1/2176 1752/1/1752
f 2993/1/2993 2976/1/2976 2987/1/2987
f 2987/1/2987 3011/1/3011 2993/1/2993
f 2952/1/2952 2914/1/2914 2976/1/2976
f 2976/1/2976 2993/1/2993 2952/1/2952
f 2874/1/2874 2852/1/2852 2914/1/2914
f 2914/1/2914 2952/1/2952 2874/1/2874
f 2794/1/2794 2772/1/2772 2852/1/2852
f 2852/1/2852 2874/1/2874 2794/1/2794
f 2702/1/2702 2688/1/2688 2772/1/2772
f 2772/1/2772 2794/1/2794 2702/1/2702
f 2604/1/2604 2592/1/2592 2688/1/2688
f 2688/1/2688 2702/1/2702 2604/1/2604
f 2509/1/2509 2497/1/2497 2592/1/2592
f 2592/1/2592 2604/1/2604 2509/1/2509
f 2380/1/2380 2372/1/2372 2497/1/2497
f 2497/1/2497 2509/1/2509 2380/1/2380
f 2182/1/2182 2176/1/2176 2372/1/2372
f 2372/1/2372 2380/1/2380 2182/1/2182
f 1723/1/1723 1752/1/1752 2176/1/2176
f 2176/1/2176 2182/1/2182 1723/1/1723
f 3000/1/3000 2993/1/2993 3011/1/3011
f 3011/1/3011 3020/1/3020 3000/1/3000
f 2967/1/2967 2952/1/2952 2993/1/2993
f 2993/1/2993 3000/1/3000 2967/1/2967
f 2879/1/2879 2874/1/2874 2952/1/2952
f 2952/1/2952 2967/1/2967 2879/1/2879
f 2799/1/2799 2794/1/2794 2874/1/2874
f 2874/1/2874 2879/1/2879 2799/1/2799
f 2707/1/2707 2702/1/2702 2794/1/2794
f 2794/1/2794 2799/1/2799 2707/1/2707
f 2605/1/2605 2604/1/2604 2702/1/2702
f 2702/1/2702 2707/1/2707 2605/1/2605
f 2512/1/2512 2509/1/2509 2604/1/2604
f 2604/1/2604 2605/1/2605 2512/1/2512
f 2382/1/2382 2380/1/2380 2509/1/2509
f 2509/1/2509 2512/1/2512 2382/1/2382
f 2188/1/2188 2182/1/2182 2380/1/2380
f 2380/1/2380 2382/1/2382 2188/1/2188
f 1699/1/1699 1723/1/1723 2182/1/2182
f 2182/1/2182 2188/1/2188 1699/1/1699
f 3006/1/3006 3000/1/3000 3020/1/3020
f 3020/1/3020 3022/1/3022 3006/1/3006
f 2972/1/2972 2967/1/2967 3000/1/3000
f 3000/1/3000 3006/1/3006 2972/1/2972
f 2888/1/2888 2879/1/2879 2967/1/2967
f 2967/1/2967 2972/1/2972 2888/1/2888
f 2804/1/2804 2799/1/2799 2879/1/2879
f 2879/1/2879 2888/1/2888 2804/1/2804
f 2710/1/2710 2707/1/2707 2799/1/2799
f 2799/1/2799 2804/1/2804 2710/1/2710
f 2613/1/2613 2605/1/2605 2707/1/2707
f 2707/1/2707 2710/1/2710 2613/1/2613
f 2520/1/2520 2512/1/2512 2605/1/2605
f 2605/1/2605 2613/1/2613 2520/1/2520
f 2388/1/2388 2382/1/2382 2512/1/2512
f 2512/1/2512 2520/1/2520 2388/1/2388
f 2192/1/2192 2188/1/2188 2382/1/2382
f 2382/1/2382 2388/1/2388 2192/1/2192
f 1760/1/1760 1699/1/1699 2188/1/2188
f 2188/1/2188 2192/1/2192 1760/1/1760
f 1735/1/1735 1737/1/1737 1660/1/1660
f 1735/1/1735 1660/1/1660 1608/1/1608
f 1735/1/1735 1608/1/1608 1535/1/1535
f 1735/1/1735 1535/1/1535 1457/1/1457
f 1735/1/1735 1457/1/1457 1393/1/1393
f 1735/1/1735 1393/1/1393 1350/1/1350
f 1735/1/1735 1350/1/1350 1319/1/1319
f 1735/1/1735 1319/1/1319 1303/1/1303
f 1735/1/1735 1303/1/1303 1295/1/1295
f 1735/1/1735 1295/1/1295 1288/1/1288
f 1618/1/1618 1660/1/1660 1737/1/1737
f 1737/1/1737 1739/1/1739 1618/1/1618
f 1474/1/1474 1608/1/1608 1660/1/1660
f 1660/1/1660 1618/1/1618 1474/1/1474
f 1332/1/1332 1535/1/1535 1608/1/1608
f 1608/1/1608 1474/1/1474 1332/1/1332
f 1277/1/1277 1457/1/1457 1535/1/1535
f 1535/1/1535 1332/1/1332 1277/1/1277
f 1225/1/1225 1393/1/1393 1457/1/1457
f 1457/1/1457 1277/1/1277 1225/1/1225
f 1195/1/1195 1350/1/1350 1393/1/1393
f 1393/1/1393 1225/1/1225 1195/1/1195
f 1166/1/1166 1319/1/1319 1350/1/1350
f 1350/1/1350 1195/1/1195 1166/1/1166
f 1129/1/1129 1303/1/1303 1319/1/1319
f 1319/1/1319 1166/1/1166 1129/1/1129
f 1109/1/1109 1295/1/1295 1303/1/1303
f 1303/1/1303 1129/1/1129 1109/1/1109
f 1099/1/1099 1288/1/1288 1295/1/1295
f 1295/1/1295 1109/1/1109 1099/1/1099
f 1576/1/1576 1618/1/1618 1739/1/1739
f 1739/1/1739 1741/1/1741 1576/1/1576
f 1367/1/1367 1474/1/1474 1618/1/1618
f 1618/1/1618 1576/1/1576 1367/1/1367
f 1270/1/1270 1332/1/1332 1474/1/1474
f 1474/1/1474 1367/1/1367 1270/1/1270
f 1196/1/1196 1277/1/1277 1332/1/1332
f 1332/1/1332 1270/1/1270 1196/1/1196
f 1120/1/1120 1225/1/1225 1277/1/1277
f 1277/1/1277 1196/1/1196 1120/1/1120
f 1081/1/1081 1195/1/1195 1225/1/1225
f 1225/1/1225 1120/1/1120 1081/1/1081
f 1040/1/1040 1166/1/1166 1195/1/1195
f 1195/1/1195 1081/1/1081 1040/1/1040
f 1001/1/1001 1129/1/1129 1166/1/1166
f 1166/1/1166 1040/1/1040 1001/1/1001
f 975/1/975 1109/1/1109 1129/1/1129
f 1129/1/1129 1001/1/1001 975/1/975
f 973/1/973 1099/1/1099 1109/1/1109
f 1109/1/1109 975/1/975 973/1/973
f 1524/1/1524 1576/1/1576 1741/1/1741
f 1741/1/1741 1744/1/1744 1524/1/1524
f 1304/1/1304 1367/1/1367 1576/1/1576
f 1576/1/1576 1524/1/1524 1304/1/1304
f 1209/1/1209 1270/1/1270 1367/1/1367
f 1367/1/1367 1304/1/1304 1209/1/1209
f 1119/1/1119 1196/1/1196 1270/1/1270
f 1270/1/1270 1209/1/1209 1119/1/1119
f 1065/1/1065 1120/1/1120 1196/1/1196
f 1196/1/1196 1119/1/1119 1065/1/1065
f 983/1/983 1081/1/1081 1120/1/1120
f 1120/1/1120 1065/1/1065 983/1/983
f 941/1/941 1040/1/1040 1081/1/1081
f 1081/1/1081 983/1/983 941/1/941
f 901/1/901 1001/1/1001 1040/1/1040
f 1040/1/1040 941/1/941 901/1/901
f 878/1/878 975/1/975 1001/1/1001
f 1001/1/1001 901/1/901 878/1/878
f 865/1/865 973/1/973 975/1/975
f 975/1/975 878/1/878 865/1/865
f 1493/1/1493 1524/1/1524 1744/1/1744
f 1744/1/1744 1747/1/1747 1493/1/1493
f 1280/1/1280 1304/1/1304 1524/1/1524
f 1524/1/1524 1493/1/1493 1280/1/1280
f 1181/1/1181 1209/1/1209 1304/1/1304
f 1304/1/1304 1280/1/1280 1181/1/1181
f 1086/1/1086 1119/1/1119 1209/1/1209
f 1209/1/1209 1181/1/1181 1086/1/1086
f 998/1/998 1065/1/1065 1119/1/1119
f 1119/1/1119 1086/1/1086 998/1/998
f 928/1/928 983/1/983 1065/1/1065
f 1065/1/1065 998/1/998 928/1/928
f 868/1/868 941/1/941 983/1/983
f 983/1/983 928/1/928 868/1/868
f 816/1/816 901/1/901 941/1/941
f 941/1/941 868/1/868 816/1/816
f 784/1/784 878/1/878 901/1/901
f 901/1/901 816/1/816 784/1/784
f 773/1/773 865/1/865 878/1/878
f 878/1/878 784/1/784 773/1/773
f 1466/1/1466 1493/1/1493 1747/1/1747
f 1747/1/1747 1749/1/1749 1466/1/1466
f 1266/1/1266 1280/1/1280 1493/1/1493
f 1493/1/1493 1466/1/1466 1266/1/1266
f 1149/1/1149 1181/1/1181 1280/1/1280
f 1280/1/1280 1266/1/1266 1149/1/1149
f 1057/1/1057 1086/1/1086 1181/1/1181
f 1181/1/1181 1149/1/1149 1057/1/1057
f 955/1/955 998/1/998 1086/1/1086
f 1086/1/1086 1057/1/1057 955/1/955
f 888/1/888 928/1/928 998/1/998
f 998/1/998 955/1/955 888/1/888
f 806/1/806 868/1/868 928/1/928
f 928/1/928 888/1/888 806/1/806
f 755/1/755 816/1/816 868/1/868
f 868/1/868 806/1/806 755/1/755
f 718/1/718 784/1/784 816/1/816
f 816/1/816 755/1/755 718/1/718
f 697/1/697 773/1/773 784/1/784
f 784/1/784 718/1/718 697/1/697
f 1446/1/1446 1466/1/1466 1749/1/1749
f 1749/1/1749 1753/1/1753 1446/1/1446
f 1250/1/1250 1266/1/1266 1466/1/1466
f 1466/1/1466 1446/1/1446 1250/1/1250
f 1127/1/1127 1149/1/1149 1266/1/1266
f 1266/1/1266 1250/1/1250 1127/1/1127
f 1032/1/1032 1057/1/1057 1149/1/1149
f 1149/1/1149 1127/1/1127 1032/1/1032
f 936/1/936 955/1/955 1057/1/1057
f 1057/1/1057 1032/1/1032 936/1/936
f 852/1/852 888/1/888 955/1/955
f 955/1/955 936/1/936 852/1/852
f 772/1/772 806/1/806 888/1/888
f 888/1/888 852/1/852 772/1/772
f 710/1/710 755/1/755 806/1/806
f 806/1/806 772/1/772 710/1/710
f 648/1/648 718/1/718 755/1/755
f 755/1/755 710/1/710 648/1/648
f 637/1/637 697/1/697 718/1/718
f 718/1/718 648/1/648 637/1/637
f 1440/1/1440 1446/1/1446 1753/1/1753
f 1753/1/1753 1755/1/1755 1440/1/1440
f 1242/1/1242 1250/1/1250 1446/1/1446
f 1446/1/1446 1440/1/1440 1242/1/1242
f 1115/1/1115 1127/1/1127 1250/1/1250
f 1250/1/1250 1242/1/1242 1115/1/1115
f 1020/1/1020 1032/1/1032 1127/1/1127
f 1127/1/1127 1115/1/1115 1020/1/1020
f 922/1/922 936/1/936 1032/1/1032
f 1032/1/1032 1020/1/1020 922/1/922
f 830/1/830 852/1/852 936/1/936
f 936/1/936 922/1/922 830/1/830
f 750/1/750 772/1/772 852/1/852
f 852/1/852 830/1/830 750/1/750
f 672/1/672 710/1/710 772/1/772
f 772/1/772 750/1/750 672/1/672
f 631/1/631 648/1/648 710/1/710
f 710/1/710 672/1/672 631/1/631
f 613/1/613 637/1/637 648/1/648
f 648/1/648 631/1/631 613/1/613
f 1434/1/1434 1440/1/1440 1755/1/1755
f 1755/1/1755 1757/1/1757 1434/1/1434
f 1240/1/1240 1242/1/1242 1440/1/1440
f 1440/1/1440 1434/1/1434 1240/1/1240
f 1110/1/1110 1115/1/1115 1242/1/1242
f 1242/1/1242 1240/1/1240 1110/1/1110
f 1017/1/1017 1020/1/1020 1115/1/1115
f 1115/1/1115 1110/1/1110 1017/1/1017
f 915/1/915 922/1/922 1020/1/1020
f 1020/1/1020 1017/1/1017 915/1/915
f 823/1/823 830/1/830 922/1/922
f 922/1/922 915/1/915 823/1/823
f 743/1/743 750/1/750 830/1/830
f 830/1/830 823/1/823 743/1/743
f 655/1/655 672/1/672 750/1/750
f 750/1/750 743/1/743 655/1/655
f 622/1/622 631/1/631 672/1/672
f 672/1/672 655/1/655 622/1/622
f 602/1/602 613/1/613 631/1/631
f 631/1/631 622/1/622 602/1/602
f 1428/1/1428 1434/1/1434 1757/1/1757
f 1757/1/1757 1760/1/1760 1428/1/1428
f 1232/1/1232 1240/1/1240 1434/1/1434
f 1434/1/1434 1428/1/1428 1232/1/1232
f 1105/1/1105 1110/1/1110 1240/1/1240
f 1240/1/1240 1232/1/1232 1105/1/1105
f 1010/1/1010 1017/1/1017 1110/1/1110
f 1110/1/1110 1105/1/1105 1010/1/1010
f 913/1/913 915/1/915 1017/1/1017
f 1017/1/1017 1010/1/1010 913/1/913
f 821/1/821 823/1/823 915/1/915
f 915/1/915 913/1/913 821/1/821
f 736/1/736 743/1/743 823/1/823
f 823/1/823 821/1/821 736/1/736
f 652/1/652 655/1/655 743/1/743
f 743/1/743 736/1/736 652/1/652
f 619/1/619 622/1/622 655/1/655
f 655/1/655 652/1/652 619/1/619
f 601/1/601 602/1/602 622/1/622
f 622/1/622 619/1/619 601/1/601
f 1735/1/1735 1289/1/1289 1294/1/1294
f 1735/1/1735 1294/1/1294 1302/1/1302
f 1735/1/1735 1302/1/1302 1318/1/1318
f 1735/1/1735 1318/1/1318 1349/1/1349
f 1735/1/1735 1349/1/1349 1392/1/1392
f 1735/1/1735 1392/1/1392 1456/1/1456
f 1735/1/1735 1456/1/1456 1534/1/1534
f 1735/1/1735 1534/1/1534 1609/1/1609
f 1735/1/1735 1609/1/1609 1661/1/1661
f 1735/1/1735 1661/1/1661 1889/1/1889
f 1108/1/1108 1294/1/1294 1289/1/1289
f 1289/1/1289 1099/1/1099 1108/1/1108
f 1128/1/1128 1302/1/1302 1294/1/1294
f 1294/1/1294 1108/1/1108 1128/1/1128
f 1167/1/1167 1318/1/1318 1302/1/1302
f 1302/1/1302 1128/1/1128 1167/1/1167
f 1194/1/1194 1349/1/1349 1318/1/1318
f 1318/1/1318 1167/1/1167 1194/1/1194
f 1224/1/1224 1392/1/1392 1349/1/1349
f 1349/1/1349 1194/1/1194 1224/1/1224
f 1276/1/1276 1456/1/1456 1392/1/1392
f 1392/1/1392 1224/1/1224 1276/1/1276
f 1331/1/1331 1534/1/1534 1456/1/1456
f 1456/1/1456 1276/1/1276 1331/1/1331
f 1475/1/1475 1609/1/1609 1534/1/1534
f 1534/1/1534 1331/1/1331 1475/1/1475
f 1619/1/1619 1661/1/1661 1609/1/1609
f 1609/1/1609 1475/1/1475 1619/1/1619
f 1738/1/1738 1889/1/1889 1661/1/1661
f 1661/1/1661 1619/1/1619 1738/1/1738
f 976/1/976 1108/1/1108 1099/1/1099
f 1099/1/1099 974/1/974 976/1/976
f 1002/1/1002 1128/1/1128 1108/1/1108
f 1108/1/1108 976/1/976 1002/1/1002
f 1039/1/1039 1167/1/1167 1128/1/1128
f 1128/1/1128 1002/1/1002 1039/1/1039
f 1082/1/1082 1194/1/1194 1167/1/1167
f 1167/1/1167 1039/1/1039 1082/1/1082
f 1121/1/1121 1224/1/1224 1194/1/1194
f 1194/1/1194 1082/1/1082 1121/1/1121
f 1197/1/1197 1276/1/1276 1224/1/1224
f 1224/1/1224 1121/1/1121 1197/1/1197
f 1271/1/1271 1331/1/1331 1276/1/1276
f 1276/1/1276 1197/1/1197 1271/1/1271
f 1368/1/1368 1475/1/1475 1331/1/1331
f 1331/1/1331 1271/1/1271 1368/1/1368
f 1577/1/1577 1619/1/1619 1475/1/1475
f 1475/1/1475 1368/1/1368 1577/1/1577
f 1903/1/1903 1738/1/1738 1619/1/1619
f 1619/1/1619 1577/1/1577 1903/1/1903
f 877/1/877 976/1/976 974/1/974
f 974/1/974 866/1/866 877/1/877
f 902/1/902 1002/1/1002 976/1/976
f 976/1/976 877/1/877 902/1/902
f 942/1/942 1039/1/1039 1002/1/1002
f 1002/1/1002 902/1/902 942/1/942
f 984/1/984 1082/1/1082 1039/1/1039
f 1039/1/1039 942/1/942 984/1/984
f 1066/1/1066 1121/1/1121 1082/1/1082
f 1082/1/1082 984/1/984 1066/1/1066
f 1118/1/1118 1197/1/1197 1121/1/1121
f 1121/1/1121 1066/1/1066 1118/1/1118
f 1208/1/1208 1271/1/1271 1197/1/1197
f 1197/1/1197 1118/1/1118 1208/1/1208
f 1305/1/1305 1368/1/1368 1271/1/1271
f 1271/1/1271 1208/1/1208 1305/1/1305
f 1525/1/1525 1577/1/1577 1368/1/1368
f 1368/1/1368 1305/1/1305 1525/1/1525
f 1742/1/1742 1903/1/1903 1577/1/1577
f 1577/1/1577 1525/1/1525 1742/1/1742
f 783/1/783 877/1/877 866/1/866
f 866/1/866 774/1/774 783/1/783
f 815/1/815 902/1/902 877/1/877
f 877/1/877 783/1/783 815/1/815
f 867/1/867 942/1/942 902/1/902
f 902/1/902 815/1/815 867/1/867
f 927/1/927 984/1/984 942/1/942
f 942/1/942 867/1/867 927/1/927
f 997/1/997 1066/1/1066 984/1/984
f 984/1/984 927/1/927 997/1/997
f 1085/1/1085 1118/1/1118 1066/1/1066
f 1066/1/1066 997/1/997 1085/1/1085
f 1180/1/1180 1208/1/1208 1118/1/1118
f 1118/1/1118 1085/1/1085 1180/1/1180
f 1281/1/1281 1305/1/1305 1208/1/1208
f 1208/1/1208 1180/1/1180 1281/1/1281
f 1492/1/1492 1525/1/1525 1305/1/1305
f 1305/1/1305 1281/1/1281 1492/1/1492
f 1703/1/1703 1742/1/1742 1525/1/1525
f 1525/1/1525 1492/1/1492 1703/1/1703
f 717/1/717 783/1/783 774/1/774
f 774/1/774 698/1/698 717/1/717
f 756/1/756 815/1/815 783/1/783
f 783/1/783 717/1/717 756/1/756
f 805/1/805 867/1/867 815/1/815
f 815/1/815 756/1/756 805/1/805
f 887/1/887 927/1/927 867/1/867
f 867/1/867 805/1/805 887/1/887
f 956/1/956 997/1/997 927/1/927
f 927/1/927 887/1/887 956/1/956
f 1058/1/1058 1085/1/1085 997/1/997
f 997/1/997 956/1/956 1058/1/1058
f 1148/1/1148 1180/1/1180 1085/1/1085
f 1085/1/1085 1058/1/1058 1148/1/1148
f 1267/1/1267 1281/1/1281 1180/1/1180
f 1180/1/1180 1148/1/1148 1267/1/1267
f 1467/1/1467 1492/1/1492 1281/1/1281
f 1281/1/1281 1267/1/1267 1467/1/1467
f 1905/1/1905 1703/1/1703 1492/1/1492
f 1492/1/1492 1467/1/1467 1905/1/1905
f 647/1/647 717/1/717 698/1/698
f 698/1/698 636/1/636 647/1/647
f 709/1/709 756/1/756 717/1/717
f 717/1/717 647/1/647 709/1/709
f 771/1/771 805/1/805 756/1/756
f 756/1/756 709/1/709 771/1/771
f 851/1/851 887/1/887 805/1/805
f 805/1/805 771/1/771 851/1/851
f 935/1/935 956/1/956 887/1/887
f 887/1/887 851/1/851 935/1/935
f 1031/1/1031 1058/1/1058 956/1/956
f 956/1/956 935/1/935 1031/1/1031
f 1126/1/1126 1148/1/1148 1058/1/1058
f 1058/1/1058 1031/1/1031 1126/1/1126
f 1251/1/1251 1267/1/1267 1148/1/1148
f 1148/1/1148 1126/1/1126 1251/1/1251
f 1447/1/1447 1467/1/1467 1267/1/1267
f 1267/1/1267 1251/1/1251 1447/1/1447
f 1751/1/1751 1905/1/1905 1467/1/1467
f 1467/1/1467 1447/1/1447 1751/1/1751
f 630/1/630 647/1/647 636/1/636
f 636/1/636 612/1/612 630/1/630
f 671/1/671 709/1/709 647/1/647
f 647/1/647 630/1/630 671/1/671
f 749/1/749 771/1/771 709/1/709
f 709/1/709 671/1/671 749/1/749
f 829/1/829 851/1/851 771/1/771
f 771/1/771 749/1/749 829/1/829
f 921/1/921 935/1/935 851/1/851
f 851/1/851 829/1/829 921/1/921
f 1019/1/1019 1031/1/1031 935/1/935
f 935/1/935 921/1/921 1019/1/1019
f 1114/1/1114 1126/1/1126 1031/1/1031
f 1031/1/1031 1019/1/1019 1114/1/1114
f 1243/1/1243 1251/1/1251 1126/1/1126
f 1126/1/1126 1114/1/1114 1243/1/1243
f 1441/1/1441 1447/1/1447 1251/1/1251
f 1251/1/1251 1243/1/1243 1441/1/1441
f 1896/1/1896 1751/1/1751 1447/1/1447
f 1447/1/1447 1441/1/1441 1896/1/1896
f 623/1/623 630/1/630 612/1/612
f 612/1/612 603/1/603 623/1/623
f 656/1/656 671/1/671 630/1/630
f 630/1/630 623/1/623 656/1/656
f 744/1/744 749/1/749 671/1/671
f 671/1/671 656/1/656 744/1/744
f 824/1/824 829/1/829 749/1/749
f 749/1/749 744/1/744 824/1/824
f 916/1/916 921/1/921 829/1/829
f 829/1/829 824/1/824 916/1/916
f 1018/1/1018 1019/1/1019 921/1/921
f 921/1/921 916/1/916 1018/1/1018
f 1111/1/1111 1114/1/1114 1019/1/1019
f 1019/1/1019 1018/1/1018 1111/1/1111
f 1241/1/1241 1243/1/1243 1114/1/1114
f 1114/1/1114 1111/1/1111 1241/1/1241
f 1435/1/1435 1441/1/1441 1243/1/1243
f 1243/1/1243 1241/1/1241 1435/1/1435
f 1923/1/1923 1896/1/1896 1441/1/1441
f 1441/1/1441 1435/1/1435 1923/1/1923
f 617/1/617 623/1/623 603/1/603
f 603/1/603 601/1/601 617/1/617
f 650/1/650 656/1/656 623/1/623
f 623/1/623 617/1/617 650/1/650
f 734/1/734 744/1/744 656/1/656
f 656/1/656 650/1/650 734/1/734
f 818/1/818 824/1/824 744/1/744
f 744/1/744 734/1/734 818/1/818
f 912/1/912 916/1/916 824/1/824
f 824/1/824 818/1/818 912/1/912
f 1009/1/1009 1018/1/1018 916/1/916
f 916/1/916 912/1/912 1009/1/1009
f 1102/1/1102 1111/1/1111 1018/1/1018
f 1018/1/1018 1009/1/1009 1102/1/1102
f 1235/1/1235 1241/1/1241 1111/1/1111
f 1111/1/1111 1102/1/1102 1235/1/1235
f 1431/1/1431 1435/1/1435 1241/1/1241
f 1241/1/1241 1235/1/1235 1431/1/1431
f 1759/1/1759 1923/1/1923 1435/1/1435
f 1435/1/1435 1431/1/1431 1759/1/1759
f 1735/1/1735 1736/1/1736 1963/1/1963
f 1735/1/1735 1963/1/1963 2015/1/2015
f 1735/1/1735 2015/1/2015 2088/1/2088
f 1735/1/1735 2088/1/2088 2166/1/2166
f 1735/1/1735 2166/1/2166 2230/1/2230
f 1735/1/1735 2230/1/2230 2273/1/2273
f 1735/1/1735 2273/1/2273 2304/1/2304
f 1735/1/1735 2304/1/2304 2320/1/2320
f 1735/1/1735 2320/1/2320 2328/1/2328
f 1735/1/1735 2328/1/2328 2335/1/2335
f 2005/1/2005 1963/1/1963 1736/1/1736
f 1736/1/1736 1738/1/1738 2005/1/2005
f 2149/1/2149 2015/1/2015 1963/1/1963
f 1963/1/1963 2005/1/2005 2149/1/2149
f 2291/1/2291 2088/1/2088 2015/1/2015
f 2015/1/2015 2149/1/2149 2291/1/2291
f 2346/1/2346 2166/1/2166 2088/1/2088
f 2088/1/2088 2291/1/2291 2346/1/2346
f 2398/1/2398 2230/1/2230 2166/1/2166
f 2166/1/2166 2346/1/2346 2398/1/2398
f 2428/1/2428 2273/1/2273 2230/1/2230
f 2230/1/2230 2398/1/2398 2428/1/2428
f 2457/1/2457 2304/1/2304 2273/1/2273
f 2273/1/2273 2428/1/2428 2457/1/2457
f 2494/1/2494 2320/1/2320 2304/1/2304
f 2304/1/2304 2457/1/2457 2494/1/2494
f 2514/1/2514 2328/1/2328 2320/1/2320
f 2320/1/2320 2494/1/2494 2514/1/2514
f 2524/1/2524 2335/1/2335 2328/1/2328
f 2328/1/2328 2514/1/2514 2524/1/2524
f 2047/1/2047 2005/1/2005 1738/1/1738
f 1738/1/1738 1740/1/1740 2047/1/2047
f 2256/1/2256 2149/1/2149 2005/1/2005
f 2005/1/2005 2047/1/2047 2256/1/2256
f 2353/1/2353 2291/1/2291 2149/1/2149
f 2149/1/2149 2256/1/2256 2353/1/2353
f 2427/1/2427 2346/1/2346 2291/1/2291
f 2291/1/2291 2353/1/2353 2427/1/2427
f 2503/1/2503 2398/1/2398 2346/1/2346
f 2346/1/2346 2427/1/2427 2503/1/2503
f 2542/1/2542 2428/1/2428 2398/1/2398
f 2398/1/2398 2503/1/2503 2542/1/2542
f 2583/1/2583 2457/1/2457 2428/1/2428
f 2428/1/2428 2542/1/2542 2583/1/2583
f 2622/1/2622 2494/1/2494 2457/1/2457
f 2457/1/2457 2583/1/2583 2622/1/2622
f 2648/1/2648 2514/1/2514 2494/1/2494
f 2494/1/2494 2622/1/2622 2648/1/2648
f 2650/1/2650 2524/1/2524 2514/1/2514
f 2514/1/2514 2648/1/2648 2650/1/2650
f 2099/1/2099 2047/1/2047 1740/1/1740
f 1740/1/1740 1743/1/1743 2099/1/2099
f 2319/1/2319 2256/1/2256 2047/1/2047
f 2047/1/2047 2099/1/2099 2319/1/2319
f 2414/1/2414 2353/1/2353 2256/1/2256
f 2256/1/2256 2319/1/2319 2414/1/2414
f 2504/1/2504 2427/1/2427 2353/1/2353
f 2353/1/2353 2414/1/2414 2504/1/2504
f 2558/1/2558 2503/1/2503 2427/1/2427
f 2427/1/2427 2504/1/2504 2558/1/2558
f 2640/1/2640 2542/1/2542 2503/1/2503
f 2503/1/2503 2558/1/2558 2640/1/2640
f 2682/1/2682 2583/1/2583 2542/1/2542
f 2542/1/2542 2640/1/2640 2682/1/2682
f 2722/1/2722 2622/1/2622 2583/1/2583
f 2583/1/2583 2682/1/2682 2722/1/2722
f 2745/1/2745 2648/1/2648 2622/1/2622
f 2622/1/2622 2722/1/2722 2745/1/2745
f 2758/1/2758 2650/1/2650 2648/1/2648
f 2648/1/2648 2745/1/2745 2758/1/2758
f 2130/1/2130 2099/1/2099 1743/1/1743
f 1743/1/1743 1746/1/1746 2130/1/2130
f 2343/1/2343 2319/1/2319 2099/1/2099
f 2099/1/2099 2130/1/2130 2343/1/2343
f 2442/1/2442 2414/1/2414 2319/1/2319
f 2319/1/2319 2343/1/2343 2442/1/2442
f 2537/1/2537 2504/1/2504 2414/1/2414
f 2414/1/2414 2442/1/2442 2537/1/2537
f 2625/1/2625 2558/1/2558 2504/1/2504
f 2504/1/2504 2537/1/2537 2625/1/2625
f 2695/1/2695 2640/1/2640 2558/1/2558
f 2558/1/2558 2625/1/2625 2695/1/2695
f 2755/1/2755 2682/1/2682 2640/1/2640
f 2640/1/2640 2695/1/2695 2755/1/2755
f 2807/1/2807 2722/1/2722 2682/1/2682
f 2682/1/2682 2755/1/2755 2807/1/2807
f 2839/1/2839 2745/1/2745 2722/1/2722
f 2722/1/2722 2807/1/2807 2839/1/2839
f 2850/1/2850 2758/1/2758 2745/1/2745
f 2745/1/2745 2839/1/2839 2850/1/2850
f 2157/1/2157 2130/1/2130 1746/1/1746
f 1746/1/1746 1748/1/1748 2157/1/2157
f 2357/1/2357 2343/1/2343 2130/1/2130
f 2130/1/2130 2157/1/2157 2357/1/2357
f 2474/1/2474 2442/1/2442 2343/1/2343
f 2343/1/2343 2357/1/2357 2474/1/2474
f 2566/1/2566 2537/1/2537 2442/1/2442
f 2442/1/2442 2474/1/2474 2566/1/2566
f 2668/1/2668 2625/1/2625 2537/1/2537
f 2537/1/2537 2566/1/2566 2668/1/2668
f 2735/1/2735 2695/1/2695 2625/1/2625
f 2625/1/2625 2668/1/2668 2735/1/2735
f 2817/1/2817 2755/1/2755 2695/1/2695
f 2695/1/2695 2735/1/2735 2817/1/2817
f 2868/1/2868 2807/1/2807 2755/1/2755
f 2755/1/2755 2817/1/2817 2868/1/2868
f 2905/1/2905 2839/1/2839 2807/1/2807
f 2807/1/2807 2868/1/2868 2905/1/2905
f 2926/1/2926 2850/1/2850 2839/1/2839
f 2839/1/2839 2905/1/2905 2926/1/2926
f 2177/1/2177 2157/1/2157 1748/1/1748
f 1748/1/1748 1750/1/1750 2177/1/2177
f 2373/1/2373 2357/1/2357 2157/1/2157
f 2157/1/2157 2177/1/2177 2373/1/2373
f 2496/1/2496 2474/1/2474 2357/1/2357
f 2357/1/2357 2373/1/2373 2496/1/2496
f 2591/1/2591 2566/1/2566 2474/1/2474
f 2474/1/2474 2496/1/2496 2591/1/2591
f 2687/1/2687 2668/1/2668 2566/1/2566
f 2566/1/2566 2591/1/2591 2687/1/2687
f 2771/1/2771 2735/1/2735 2668/1/2668
f 2668/1/2668 2687/1/2687 2771/1/2771
f 2851/1/2851 2817/1/2817 2735/1/2735
f 2735/1/2735 2771/1/2771 2851/1/2851
f 2913/1/2913 2868/1/2868 2817/1/2817
f 2817/1/2817 2851/1/2851 2913/1/2913
f 2975/1/2975 2905/1/2905 2868/1/2868
f 2868/1/2868 2913/1/2913 2975/1/2975
f 2986/1/2986 2926/1/2926 2905/1/2905
f 2905/1/2905 2975/1/2975 2986/1/2986
f 2183/1/2183 2177/1/2177 1750/1/1750
f 1750/1/1750 1754/1/1754 2183/1/2183
f 2381/1/2381 2373/1/2373 2177/1/2177
f 2177/1/2177 2183/1/2183 2381/1/2381
f 2508/1/2508 2496/1/2496 2373/1/2373
f 2373/1/2373 2381/1/2381 2508/1/2508
f 2603/1/2603 2591/1/2591 2496/1/2496
f 2496/1/2496 2508/1/2508 2603/1/2603
f 2701/1/2701 2687/1/2687 2591/1/2591
f 2591/1/2591 2603/1/2603 2701/1/2701
f 2793/1/2793 2771/1/2771 2687/1/2687
f 2687/1/2687 2701/1/2701 2793/1/2793
f 2873/1/2873 2851/1/2851 2771/1/2771
f 2771/1/2771 2793/1/2793 2873/1/2873
f 2951/1/2951 2913/1/2913 2851/1/2851
f 2851/1/2851 2873/1/2873 2951/1/2951
f 2992/1/2992 2975/1/2975 2913/1/2913
f 2913/1/2913 2951/1/2951 2992/1/2992
f 3010/1/3010 2986/1/2986 2975/1/2975
f 2975/1/2975 2992/1/2992 3010/1/3010
f 2189/1/2189 2183/1/2183 1754/1/1754
f 1754/1/1754 1756/1/1756 2189/1/2189
f 2383/1/2383 2381/1/2381 2183/1/2183
f 2183/1/2183 2189/1/2189 2383/1/2383
f 2513/1/2513 2508/1/2508 2381/1/2381
f 2381/1/2381 2383/1/2383 2513/1/2513
f 2606/1/2606 2603/1/2603 2508/1/2508
f 2508/1/2508 2513/1/2513 2606/1/2606
f 2708/1/2708 2701/1/2701 2603/1/2603
f 2603/1/2603 2606/1/2606 2708/1/2708
f 2800/1/2800 2793/1/2793 2701/1/2701
f 2701/1/2701 2708/1/2708 2800/1/2800
f 2880/1/2880 2873/1/2873 2793/1/2793
f 2793/1/2793 2800/1/2800 2880/1/2880
f 2968/1/2968 2951/1/2951 2873/1/2873
f 2873/1/2873 2880/1/2880 2968/1/2968
f 3001/1/3001 2992/1/2992 2951/1/2951
f 2951/1/2951 2968/1/2968 3001/1/3001
f 3021/1/3021 3010/1/3010 2992/1/2992
f 2992/1/2992 3001/1/3001 3021/1/3021
f 2195/1/2195 2189/1/2189 1756/1/1756
f 1756/1/1756 1759/1/1759 2195/1/2195
f 2390/1/2390 2383/1/2383 2189/1/2189
f 2189/1/2189 2195/1/2195 2390/1/2390
f 2517/1/2517 2513/1/2513 2383/1/2383
f 2383/1/2383 2390/1/2390 2517/1/2517
f 2612/1/2612 2606/1/2606 2513/1/2513
f 2513/1/2513 2517/1/2517 2612/1/2612
f 2709/1/2709 2708/1/2708 2606/1/2606
f 2606/1/2606 2612/1/2612 2709/1/2709
f 2801/1/2801 2800/1/2800 2708/1/2708
f 2708/1/2708 2709/1/2709 2801/1/2801
f 2886/1/2886 2880/1/2880 2800/1/2800
f 2800/1/2800 2801/1/2801 2886/1/2886
f 2970/1/2970 2968/1/2968 2880/1/2880
f 2880/1/2880 2886/1/2886 2970/1/2970
f 3004/1/3004 3001/1/3001 2968/1/2968
f 2968/1/2968 2970/1/2970 3004/1/3004
f 3022/1/3022 3021/1/3021 3001/1/3001
f 3001/1/3001 3004/1/3004 3022/1/3022
